path,relative_path,filename,label,label_idx,sha256,phash,group,split
data/raw/benign/100.jpg,benign\100.jpg,100.jpg,benign,0,2f906e4d5823b1bac6951cd70990fb0d81134facb8dca2002445540a6f82a6c2,1000000010001110100011101000111010011110100011100100101101100011,sha:2f906e4d5823b1bac6951cd70990fb0d81134facb8dca2002445540a6f82a6c2,train
data/raw/benign/1000.jpg,benign\1000.jpg,1000.jpg,benign,0,9509be1247b0985bfa4c437d32a1304ae654c6745e70a7834f5bdce1ccfe7ee3,1111010011110110110001111000011110000111100011111000011010110010,sha:9509be1247b0985bfa4c437d32a1304ae654c6745e70a7834f5bdce1ccfe7ee3,train
data/raw/benign/1001.jpg,benign\1001.jpg,1001.jpg,benign,0,9a30b0b0d78eae3c1d862a1bdf622469e12120a9af7b0b461822a7995cea22b9,0100110010001110100001110000011100010111000001111000111010001110,sha:9a30b0b0d78eae3c1d862a1bdf622469e12120a9af7b0b461822a7995cea22b9,train
data/raw/benign/1002.jpg,benign\1002.jpg,1002.jpg,benign,0,61dbce6f6d5fc7091b8fa61d2f54492123b9a59301c295bd9d065822aa08a4a4,1111000011110000110001001100011011101100111000001110000011110000,sha:61dbce6f6d5fc7091b8fa61d2f54492123b9a59301c295bd9d065822aa08a4a4,train
data/raw/benign/1004.jpg,benign\1004.jpg,1004.jpg,benign,0,0f69b1e138a619df8158b995832dc07b91ea8ad7ceff78278aefcc85aca2d161,0111011011111110101111100011111000101111000011110001111110011111,sha:0f69b1e138a619df8158b995832dc07b91ea8ad7ceff78278aefcc85aca2d161,train
data/raw/benign/1005.jpg,benign\1005.jpg,1005.jpg,benign,0,4952f38260fe8dcf56cf9bb2887cfafc2f7962147257ae9eaa1eb9d9a28cebe1,1111000011110000111100001100100011001000111010001111000011110000,sha:572abf023abf2f1e661bcbc7e1dd7ef3f0c1de0e028da3b6d6e3ba010d4ee898,train
data/raw/benign/1008.jpg,benign\1008.jpg,1008.jpg,benign,0,00855c27ab1879203599f6e041be217ae0568caab89b042a490cbaeba5d2623b,1000110010001110100011100000111000001110100011101100111011001000,sha:00855c27ab1879203599f6e041be217ae0568caab89b042a490cbaeba5d2623b,train
data/raw/benign/1009.jpg,benign\1009.jpg,1009.jpg,benign,0,ff88146bf7ff65311b8027924380cbfa7ba0d8c4e753d95f654a58f5a16a0f4b,0111100011111000100110001001110010011100100111001100100011101000,sha:ff88146bf7ff65311b8027924380cbfa7ba0d8c4e753d95f654a58f5a16a0f4b,train
data/raw/benign/1010.jpg,benign\1010.jpg,1010.jpg,benign,0,260ebaec3cc65bf10c4b92ed3fa1b5afb89a9f492b4e9cd54dd233ce1d783a12,1100111010001110100001101000011110001111110011111100000111000001,sha:260ebaec3cc65bf10c4b92ed3fa1b5afb89a9f492b4e9cd54dd233ce1d783a12,train
data/raw/benign/1011.jpg,benign\1011.jpg,1011.jpg,benign,0,0640263e2159d5e5ccf89fd2d0dd831f3b33d2d3d3f3959fc9226897aaba027e,1110000011001110000011100000111000011110000111101101110011110100,sha:0640263e2159d5e5ccf89fd2d0dd831f3b33d2d3d3f3959fc9226897aaba027e,train
data/raw/benign/1014.jpg,benign\1014.jpg,1014.jpg,benign,0,7f93d46627803917dae2f17123d6a29077d6a6f2452e6e493ff4a9f968b8a3e0,1110110011110101101111111001111010001111100011110000111110010111,sha:7f93d46627803917dae2f17123d6a29077d6a6f2452e6e493ff4a9f968b8a3e0,train
data/raw/benign/1015.jpg,benign\1015.jpg,1015.jpg,benign,0,2c927a7b8cef62028b5b2a311f136fab2e5d51e551b13c6707df035c2de9e66d,1100101011001000100110001000111000011110000111100001111011011100,sha:2c927a7b8cef62028b5b2a311f136fab2e5d51e551b13c6707df035c2de9e66d,train
data/raw/benign/1016.jpg,benign\1016.jpg,1016.jpg,benign,0,6875b5c471de25a71e9d9cb3a1f21af39cfb956a22c1e19c002043fe42ce5c7b,1110010011000111100001110000011100001111100001111000001111000011,sha:6875b5c471de25a71e9d9cb3a1f21af39cfb956a22c1e19c002043fe42ce5c7b,train
data/raw/benign/102.jpg,benign\102.jpg,102.jpg,benign,0,0c418f5b0997a501ebfa71bfa5d21683305ca08716965147bb15b8a6e5e543c8,1110110011100110000011100000111000011110000111101001110011101100,sha:0c418f5b0997a501ebfa71bfa5d21683305ca08716965147bb15b8a6e5e543c8,train
data/raw/benign/1021.jpg,benign\1021.jpg,1021.jpg,benign,0,a4ce425b7bb6c1f5ad866713fbc8088c22f71b83504fe437239cd1157ac2a841,0001111000001111000011100000111100011111000001111000111110011110,sha:a4ce425b7bb6c1f5ad866713fbc8088c22f71b83504fe437239cd1157ac2a841,train
data/raw/benign/1022.jpg,benign\1022.jpg,1022.jpg,benign,0,65dd9665facdd87daec75a298182704fcfc6d8b807684f2a402fed279da9bd17,1111111001001100010011101000011010000111110001110100011100010111,sha:65dd9665facdd87daec75a298182704fcfc6d8b807684f2a402fed279da9bd17,train
data/raw/benign/1024.jpg,benign\1024.jpg,1024.jpg,benign,0,caf7bf03a2d8707079a25f09c44771d6dfc4ea6eaaefefef2860bbee5baa49a7,1111100010011000100111001001110010001110110011001111110011101100,sha:caf7bf03a2d8707079a25f09c44771d6dfc4ea6eaaefefef2860bbee5baa49a7,train
data/raw/benign/1026.jpg,benign\1026.jpg,1026.jpg,benign,0,6f53bb33a28dfa2a7c5fc503952f394a2f4e19e36f1bb3897320eb149749ce2f,1111011011000110100001100000111001001111111001111110011011100110,sha:6f53bb33a28dfa2a7c5fc503952f394a2f4e19e36f1bb3897320eb149749ce2f,train
data/raw/benign/1027.jpg,benign\1027.jpg,1027.jpg,benign,0,e9d8126a516a8cef2c4c0066b068ece5bb9d8a9efb9f29785709f67baadd23a3,0011000100011001000111110000011100011111110011101110100011111000,sha:e9d8126a516a8cef2c4c0066b068ece5bb9d8a9efb9f29785709f67baadd23a3,train
data/raw/benign/1028.jpg,benign\1028.jpg,1028.jpg,benign,0,608bde3bada14a17925ff8934a5e7ac5079f6d5acaccf8db8a31fd340621ecec,0000010000000110000111110001001100011111000011111000011111100000,sha:608bde3bada14a17925ff8934a5e7ac5079f6d5acaccf8db8a31fd340621ecec,train
data/raw/benign/1031.jpg,benign\1031.jpg,1031.jpg,benign,0,8ff3801a13394f2f1d858ec2a8e2518ee0be9aac16264711b12932235e872abb,1111001010000111100001111000011100001111000111100001111010011100,sha:8ff3801a13394f2f1d858ec2a8e2518ee0be9aac16264711b12932235e872abb,train
data/raw/benign/1032.jpg,benign\1032.jpg,1032.jpg,benign,0,40191c352457b2017ca998337e4668ca89d53aa33f54e1f87f52374016f06391,1110000110010001000011000000111010001110110011101100111011101010,sha:40191c352457b2017ca998337e4668ca89d53aa33f54e1f87f52374016f06391,train
data/raw/benign/1035.jpg,benign\1035.jpg,1035.jpg,benign,0,e25aa3637632ff9ed22b201ba7f2245a299d6916a3d802b87e2df6a44600a98a,1101100011001100101011100011111000101110001001101100011011100110,sha:e25aa3637632ff9ed22b201ba7f2245a299d6916a3d802b87e2df6a44600a98a,train
data/raw/benign/1038.jpg,benign\1038.jpg,1038.jpg,benign,0,e128df76bba510dde566e2548f9dd40a978f466b767c01af8151e69f1b1bf713,0110000111001010100011001000110010001100100011001100011011000000,sha:e128df76bba510dde566e2548f9dd40a978f466b767c01af8151e69f1b1bf713,train
data/raw/benign/1039.jpg,benign\1039.jpg,1039.jpg,benign,0,b33e9be683579b56d7629b54308bf775ed17c6011175fced6a934de0cf413363,0011000000111000000011001000110011001101110010001100100111001100,sha:b33e9be683579b56d7629b54308bf775ed17c6011175fced6a934de0cf413363,train
data/raw/benign/104.jpg,benign\104.jpg,104.jpg,benign,0,73b6318a4f4ba77a42758f920cab6fa7db568b3ae7c3920b1dfbe5e8d1dfba17,0011011000111111001111110011111100011111000001110000111110001111,sha:73b6318a4f4ba77a42758f920cab6fa7db568b3ae7c3920b1dfbe5e8d1dfba17,train
data/raw/benign/1040.jpg,benign\1040.jpg,1040.jpg,benign,0,65c309909cc0faef8eb7cfbdb1edcece3a842fc68279519e1452cce0e0eb4cd3,1110100011001100100011001001111000111110001011001010110011110000,sha:65c309909cc0faef8eb7cfbdb1edcece3a842fc68279519e1452cce0e0eb4cd3,train
data/raw/benign/1043.jpg,benign\1043.jpg,1043.jpg,benign,0,4637f26a5adf90307dd44a2e0efad45bd83348404b35b0e2347280965e1c6590,0000110000001100000011110000111100001111000011111000111010011010,sha:4637f26a5adf90307dd44a2e0efad45bd83348404b35b0e2347280965e1c6590,train
data/raw/benign/1045.jpg,benign\1045.jpg,1045.jpg,benign,0,dbbe989909ecdb1d9189bd7509e395bd978adea860de2b9ac323ac37e0ae7419,1001001010010110100110101101101011011011111000001110010011101010,sha:dbbe989909ecdb1d9189bd7509e395bd978adea860de2b9ac323ac37e0ae7419,train
data/raw/benign/1046.jpg,benign\1046.jpg,1046.jpg,benign,0,d3007e132de8fd404400df33a3c66a9006a3b3f51e1957b2edd049c14e656b73,0110001000100111000101110000011100011111000111110001111001101010,sha:d3007e132de8fd404400df33a3c66a9006a3b3f51e1957b2edd049c14e656b73,train
data/raw/benign/1049.jpg,benign\1049.jpg,1049.jpg,benign,0,8af1289f39902dbcf1333689cec960a23ff7ae8ca5a7d04fa073a224f63e6778,1001101100011111000111100001111000011110000111110001111111001011,sha:8af1289f39902dbcf1333689cec960a23ff7ae8ca5a7d04fa073a224f63e6778,train
data/raw/benign/1050.jpg,benign\1050.jpg,1050.jpg,benign,0,308e17e92739c071714d5690f1e83f4b0c10695187fa14dae58f986cc61514e1,0111000010011100100011101000111010001100110011000111110010110110,sha:308e17e92739c071714d5690f1e83f4b0c10695187fa14dae58f986cc61514e1,train
data/raw/benign/1051.jpg,benign\1051.jpg,1051.jpg,benign,0,e790e066e093f39654f2912b8ddd3839f86916f1b996f0c036dcdff957f0c7be,0110010010001110100011111000111100000111110001111000001111100011,sha:e790e066e093f39654f2912b8ddd3839f86916f1b996f0c036dcdff957f0c7be,train
data/raw/benign/1053.jpg,benign\1053.jpg,1053.jpg,benign,0,7f2d9935d93e88eb25a02f6198889780e290e218b20e73b1b00028fccd2a247e,1010000110000111100001111000011110001111100011101100111011010000,sha:7f2d9935d93e88eb25a02f6198889780e290e218b20e73b1b00028fccd2a247e,train
data/raw/benign/1056.jpg,benign\1056.jpg,1056.jpg,benign,0,1658963d48fd78d3fc8f70303ef76126d15f69920086f257aa6fff7d1f6cf453,0100010010001110100011101000111110000111100001111100011111001001,sha:1658963d48fd78d3fc8f70303ef76126d15f69920086f257aa6fff7d1f6cf453,train
data/raw/benign/1057.jpg,benign\1057.jpg,1057.jpg,benign,0,36b11970f224a2520b7aa6993e603a52be9cf7f22d666e0b3a1fc726142cacce,1101100011010000110000101000011010001111100011101111100011110000,sha:36b11970f224a2520b7aa6993e603a52be9cf7f22d666e0b3a1fc726142cacce,train
data/raw/benign/1058.jpg,benign\1058.jpg,1058.jpg,benign,0,d0d179a9fdc6377c92707127894aafa79064c15561992e6d4d652ce57911486d,0011000000111010001111100001111000011111000111110001111001010110,sha:d0d179a9fdc6377c92707127894aafa79064c15561992e6d4d652ce57911486d,train
data/raw/benign/1059.jpg,benign\1059.jpg,1059.jpg,benign,0,e9387d1ea502fff18d31022265413d0464afaa0a2f966b8f83702cd39c11adb1,0001100000011100000111001000110010001100110111001100101011111000,sha:e9387d1ea502fff18d31022265413d0464afaa0a2f966b8f83702cd39c11adb1,train
data/raw/benign/1062.jpg,benign\1062.jpg,1062.jpg,benign,0,e4b2d98bd37362d64e85d8bfa52fafb030a684371bd61c43d5c86c0173e3c619,1111100011111100100111001001110010001100110011001111110011111000,sha:e4b2d98bd37362d64e85d8bfa52fafb030a684371bd61c43d5c86c0173e3c619,train
data/raw/benign/1063.jpg,benign\1063.jpg,1063.jpg,benign,0,9ab3a50f4139651e55c8ac0721598662401dd66091f434afc502ebe0306e5a6d,1100000011001110110011101100011011000110111010001111100011111000,sha:9ab3a50f4139651e55c8ac0721598662401dd66091f434afc502ebe0306e5a6d,train
data/raw/benign/1064.jpg,benign\1064.jpg,1064.jpg,benign,0,92bdcc385bc81e80fb5b7d524465e3221bff04e79cb1d27be1201865a7796285,1001101100111011001110010011110000111100001111000011100011110000,sha:92bdcc385bc81e80fb5b7d524465e3221bff04e79cb1d27be1201865a7796285,train
data/raw/benign/1065.jpg,benign\1065.jpg,1065.jpg,benign,0,2311abf9e773fab0ee091c058e6430f6f4c7b354cb0afc0009091d29dd2c7109,0111100101001111010011101000111011001110110011101101110011111000,sha:2311abf9e773fab0ee091c058e6430f6f4c7b354cb0afc0009091d29dd2c7109,train
data/raw/benign/1066.jpg,benign\1066.jpg,1066.jpg,benign,0,ecd2ac6ba90a6dff038f9ea4f9615eac4ca28f4d50144a148ce0eb80ccce6cda,1111000111011101100011000001111010011110100111110001100000011000,sha:ecd2ac6ba90a6dff038f9ea4f9615eac4ca28f4d50144a148ce0eb80ccce6cda,train
data/raw/benign/1067.jpg,benign\1067.jpg,1067.jpg,benign,0,372f5a16313a75f9fea4dd4759d3421e2b2e8550c0d5b91ccba8a678cd0fa42a,0111000011100000110010001100011011000110110001001101100011110000,sha:372f5a16313a75f9fea4dd4759d3421e2b2e8550c0d5b91ccba8a678cd0fa42a,train
data/raw/benign/1068.jpg,benign\1068.jpg,1068.jpg,benign,0,166d02e40249a2c098bb19df74746f1d1db833c9abe0d6a6df64dd2ef378cc8e,0000111000001110000011101001110010011100100110001111110011100110,sha:166d02e40249a2c098bb19df74746f1d1db833c9abe0d6a6df64dd2ef378cc8e,train
data/raw/benign/107.jpg,benign\107.jpg,107.jpg,benign,0,60399ebf914a8b1c66721a8f1a0fa82c96a6385b592f95ca9d36c179c3f2658b,1110000001101100110011001100110010001100100011001000111010011110,sha:60399ebf914a8b1c66721a8f1a0fa82c96a6385b592f95ca9d36c179c3f2658b,train
data/raw/benign/1072.jpg,benign\1072.jpg,1072.jpg,benign,0,5ea3a544f17a1978909fbecc7f196e97444ab4eb7702d30d2d2049714d59aa51,1111110011011100100111001000111010001110100011101001110011111000,sha:5ea3a544f17a1978909fbecc7f196e97444ab4eb7702d30d2d2049714d59aa51,train
data/raw/benign/1075.jpg,benign\1075.jpg,1075.jpg,benign,0,8a4a1a5d5f5afd18e72bdf7e75089a33764a73c2a279f58b453b9fca6dead986,1111000011110000110110001100110011001100110111001111100011110000,sha:8a4a1a5d5f5afd18e72bdf7e75089a33764a73c2a279f58b453b9fca6dead986,train
data/raw/benign/1076.jpg,benign\1076.jpg,1076.jpg,benign,0,5494a8768c2ab7c75416b90af76b47d1b4017ef35cd5956eac9896a593dfbe7e,0100011010000111100001110000111100001111000001110000111010001100,sha:5494a8768c2ab7c75416b90af76b47d1b4017ef35cd5956eac9896a593dfbe7e,train
data/raw/benign/1078.jpg,benign\1078.jpg,1078.jpg,benign,0,88ead04974c6d7cce0cbff39daf81c85d4a0d97df2907290022b6fe4974a2828,1111100011111000011110000111101000111110001111100011110000111100,sha:88ead04974c6d7cce0cbff39daf81c85d4a0d97df2907290022b6fe4974a2828,train
data/raw/benign/1079.jpg,benign\1079.jpg,1079.jpg,benign,0,79a498a265aa82d4166dd67be8db09d62f0d802648d812fdbf4efca24c58fb0d,0100011101001111000011110001111100011111000011110000111100001111,sha:79a498a265aa82d4166dd67be8db09d62f0d802648d812fdbf4efca24c58fb0d,train
data/raw/benign/108.jpg,benign\108.jpg,108.jpg,benign,0,3448f6de48808985d45344ee5b03d57489a638fd632f4955bf399fdbece0d0e6,0010110100111100011011110000111100100011001100100011000100111011,sha:3448f6de48808985d45344ee5b03d57489a638fd632f4955bf399fdbece0d0e6,train
data/raw/benign/1081.jpg,benign\1081.jpg,1081.jpg,benign,0,0aa473106a1e5be4188a47851ec367d90c01ead5f1355f2f2d6ee9d22a201c64,0011110110011110100011110100011100011111100011111101101011110110,sha:0aa473106a1e5be4188a47851ec367d90c01ead5f1355f2f2d6ee9d22a201c64,train
data/raw/benign/1082.jpg,benign\1082.jpg,1082.jpg,benign,0,572abf023abf2f1e661bcbc7e1dd7ef3f0c1de0e028da3b6d6e3ba010d4ee898,1111000011100000111000001100100011001000111000001111000011110000,sha:572abf023abf2f1e661bcbc7e1dd7ef3f0c1de0e028da3b6d6e3ba010d4ee898,train
data/raw/benign/1083.jpg,benign\1083.jpg,1083.jpg,benign,0,76bc484feba0ba4f24dd9da6ce7029d4497f9f4d974ce057bee937fe4df3d52d,0110110000001110000111100001111100011111000111100001111000011111,sha:76bc484feba0ba4f24dd9da6ce7029d4497f9f4d974ce057bee937fe4df3d52d,train
data/raw/benign/1084.jpg,benign\1084.jpg,1084.jpg,benign,0,80f9c57c6891e3e55717ff8bd1d9671437c3d9b91476bdaf7eea2690f6ae9615,1100110011001110000011110000111100001111001011110011111011000000,sha:80f9c57c6891e3e55717ff8bd1d9671437c3d9b91476bdaf7eea2690f6ae9615,train
data/raw/benign/1085.jpg,benign\1085.jpg,1085.jpg,benign,0,244419efc96daf0e0dd43d0bb3f327f8967193c0e821da70e612a07777aae425,1111000011111000000110000001110000011100000111000001100011011100,sha:244419efc96daf0e0dd43d0bb3f327f8967193c0e821da70e612a07777aae425,train
data/raw/benign/1086.jpg,benign\1086.jpg,1086.jpg,benign,0,e2b7577d4b8917599a82c3aead8bcc13637803f2c63f4e01e266398a385927c1,0111001100001010000111100001111000000110100001101100010011001000,sha:e2b7577d4b8917599a82c3aead8bcc13637803f2c63f4e01e266398a385927c1,train
data/raw/benign/1089.jpg,benign\1089.jpg,1089.jpg,benign,0,8cbcfd8cedc0f870447db325460bd3ee1d3d93a1bc5f5f6bbeb98726dec3b2b4,1100110100001110000111100000111000001110100011101011111010101100,sha:8cbcfd8cedc0f870447db325460bd3ee1d3d93a1bc5f5f6bbeb98726dec3b2b4,train
data/raw/benign/109.jpg,benign\109.jpg,109.jpg,benign,0,7923b148dd15b69d9442106827949e5fc603432d299cbe171e1a2d5ab996f9ef,1100001010000111000001110000011100001111000001111000011111000010,sha:7923b148dd15b69d9442106827949e5fc603432d299cbe171e1a2d5ab996f9ef,train
data/raw/benign/1090.jpg,benign\1090.jpg,1090.jpg,benign,0,81d0341470e9883b0b780245458d9ff7ae6ae60ff02a18670ecc9bfceed15bfd,1100100011001100010011101000111011000110110001101100011011100000,sha:81d0341470e9883b0b780245458d9ff7ae6ae60ff02a18670ecc9bfceed15bfd,train
data/raw/benign/1093.jpg,benign\1093.jpg,1093.jpg,benign,0,602180af47806a328589369c525741cae73707ae8a825e0464dc69e05312f005,1111010011110100111011101110111010101110111111101111110011111010,sha:602180af47806a328589369c525741cae73707ae8a825e0464dc69e05312f005,train
data/raw/benign/1094.jpg,benign\1094.jpg,1094.jpg,benign,0,811cfb4aec2803b04f65dd39194eea01c3aada5716f861ee1c9b60601e83838e,1111110010011000101110000001110000011100100011101000111011000010,sha:811cfb4aec2803b04f65dd39194eea01c3aada5716f861ee1c9b60601e83838e,train
data/raw/benign/1095.jpg,benign\1095.jpg,1095.jpg,benign,0,78ea12e1e3749ef466dfaff3123decbe57c26498a54fab8f4bd3f9e61bde51b5,0100011100001111000011110001111000011110000111101110010111110000,sha:78ea12e1e3749ef466dfaff3123decbe57c26498a54fab8f4bd3f9e61bde51b5,train
data/raw/benign/1096.jpg,benign\1096.jpg,1096.jpg,benign,0,36e8e23bd0c59c0cd3bfb9dc97c38c925566c29a49dcaa7eda035b99ab23f93d,1110000011001110100001111000111110001111110001111100011111100100,sha:36e8e23bd0c59c0cd3bfb9dc97c38c925566c29a49dcaa7eda035b99ab23f93d,train
data/raw/benign/1097.jpg,benign\1097.jpg,1097.jpg,benign,0,f2ccd61bfbb2e4dfb5515b9edd4ba600196870412cfd96aecc9f21ca87d2af56,1110000011011000100110000001110000011000100110001011000011010000,sha:f2ccd61bfbb2e4dfb5515b9edd4ba600196870412cfd96aecc9f21ca87d2af56,train
data/raw/benign/1098.jpg,benign\1098.jpg,1098.jpg,benign,0,56b69451683bfb8edf74070992980baac4084a65a7ce8ce040ca3ab88d0ed747,1110000011100000111010001100110011001100111000001111000011110000,sha:94fdf6c69417f20807053888d7fea552e0052bce2e938a43a2e08470c0e3fa4c,train
data/raw/benign/110.jpg,benign\110.jpg,110.jpg,benign,0,7b84d0aca18cda21202938273f80b4325d8b2c57bc98132ef990c2a73a5bd0a3,1101000011000000110011101000111010001110110001101100110011100000,sha:7b84d0aca18cda21202938273f80b4325d8b2c57bc98132ef990c2a73a5bd0a3,train
data/raw/benign/1100.jpg,benign\1100.jpg,1100.jpg,benign,0,008df0ab38d6cce06fa0ecc406764f8d27ae7661529b7c69e6d6157cf00ac266,0001111100011111000011110000111100001110100011101101111011011110,sha:008df0ab38d6cce06fa0ecc406764f8d27ae7661529b7c69e6d6157cf00ac266,train
data/raw/benign/1101.jpg,benign\1101.jpg,1101.jpg,benign,0,7149444c3857aefe7e59882216abd1bc29c5a3ec03d7e09e786d128a976e50e3,1111100011111000000111100000111100001111000001111000011011000100,sha:7149444c3857aefe7e59882216abd1bc29c5a3ec03d7e09e786d128a976e50e3,train
data/raw/benign/1104.jpg,benign\1104.jpg,1104.jpg,benign,0,9451f0476337d1c4482fb77057421509701c9e7281fbaae3043bdc9e2a87993c,1011000011110000111000111100011110000111100011111001110011100000,sha:9451f0476337d1c4482fb77057421509701c9e7281fbaae3043bdc9e2a87993c,train
data/raw/benign/1105.jpg,benign\1105.jpg,1105.jpg,benign,0,346736193413d83661eafcbfc4ff1742a69b1f6007d3cdd9dcddf988649d7ba8,0000011100000111000011110000111100011111000111100011111000111100,sha:346736193413d83661eafcbfc4ff1742a69b1f6007d3cdd9dcddf988649d7ba8,train
data/raw/benign/1106.jpg,benign\1106.jpg,1106.jpg,benign,0,03f616346eb01bcae2792f90c5b78eaa9b572764b3643a620748535aa2d62174,1001100000011000000111000001110010011100110010001011100011010000,sha:03f616346eb01bcae2792f90c5b78eaa9b572764b3643a620748535aa2d62174,train
data/raw/benign/1107.jpg,benign\1107.jpg,1107.jpg,benign,0,8e120961e5b28f912939e4368e690d7bc45a4b989ca415f061b29106fd6b1658,0111010001101110010001111100011110000110100011101000111010001110,sha:8e120961e5b28f912939e4368e690d7bc45a4b989ca415f061b29106fd6b1658,train
data/raw/benign/1108.jpg,benign\1108.jpg,1108.jpg,benign,0,342c144631f0de81283f74d5378a911b983e8601b74bbcbf66b3dd110a7ee144,1110000011100000100011001000111000000110100001101000010011000000,sha:342c144631f0de81283f74d5378a911b983e8601b74bbcbf66b3dd110a7ee144,train
data/raw/benign/1111.jpg,benign\1111.jpg,1111.jpg,benign,0,cc8ba89bc38b8640dcc863911257f076277b610a0cfa9a40e16588d99f6aeba2,1001100010001100100011001000111011001100100011001010100011101000,sha:cc8ba89bc38b8640dcc863911257f076277b610a0cfa9a40e16588d99f6aeba2,train
data/raw/benign/1114.jpg,benign\1114.jpg,1114.jpg,benign,0,1b3cb4a2204bb09155e09c24862ae4863372aa021abe696ab46c94b25a794b93,1111000011110000110100101101001011000110110001101110010011110000,sha:1b3cb4a2204bb09155e09c24862ae4863372aa021abe696ab46c94b25a794b93,train
data/raw/benign/1116.jpg,benign\1116.jpg,1116.jpg,benign,0,0ac79214e2577f284383e99d5250c8bd15b40c7b46ab7094b0de7d043bd9d489,1110001111000110100111111001111110011101110000011100001111000110,sha:0ac79214e2577f284383e99d5250c8bd15b40c7b46ab7094b0de7d043bd9d489,train
data/raw/benign/1120.jpg,benign\1120.jpg,1120.jpg,benign,0,ab86a40be4404606a2bb0306718630a490c458c49804d083738930f377cf237c,1110110011101100111001101010011011100011110110101100111011011100,sha:ab86a40be4404606a2bb0306718630a490c458c49804d083738930f377cf237c,train
data/raw/benign/1121.jpg,benign\1121.jpg,1121.jpg,benign,0,55cc74d97eb033f7fe70512defbe8c875521c846db39d1d342c4df1871e40bef,0001111100011111000111110000111100000111000011110000111100001111,sha:55cc74d97eb033f7fe70512defbe8c875521c846db39d1d342c4df1871e40bef,train
data/raw/benign/1122.jpg,benign\1122.jpg,1122.jpg,benign,0,85c4b30b4bbc4e4339bf0948bfdd1ea38be2275810cc4bfd52aa53028969afb2,1000011010000111100001111000011100001111100001111100011011000111,sha:85c4b30b4bbc4e4339bf0948bfdd1ea38be2275810cc4bfd52aa53028969afb2,train
data/raw/benign/1128.jpg,benign\1128.jpg,1128.jpg,benign,0,12106e3d01cc7e987724ab12057f7dc65454c4782107af49f61605f85b9ebd4e,1111100010000111000111110001101100111011001001110000111111001100,sha:12106e3d01cc7e987724ab12057f7dc65454c4782107af49f61605f85b9ebd4e,train
data/raw/benign/1129.jpg,benign\1129.jpg,1129.jpg,benign,0,0ae1c7d608ec3f6becd836f09bfe5c95f15753c5b8c0f169d063e5094de577f0,1000111000001110000011100000111100000111000001110100111101000111,sha:0ae1c7d608ec3f6becd836f09bfe5c95f15753c5b8c0f169d063e5094de577f0,train
data/raw/benign/113.jpg,benign\113.jpg,113.jpg,benign,0,7bba490957f6e39f90411f215811fde0b7d3594f8739ff3c09410bbe7084de25,1000100010001100100011101000111011000110000011100011010000111100,sha:7bba490957f6e39f90411f215811fde0b7d3594f8739ff3c09410bbe7084de25,train
data/raw/benign/1131.jpg,benign\1131.jpg,1131.jpg,benign,0,e67a857cd3f0594d95f5db62e947b0e4c7e7918334f5d7fd3d2da8f6d268b20f,1111000011110000110011001000111010000110110011101110000011100000,sha:e67a857cd3f0594d95f5db62e947b0e4c7e7918334f5d7fd3d2da8f6d268b20f,train
data/raw/benign/1132.jpg,benign\1132.jpg,1132.jpg,benign,0,a361bf5077bfe765a10c14d9e84427bae1d0d7dc8febc7822ee8126bbcca645a,0110110001001100100011100000111010001110110011101101110010111100,sha:a361bf5077bfe765a10c14d9e84427bae1d0d7dc8febc7822ee8126bbcca645a,train
data/raw/benign/1133.jpg,benign\1133.jpg,1133.jpg,benign,0,8e4c4c6d5482c8786e799dc2c6241dd3bace3e66685fa6b7d8ba48a8eb50dd7c,0001110010011100100011101000111110000111100001111010011011101110,sha:8e4c4c6d5482c8786e799dc2c6241dd3bace3e66685fa6b7d8ba48a8eb50dd7c,train
data/raw/benign/114.jpg,benign\114.jpg,114.jpg,benign,0,330a807abef97b91718cdeb78d91c3c2fd30176b1655e2e3824a3951abfe202e,1110000011101000111110001110100011101000111101001111010011110100,sha:330a807abef97b91718cdeb78d91c3c2fd30176b1655e2e3824a3951abfe202e,train
data/raw/benign/1140.jpg,benign\1140.jpg,1140.jpg,benign,0,bed3140da72de8fc0e384135ff82943ed94f4fe35ee718ff98cee58d5dd8c86c,1111000011111000111011001100110011001100111011001111010011110100,sha:bed3140da72de8fc0e384135ff82943ed94f4fe35ee718ff98cee58d5dd8c86c,train
data/raw/benign/1141.jpg,benign\1141.jpg,1141.jpg,benign,0,8afe49dcbf2246dc44bca6c29451536b3c56bcc4d1bb0cfc39e30f184b0e9f55,1111000001101110000011110000011100000111001001110011011010100100,sha:8afe49dcbf2246dc44bca6c29451536b3c56bcc4d1bb0cfc39e30f184b0e9f55,train
data/raw/benign/1142.jpg,benign\1142.jpg,1142.jpg,benign,0,77510ab121526708de037bff8c9fe33298241d9350a59282771e8f62b2456d45,1000110010001110000011100000111000001110000111101000110001000000,sha:77510ab121526708de037bff8c9fe33298241d9350a59282771e8f62b2456d45,train
data/raw/benign/1144.jpg,benign\1144.jpg,1144.jpg,benign,0,5c7cd250b48fd46333c17bffa91f65aa3a8df110c0a5acbbb079b7add9a8e27f,0110001000000011000001110000011100001111000111100001110011011100,sha:5c7cd250b48fd46333c17bffa91f65aa3a8df110c0a5acbbb079b7add9a8e27f,train
data/raw/benign/1147.jpg,benign\1147.jpg,1147.jpg,benign,0,744a747d0975c92bd0f1cff2bca69f87e2f506148c0d4a5b4f56161acc6beeb9,1011010010111100000111000110110001101110000111100001111001011001,sha:744a747d0975c92bd0f1cff2bca69f87e2f506148c0d4a5b4f56161acc6beeb9,train
data/raw/benign/1149.jpg,benign\1149.jpg,1149.jpg,benign,0,a72059d6737a912afe2815ed4c92b83b7e01c0c2c7ad928e5c326b907d0852ab,1110101010111011000111100001111100111111000111110001111100001111,sha:a72059d6737a912afe2815ed4c92b83b7e01c0c2c7ad928e5c326b907d0852ab,train
data/raw/benign/115.jpg,benign\115.jpg,115.jpg,benign,0,1d7bd3217d322438978e0ad3e44f1aa7bc56d8141762efbf221c9f1c3b7d124b,1111000011101000111011001100110011001110110011101110010011110000,sha:1d7bd3217d322438978e0ad3e44f1aa7bc56d8141762efbf221c9f1c3b7d124b,train
data/raw/benign/1150.jpg,benign\1150.jpg,1150.jpg,benign,0,7f80e8f8d92dd904a4e9bc128fe1b3ab6e6ec528a5331fcf5b187852a6118b04,1100100011001000110011001100110011001100111011001111100011111000,sha:7f80e8f8d92dd904a4e9bc128fe1b3ab6e6ec528a5331fcf5b187852a6118b04,train
data/raw/benign/1154.jpg,benign\1154.jpg,1154.jpg,benign,0,5e211b591091d28f9c8868ca5624e3f029caa6d8d79d34a5439df32d1516d981,1100000011000000100111001000111010001110100011001100000011000000,sha:5e211b591091d28f9c8868ca5624e3f029caa6d8d79d34a5439df32d1516d981,train
data/raw/benign/1156.jpg,benign\1156.jpg,1156.jpg,benign,0,d25c0965bb2e39983823a107ab02801923e6889b31678fb022ccf54820f51f8e,0100010000001110100011100001110000011100110110000110100001111000,sha:d25c0965bb2e39983823a107ab02801923e6889b31678fb022ccf54820f51f8e,train
data/raw/benign/1157.jpg,benign\1157.jpg,1157.jpg,benign,0,b3875f65090817381833671f0d0a239ab3f66882179cc1acd357fe9a9b994353,0010011100000111000011110000111100001111000011110000111100001111,sha:b3875f65090817381833671f0d0a239ab3f66882179cc1acd357fe9a9b994353,train
data/raw/benign/1159.jpg,benign\1159.jpg,1159.jpg,benign,0,ec6ac6f8773b0ac4a623254b33ac70a77b86ab7930e7797e1df9b816e187f7c7,0101001000010110000110100001100100011000001110000111100011110110,sha:ec6ac6f8773b0ac4a623254b33ac70a77b86ab7930e7797e1df9b816e187f7c7,train
data/raw/benign/1160.jpg,benign\1160.jpg,1160.jpg,benign,0,1b1b4eb81ebe90060b3bf9ab900f2ec16ee63a837c70dbdb84aa41b9b273e793,1110001011000010100001101000011110000111110000111101000011000000,sha:1b1b4eb81ebe90060b3bf9ab900f2ec16ee63a837c70dbdb84aa41b9b273e793,train
data/raw/benign/1162.jpg,benign\1162.jpg,1162.jpg,benign,0,4edcc2e71119d6b9038db9fa1389486e4f54c4f3200a7e96f1531efb28c50227,1110000011100000100111000000111000001110001111101011110011110000,sha:4edcc2e71119d6b9038db9fa1389486e4f54c4f3200a7e96f1531efb28c50227,train
data/raw/benign/1163.jpg,benign\1163.jpg,1163.jpg,benign,0,336ad8e0d91b4aa3e86bcc2ae6c265b2c31487c4aeb5f021e0a40e4a3145fb2c,1010001011100010110010001100110010001110100011101000111010001100,sha:336ad8e0d91b4aa3e86bcc2ae6c265b2c31487c4aeb5f021e0a40e4a3145fb2c,train
data/raw/benign/1168.jpg,benign\1168.jpg,1168.jpg,benign,0,6c5d310b566b20529d0fe63653267c02d0afc62a7ad328b5af67b0136cd7f9c9,1101110010011100000111000000110010011100100111001100000011000000,sha:6c5d310b566b20529d0fe63653267c02d0afc62a7ad328b5af67b0136cd7f9c9,train
data/raw/benign/1169.jpg,benign\1169.jpg,1169.jpg,benign,0,64decfe99520f536d4c279caee18f116744314e31b7f40bce4ea99dff6443b56,1111000011110000110011001000111010001100110011001110000011110000,sha:64decfe99520f536d4c279caee18f116744314e31b7f40bce4ea99dff6443b56,train
data/raw/benign/117.jpg,benign\117.jpg,117.jpg,benign,0,8035f6333189e60336bcf93a12ad087c5594d3faa2f07ab2b6451f05220da990,0110000100001110000011100001111000011110000111001001100011101000,sha:8035f6333189e60336bcf93a12ad087c5594d3faa2f07ab2b6451f05220da990,train
data/raw/benign/1171.jpg,benign\1171.jpg,1171.jpg,benign,0,19c86164bd4ab1991fb17afa520e73822b32b84473b3d28c03ba4ef7cffa8730,0010110000011110100011100000110010001110100011101000111010001110,sha:19c86164bd4ab1991fb17afa520e73822b32b84473b3d28c03ba4ef7cffa8730,train
data/raw/benign/1174.jpg,benign\1174.jpg,1174.jpg,benign,0,027f6bea9ff9047c2d721716173ee53109538207a5daddbccd01afbe5c8d90de,1111100011101000101111000001110000011100000111100001110010011100,sha:027f6bea9ff9047c2d721716173ee53109538207a5daddbccd01afbe5c8d90de,train
data/raw/benign/1176.jpg,benign\1176.jpg,1176.jpg,benign,0,b2329531573dedf29b2ee21c2aa7ab524ac9a2e1ea9bc0112ba202c54c4ad780,0001111000011111001101110101001101000001001110010000101110000110,sha:b2329531573dedf29b2ee21c2aa7ab524ac9a2e1ea9bc0112ba202c54c4ad780,train
data/raw/benign/1178.jpg,benign\1178.jpg,1178.jpg,benign,0,de452f7ac85a474024a9e4032307d0a85ba739025a303bb557ccacd2aad49a2c,1000011010000111000011110001111100001111000011111000111110101110,sha:de452f7ac85a474024a9e4032307d0a85ba739025a303bb557ccacd2aad49a2c,train
data/raw/benign/1179.jpg,benign\1179.jpg,1179.jpg,benign,0,abe96051478d678416c779d9b267a632f5c73cbe5cd08205ae6140a667e38e20,0010101000001100000111100000111100001111000111110000111000110111,sha:abe96051478d678416c779d9b267a632f5c73cbe5cd08205ae6140a667e38e20,train
data/raw/benign/1181.jpg,benign\1181.jpg,1181.jpg,benign,0,d9398b57fbf2f35f18aa14b09b782791d935348508e9f2e03f7195cf94cfb95b,1111100011101000110011001000110010001100110010001110000011001000,sha:d9398b57fbf2f35f18aa14b09b782791d935348508e9f2e03f7195cf94cfb95b,train
data/raw/benign/1182.jpg,benign\1182.jpg,1182.jpg,benign,0,ab3370ab882a0741816e8f1e2defb086ce6ed69f4b85176b4e3cabb2b834e13d,1000011100001111000011110001111100011110000111100001110000111000,sha:ab3370ab882a0741816e8f1e2defb086ce6ed69f4b85176b4e3cabb2b834e13d,train
data/raw/benign/1184.jpg,benign\1184.jpg,1184.jpg,benign,0,94fdf6c69417f20807053888d7fea552e0052bce2e938a43a2e08470c0e3fa4c,1110000011100000111010001100110011001000111000001110000011110000,sha:94fdf6c69417f20807053888d7fea552e0052bce2e938a43a2e08470c0e3fa4c,train
data/raw/benign/1185.jpg,benign\1185.jpg,1185.jpg,benign,0,99e8a9c536f9d3b9204767a5d3f66e2f6e4971ef19b7d0a8b2fa796f5a41eff7,1000000010011000000110000001100000011000100100001110000011000000,sha:99e8a9c536f9d3b9204767a5d3f66e2f6e4971ef19b7d0a8b2fa796f5a41eff7,train
data/raw/benign/1186.jpg,benign\1186.jpg,1186.jpg,benign,0,f5ba7cbcd8b67573bf6ce8a96701a6d92eac80ae7ffb5a6ed0a6e497ec3348ae,1111100011111000110011001100110011001100110010001110000011100000,sha:f5ba7cbcd8b67573bf6ce8a96701a6d92eac80ae7ffb5a6ed0a6e497ec3348ae,train
data/raw/benign/1187.jpg,benign\1187.jpg,1187.jpg,benign,0,2140d475a1f6b9c1023fac7cbbcb0366cc0d0001101a23d1eb6f09e9cacb25c6,1100111010001110100011101001110010011100100111101001101100101101,sha:2140d475a1f6b9c1023fac7cbbcb0366cc0d0001101a23d1eb6f09e9cacb25c6,train
data/raw/benign/1188.jpg,benign\1188.jpg,1188.jpg,benign,0,8db7a13f9d70eb6eec1756b382ae2a8782b4c7b3d5ee878d81fcf54d335a0a22,1011100000011000100110001001100010011000101000001100000011100000,sha:8db7a13f9d70eb6eec1756b382ae2a8782b4c7b3d5ee878d81fcf54d335a0a22,train
data/raw/benign/1189.jpg,benign\1189.jpg,1189.jpg,benign,0,2f382c3da43b50be7bc42f5f05b760a91aae2e36f87c1079a37d600d3d637645,1011100000011100000111000001110000011110000111100000111011001110,sha:2f382c3da43b50be7bc42f5f05b760a91aae2e36f87c1079a37d600d3d637645,train
data/raw/benign/1192.jpg,benign\1192.jpg,1192.jpg,benign,0,5d78d77f32ce38260ad29f5b118bc160cc9e59553ac7b0b146c588fda5644b42,1011011010000110100111100000111110001111110011111000011011100110,sha:5d78d77f32ce38260ad29f5b118bc160cc9e59553ac7b0b146c588fda5644b42,train
data/raw/benign/1193.jpg,benign\1193.jpg,1193.jpg,benign,0,41737e98b5cd32046de5b195ab1744c14c749c2b5297ef1492f522d2c7bfb479,1111000011100000111001001000011011000110110001001111000011110000,sha:41737e98b5cd32046de5b195ab1744c14c749c2b5297ef1492f522d2c7bfb479,train
data/raw/benign/1194.jpg,benign\1194.jpg,1194.jpg,benign,0,26d5244f460a5676ecb3fa78f5bb14e95db42a3ccb8d265269b372b04b8b5274,1110000010000100000001100000011010000110110001101100000011000000,sha:26d5244f460a5676ecb3fa78f5bb14e95db42a3ccb8d265269b372b04b8b5274,train
data/raw/benign/1195.jpg,benign\1195.jpg,1195.jpg,benign,0,7cad7c8139414806b02f03e11d11abe626ad16ee96733f412ef208a75ad80cf4,1000011111000111100001111000111110001110100011101100111011010010,sha:7cad7c8139414806b02f03e11d11abe626ad16ee96733f412ef208a75ad80cf4,train
data/raw/benign/1196.jpg,benign\1196.jpg,1196.jpg,benign,0,d96283ebf6ec6ab9cd93ee8d1eec4605144d8667065161200dec90f970fe04f9,1101100111011100000111000001111000001110100011101000110011001100,sha:d96283ebf6ec6ab9cd93ee8d1eec4605144d8667065161200dec90f970fe04f9,train
data/raw/benign/1197.jpg,benign\1197.jpg,1197.jpg,benign,0,1b102beb3a05ba17722c0be9518852a718b5e98874e79e125bfb7dc904135cf9,1010000011100010011010001100110011001000111010001111010011110001,sha:1b102beb3a05ba17722c0be9518852a718b5e98874e79e125bfb7dc904135cf9,train
data/raw/benign/1198.jpg,benign\1198.jpg,1198.jpg,benign,0,feac5bf68460b7e4fde787867287229369be637e70ca48bcf72e0240ca7d0f30,1001010010000111100011111000111110001111100011111000011110000111,sha:feac5bf68460b7e4fde787867287229369be637e70ca48bcf72e0240ca7d0f30,train
data/raw/benign/12.jpg,benign\12.jpg,12.jpg,benign,0,df4912d2ed999e56cbfd593dadff09dd39191924be74d2d7b4a3f22643d4a214,1110000011100000111100001110100011101000111000001110000011110000,sha:df4912d2ed999e56cbfd593dadff09dd39191924be74d2d7b4a3f22643d4a214,train
data/raw/benign/120.jpg,benign\120.jpg,120.jpg,benign,0,48d248d2ec11d571e099d8b55dd70a47ea3fb265ce9f1d3922c462d6b2fcbbce,1011010000111100001111000011110010011100110010001101100011010000,sha:48d248d2ec11d571e099d8b55dd70a47ea3fb265ce9f1d3922c462d6b2fcbbce,train
data/raw/benign/1202.jpg,benign\1202.jpg,1202.jpg,benign,0,98e41798fd9e7f30f6dcbf2c90df2e4a8eb4a297c1912d913e4d2b9a35b4643d,1101000011110000110100001101100011011000011110000111100011011000,sha:98e41798fd9e7f30f6dcbf2c90df2e4a8eb4a297c1912d913e4d2b9a35b4643d,train
data/raw/benign/1204.jpg,benign\1204.jpg,1204.jpg,benign,0,028537e40c678274a2100ae245a7bc30977bed01d23f7aed4325c433bb26aa3e,1111100001111100000011100001111000011110000111100001111000011110,sha:028537e40c678274a2100ae245a7bc30977bed01d23f7aed4325c433bb26aa3e,train
data/raw/benign/1205.jpg,benign\1205.jpg,1205.jpg,benign,0,17e1b4efc5bb022436a8eebed720324bdf02a7fe55fcfb04fc1256c8179b0147,1111000011110000110110001110110011001100111110001111100011011000,sha:17e1b4efc5bb022436a8eebed720324bdf02a7fe55fcfb04fc1256c8179b0147,train
data/raw/benign/1207.jpg,benign\1207.jpg,1207.jpg,benign,0,d85fb02dc2b9b8e82099c504f31beb6c7b3c4a906f2d975e28b1565f55bff2fe,1110010010000110010001110100011101000111100001111100011111000011,sha:d85fb02dc2b9b8e82099c504f31beb6c7b3c4a906f2d975e28b1565f55bff2fe,train
data/raw/benign/121.jpg,benign\121.jpg,121.jpg,benign,0,39177c36c75d97874b4d9554918f46e9b002861e06ae7cd7e3b32bac9e18503e,0011110100011110000111110001110100010101100000111100001111000011,sha:39177c36c75d97874b4d9554918f46e9b002861e06ae7cd7e3b32bac9e18503e,train
data/raw/benign/1210.jpg,benign\1210.jpg,1210.jpg,benign,0,b9cfab7311be4ab6217c56ceaa19780f2ec0990d0e1a711e5fc63201bc23e4ab,0110000001000100100011000000110010001110100011101100110011001000,sha:b9cfab7311be4ab6217c56ceaa19780f2ec0990d0e1a711e5fc63201bc23e4ab,train
data/raw/benign/1211.jpg,benign\1211.jpg,1211.jpg,benign,0,039c19cd649fc34dba394045db1a49b28a603408c94f2ae0481f8c27aee595e8,1111000011110000111000001110110011101000111110001111000011110000,sha:039c19cd649fc34dba394045db1a49b28a603408c94f2ae0481f8c27aee595e8,train
data/raw/benign/1212.jpg,benign\1212.jpg,1212.jpg,benign,0,10c2e20710f46a48f0eac363bcc449cff1be5a835cb5ea7ccee22c95c19e0212,0010011100100111000001110001001100111011000110110011001111100001,sha:10c2e20710f46a48f0eac363bcc449cff1be5a835cb5ea7ccee22c95c19e0212,train
data/raw/benign/1213.jpg,benign\1213.jpg,1213.jpg,benign,0,6460a46e2b65388cce15d03243434274c7a4d260a55cd9c883e67a6533110e3d,0111110000111100011111000111110000111100001111100110110001101100,sha:6460a46e2b65388cce15d03243434274c7a4d260a55cd9c883e67a6533110e3d,train
data/raw/benign/1217.jpg,benign\1217.jpg,1217.jpg,benign,0,3f24186dc58000013787ccf11da8b7f8fae66be60c3e094d0c6855230d9ff5f8,1111000011110000101111000011011100110111000011111100110011101000,sha:3f24186dc58000013787ccf11da8b7f8fae66be60c3e094d0c6855230d9ff5f8,train
data/raw/benign/1218.jpg,benign\1218.jpg,1218.jpg,benign,0,5c228306f1c2da8c443bcb8e12048070c257b7292ab201c2c4731ac6e22a7cb9,1001100000011100000111100000111000001110100111111011000111110000,sha:5c228306f1c2da8c443bcb8e12048070c257b7292ab201c2c4731ac6e22a7cb9,train
data/raw/benign/1220.jpg,benign\1220.jpg,1220.jpg,benign,0,855b9a4b1fda789f8d0e8f0bfe84ac94ca0d4e9223d14b143ae17acff8b13b82,1001000011000000110010001000110010001100110001001100000011100000,sha:855b9a4b1fda789f8d0e8f0bfe84ac94ca0d4e9223d14b143ae17acff8b13b82,train
data/raw/benign/1221.jpg,benign\1221.jpg,1221.jpg,benign,0,98fc825ef7bc2aa3746817f0dc6212a92d0525c067a9e2daf1292ee1b20f17f3,1011001000111010001110010001110000011100000011101000111010001110,sha:98fc825ef7bc2aa3746817f0dc6212a92d0525c067a9e2daf1292ee1b20f17f3,train
data/raw/benign/1222.jpg,benign\1222.jpg,1222.jpg,benign,0,4451bc3687ad3d90a0b54dfad43772c585eed044614be422bcbc293a17c04270,1111110010111000001111100001111100000111000011110000111011001110,sha:4451bc3687ad3d90a0b54dfad43772c585eed044614be422bcbc293a17c04270,train
data/raw/benign/1223.jpg,benign\1223.jpg,1223.jpg,benign,0,5813d0e8cc696eee5781988024b1eeea4c22a4599c00f812d491e4adeab5b179,1001011000001111000111110001101100111111000001110000111110001000,sha:5813d0e8cc696eee5781988024b1eeea4c22a4599c00f812d491e4adeab5b179,train
data/raw/benign/1224.jpg,benign\1224.jpg,1224.jpg,benign,0,d7ef99fbc26e11353194c1c82e060e950cc9e4bb4c917706aea6ac73ee248972,0100110011001000100101110000111100000111000001111000100010000000,sha:d7ef99fbc26e11353194c1c82e060e950cc9e4bb4c917706aea6ac73ee248972,train
data/raw/benign/1228.jpg,benign\1228.jpg,1228.jpg,benign,0,2df4a9f9df749cd31b4fad0e9590a2251ca46870d3dce74498559fe21a3b0168,1110100011111000000111000001110000011100000111001101100011011000,sha:2df4a9f9df749cd31b4fad0e9590a2251ca46870d3dce74498559fe21a3b0168,train
data/raw/benign/1229.jpg,benign\1229.jpg,1229.jpg,benign,0,53651bbc48dbf5f20066e9588d38f37f2ec05999c5d413aa636be857d3c2f026,1000011000001110000011110000111110000110100100001001000010011010,sha:53651bbc48dbf5f20066e9588d38f37f2ec05999c5d413aa636be857d3c2f026,train
data/raw/benign/123.jpg,benign\123.jpg,123.jpg,benign,0,c13cee6e10b60ade1682dabb7622ece948f7fced8637d4ab95fbd22598904c61,1110011111000110100011110000011100010111100011111000101111001000,sha:c13cee6e10b60ade1682dabb7622ece948f7fced8637d4ab95fbd22598904c61,train
data/raw/benign/1230.jpg,benign\1230.jpg,1230.jpg,benign,0,bb3e30027a44cf7b9c9d2fb6211fe1a4c4044278ba15a27ab9ee8104ad03a366,1111000011001000100111001000111010001110100001001100000011001000,sha:bb3e30027a44cf7b9c9d2fb6211fe1a4c4044278ba15a27ab9ee8104ad03a366,train
data/raw/benign/1232.jpg,benign\1232.jpg,1232.jpg,benign,0,117639fe21e714988828fc07160b265ada2f4b5e3040817f2c5aa279d77527e7,0010111000101111111001111110111101011111000111110001111100011100,sha:117639fe21e714988828fc07160b265ada2f4b5e3040817f2c5aa279d77527e7,train
data/raw/benign/1235.jpg,benign\1235.jpg,1235.jpg,benign,0,665fabae48e67fc383b6ddb15c5cc51c1bea03089e8b3cbef8d0ae70974d9b67,1100110011110001111011011100110111001010111001101100110011101100,sha:665fabae48e67fc383b6ddb15c5cc51c1bea03089e8b3cbef8d0ae70974d9b67,train
data/raw/benign/1236.jpg,benign\1236.jpg,1236.jpg,benign,0,3612de17bd8272ceed77bf16d34a00a31e9ef888dadefb4b7f48cce8eed7d08d,0111000001111000110111001000110110001101111001001111010011101000,sha:3612de17bd8272ceed77bf16d34a00a31e9ef888dadefb4b7f48cce8eed7d08d,train
data/raw/benign/1237.jpg,benign\1237.jpg,1237.jpg,benign,0,cf65673589d8aeac0e37775a6c5aebcc6fa679dc071df852362ccdfefc4f373f,1110000010001001000111100001111100001111100011111100111011001000,sha:cf65673589d8aeac0e37775a6c5aebcc6fa679dc071df852362ccdfefc4f373f,train
data/raw/benign/1239.jpg,benign\1239.jpg,1239.jpg,benign,0,f0d0e9660b057024ad3323b41be3a713c38a59d4a682213da51dca5e9e2a9aa0,1111110011011100110111001001110010011000101110001111000011111000,sha:f0d0e9660b057024ad3323b41be3a713c38a59d4a682213da51dca5e9e2a9aa0,train
data/raw/benign/124.jpg,benign\124.jpg,124.jpg,benign,0,a97359bd19bf227f19e8ed107babe63804804e808cfbd234e6aa1569a448c237,1111000011010000110100001101000011000110110001111100011111000110,sha:a97359bd19bf227f19e8ed107babe63804804e808cfbd234e6aa1569a448c237,train
data/raw/benign/1240.jpg,benign\1240.jpg,1240.jpg,benign,0,db08001ea8a0961b02d73f7c7053371d21f73283251d7037adf2332a527b4f9c,1110010011100110110001101000111010001110100011101001110011111100,sha:db08001ea8a0961b02d73f7c7053371d21f73283251d7037adf2332a527b4f9c,train
data/raw/benign/1245.jpg,benign\1245.jpg,1245.jpg,benign,0,fe1202efcd3f49daac068907e9420eaccd2960e6ee0d00a5e82e94d09752ea28,1000010010000110100001101000011000011100101011001110010011110000,sha:fe1202efcd3f49daac068907e9420eaccd2960e6ee0d00a5e82e94d09752ea28,train
data/raw/benign/1246.jpg,benign\1246.jpg,1246.jpg,benign,0,0fc0d2078a0e1d15f93e5069f930ea790e212ee84eefad5e77de51869676589d,1000010010011100000111000001111000011110000011100000111000000010,sha:0fc0d2078a0e1d15f93e5069f930ea790e212ee84eefad5e77de51869676589d,train
data/raw/benign/1249.jpg,benign\1249.jpg,1249.jpg,benign,0,ae3bb3dc5f1ea8e1f9bb0c0d46b161d85a76d6beeec4540aa2482ccd12139feb,0011010100001111000011100000111000001111100011111000110101101111,sha:ae3bb3dc5f1ea8e1f9bb0c0d46b161d85a76d6beeec4540aa2482ccd12139feb,train
data/raw/benign/125.jpg,benign\125.jpg,125.jpg,benign,0,99ab5884771dc4b4fae8ae0199c7eb57338546e99de09f77d772e74e209dbbb7,1110011110001101000111100001111000011011000110110001100100010001,sha:99ab5884771dc4b4fae8ae0199c7eb57338546e99de09f77d772e74e209dbbb7,train
data/raw/benign/1250.jpg,benign\1250.jpg,1250.jpg,benign,0,21258e8cdb320d00656b6a7cb47c3721ec86c83c29bd8031a3e93995cdc348b4,1111110000011110000111110000111100001111000011110000111110000111,sha:21258e8cdb320d00656b6a7cb47c3721ec86c83c29bd8031a3e93995cdc348b4,train
data/raw/benign/1251.jpg,benign\1251.jpg,1251.jpg,benign,0,1a5327b445dda104a39abd1af2ac14afabe61227e2bb150e7429b66f1da81c12,0000111001111100001001100011011000111111000111110000110001101110,sha:1a5327b445dda104a39abd1af2ac14afabe61227e2bb150e7429b66f1da81c12,train
data/raw/benign/1252.jpg,benign\1252.jpg,1252.jpg,benign,0,e132ca2be116c345d7f530e00e09cff1a256fad3f0ae448c4d8a9702215125e1,1101000011001100100011101000011000000110100011101110100011110000,sha:e132ca2be116c345d7f530e00e09cff1a256fad3f0ae448c4d8a9702215125e1,train
data/raw/benign/1254.jpg,benign\1254.jpg,1254.jpg,benign,0,2cd9b297380484dda30484b11c07af5e16dc43b8efcff291e49d58239916a701,1001110011001110110011101000111000011110000101101000111010110010,sha:2cd9b297380484dda30484b11c07af5e16dc43b8efcff291e49d58239916a701,train
data/raw/benign/1255.jpg,benign\1255.jpg,1255.jpg,benign,0,c8ae9c4b6d1eb7a7ae1d2a92b25fd6ae2e21075daa958f8598d67d1cad0d7417,1000110000001110000011100000111000001111000011110000111001001110,sha:c8ae9c4b6d1eb7a7ae1d2a92b25fd6ae2e21075daa958f8598d67d1cad0d7417,train
data/raw/benign/1256.jpg,benign\1256.jpg,1256.jpg,benign,0,9d0844a6624afed9a714c3c04115b4e959825fb233cc01d75a78d957968d8bb4,1011000010011000100110001000110010001100100011001100000011000000,sha:9d0844a6624afed9a714c3c04115b4e959825fb233cc01d75a78d957968d8bb4,train
data/raw/benign/1257.jpg,benign\1257.jpg,1257.jpg,benign,0,4466e4f27a3b7d3b9d1cc79c0ae520bb906680ed8377330488b6e5c97fc8625a,1000110010001110000011100000111100011111000111010001100011111100,sha:4466e4f27a3b7d3b9d1cc79c0ae520bb906680ed8377330488b6e5c97fc8625a,train
data/raw/benign/1258.jpg,benign\1258.jpg,1258.jpg,benign,0,b77e7f9c100a3e88ab1c705c0367f3d0a707120c34e0475f95ca30fd4fb7af8c,1000110010001100110011001100110010001100000011001100001111010011,sha:b77e7f9c100a3e88ab1c705c0367f3d0a707120c34e0475f95ca30fd4fb7af8c,train
data/raw/benign/126.jpg,benign\126.jpg,126.jpg,benign,0,5e0a3fd8706e9045c6abedb73ff246a7c9b445bc7439e72a7bc7084a9a3adcb2,0011101101111100000101110010011100100111111011010110100010111001,sha:5e0a3fd8706e9045c6abedb73ff246a7c9b445bc7439e72a7bc7084a9a3adcb2,train
data/raw/benign/1260.jpg,benign\1260.jpg,1260.jpg,benign,0,6da24384224e5daeaa2d640483e1d9750ede1a4a7fcaa573d149fd1c123d9ea8,1010011110110111111100111100011110000111000001110110011111001110,sha:6da24384224e5daeaa2d640483e1d9750ede1a4a7fcaa573d149fd1c123d9ea8,train
data/raw/benign/1263.jpg,benign\1263.jpg,1263.jpg,benign,0,d90b11b4d9605cc4b83daee8f011b41d2371596466bfca80c034e16ef740bbab,0001100100011000000111000001100100011101100011101000111010000110,sha:d90b11b4d9605cc4b83daee8f011b41d2371596466bfca80c034e16ef740bbab,train
data/raw/benign/1264.jpg,benign\1264.jpg,1264.jpg,benign,0,8b30616096bf60a3a58cb0eb18397a56610485d0bf5a4e4c468403b23a89fc9f,1011010011001010110111100000111000001111000011110001110010011100,sha:8b30616096bf60a3a58cb0eb18397a56610485d0bf5a4e4c468403b23a89fc9f,train
data/raw/benign/1267.jpg,benign\1267.jpg,1267.jpg,benign,0,1b0e2ebaf8dde580ed96c8fc7c0388853dfdd2d7e6a46a78051e427c622b89f6,1110010010001101100011111000111110001111110001101000011010000110,sha:1b0e2ebaf8dde580ed96c8fc7c0388853dfdd2d7e6a46a78051e427c622b89f6,train
data/raw/benign/1268.jpg,benign\1268.jpg,1268.jpg,benign,0,62b69c34e39cd3df14a7244f7b91a61a95f4f807c2ffcdc3c4910c6890f80db0,1011000010110000110011001000011011000110111001001111000011110000,sha:62b69c34e39cd3df14a7244f7b91a61a95f4f807c2ffcdc3c4910c6890f80db0,train
data/raw/benign/1270.jpg,benign\1270.jpg,1270.jpg,benign,0,1e6f49af54acbb8b592aef1f660a86d3d0a5663618c21fe9d1c84ca434ff346e,1100101011011010100011101000111010001110100011001100010010000011,sha:1e6f49af54acbb8b592aef1f660a86d3d0a5663618c21fe9d1c84ca434ff346e,train
data/raw/benign/1271.jpg,benign\1271.jpg,1271.jpg,benign,0,2f155d44a349b51df43e82b0fb4652209b67eb707f82f57849eadb846537d450,0100011100000111000001110001111000011111000111101001110001111000,sha:2f155d44a349b51df43e82b0fb4652209b67eb707f82f57849eadb846537d450,train
data/raw/benign/1274.jpg,benign\1274.jpg,1274.jpg,benign,0,a274e7a8fd7b59c75c0af94076de844061605c7423176d4229e1847d40c7c84a,1100001111000011110000110110001100100111001100111110000011001000,sha:a274e7a8fd7b59c75c0af94076de844061605c7423176d4229e1847d40c7c84a,train
data/raw/benign/1275.jpg,benign\1275.jpg,1275.jpg,benign,0,e95652c9c594bef4c5b99c9174f89f6e66cc6dfb248ae8f022676475bb0e7fcf,1110000011000000110011001100111011001110110001001100100011111000,sha:e95652c9c594bef4c5b99c9174f89f6e66cc6dfb248ae8f022676475bb0e7fcf,train
data/raw/benign/1279.jpg,benign\1279.jpg,1279.jpg,benign,0,2dec5e1b1c7ae6abb98f1259072224077204cfe5cd3210d77f44e680cb1f5499,1011110000111000001110110011111000111110001111100011010011110100,sha:2dec5e1b1c7ae6abb98f1259072224077204cfe5cd3210d77f44e680cb1f5499,train
data/raw/benign/1280.jpg,benign\1280.jpg,1280.jpg,benign,0,38584f93632c9ab30f876ec9674eb5c6faf12169eaafdf771b094629f9dffa92,0011010000011100000111000001111010001110100011101100011011000100,sha:38584f93632c9ab30f876ec9674eb5c6faf12169eaafdf771b094629f9dffa92,train
data/raw/benign/1282.jpg,benign\1282.jpg,1282.jpg,benign,0,9b435e072a1b8d9140347235caa80c2e13874848f47e360db6bd6818124c3b57,1111000011110000111100001001100010011100100110001101000011110000,sha:9b435e072a1b8d9140347235caa80c2e13874848f47e360db6bd6818124c3b57,train
data/raw/benign/1284.jpg,benign\1284.jpg,1284.jpg,benign,0,5d95ca59542c1265843e38b96c6676da59753cb2973005a0cc4e43cbaa12602c,1110000010101010000011100000111010001110100011001000110011001110,sha:5d95ca59542c1265843e38b96c6676da59753cb2973005a0cc4e43cbaa12602c,train
data/raw/benign/1285.jpg,benign\1285.jpg,1285.jpg,benign,0,c2fef388b84777b4210575fc7d9ad1c3074d6083e013880e7d713fde8cd4b6c5,1110110000001100000111000001110000011100010110001101100011110100,sha:c2fef388b84777b4210575fc7d9ad1c3074d6083e013880e7d713fde8cd4b6c5,train
data/raw/benign/1287.jpg,benign\1287.jpg,1287.jpg,benign,0,541ca0636236026596f7e50c5c3159b74ab9cd44ff85b0f052ee8b5119424efb,0000110000001110000011110000111100001111000011110000111100001111,sha:541ca0636236026596f7e50c5c3159b74ab9cd44ff85b0f052ee8b5119424efb,train
data/raw/benign/1289.jpg,benign\1289.jpg,1289.jpg,benign,0,435f5decd5bd38ac9676a87465e95d012177e66bb45050c3f592d5328a22cfa0,1011001010111000000111000000110100011111000111011001110011000010,sha:435f5decd5bd38ac9676a87465e95d012177e66bb45050c3f592d5328a22cfa0,train
data/raw/benign/1292.jpg,benign\1292.jpg,1292.jpg,benign,0,8d9e17d73d5b30a1900d0d4cca1c093c73c11e252fdd4006f44d602234af9a1a,1001111110011111000111110001011100011111100111111101110011011010,sha:8d9e17d73d5b30a1900d0d4cca1c093c73c11e252fdd4006f44d602234af9a1a,train
data/raw/benign/1293.jpg,benign\1293.jpg,1293.jpg,benign,0,bcf73ed2750475909fb342294baf2ca2c5865d9173f838e8ba31e21301aa35a2,0001111000011111001110110011000100101000000010000010000000000000,sha:bcf73ed2750475909fb342294baf2ca2c5865d9173f838e8ba31e21301aa35a2,train
data/raw/benign/1294.jpg,benign\1294.jpg,1294.jpg,benign,0,efcae4bdfbc7fabe5c640af8544be4083bcd2f80ff4e24b85007e9b039e46d7e,1110000010001110100011100000111100001111000011111000110001100000,sha:efcae4bdfbc7fabe5c640af8544be4083bcd2f80ff4e24b85007e9b039e46d7e,train
data/raw/benign/1295.jpg,benign\1295.jpg,1295.jpg,benign,0,95e587c9e6307c509e8055ccf94228d94db650466af398543ac0bbffff96e1d6,1000110010001110000001110000011100000111100001111100001111110010,sha:95e587c9e6307c509e8055ccf94228d94db650466af398543ac0bbffff96e1d6,train
data/raw/benign/13.jpg,benign\13.jpg,13.jpg,benign,0,9f7720857137953170512fd1d45eaf256a7c6d174112865e305f6e3b61d908c4,0010011100010111000101110001011110011110000011110000011100001111,sha:9f7720857137953170512fd1d45eaf256a7c6d174112865e305f6e3b61d908c4,train
data/raw/benign/130.jpg,benign\130.jpg,130.jpg,benign,0,2dcb5d69ef88b28cd432262ecf4655bcaf2e243ee70d66778069511d06220c0e,1111111011111100111111001011110000011110100111101100110011111100,sha:2dcb5d69ef88b28cd432262ecf4655bcaf2e243ee70d66778069511d06220c0e,train
data/raw/benign/1300.jpg,benign\1300.jpg,1300.jpg,benign,0,19ac9bb1a8a039019ceb8b2b73c9a0b78367654cc8fac73e22a0720aeab2d8f4,0111110000111110001111110001111100011111000111111001111110001110,sha:19ac9bb1a8a039019ceb8b2b73c9a0b78367654cc8fac73e22a0720aeab2d8f4,train
data/raw/benign/1301.jpg,benign\1301.jpg,1301.jpg,benign,0,07c5034fc899526db0e838270f793ad2c2ee89285e50e5d4cf38a0b1926184bf,1001110010011110100111000001110100011100001110001011100010111001,sha:07c5034fc899526db0e838270f793ad2c2ee89285e50e5d4cf38a0b1926184bf,train
data/raw/benign/1302.jpg,benign\1302.jpg,1302.jpg,benign,0,5e693dc2d848a25c9f9ce55b027cb4b391832f0de7c82e371ab5a24abcce1fe2,1110000011100000111000001100110011001100111000001111000011110000,sha:94fdf6c69417f20807053888d7fea552e0052bce2e938a43a2e08470c0e3fa4c,train
data/raw/benign/1303.jpg,benign\1303.jpg,1303.jpg,benign,0,02765b3693ae11c804e5ea6d25e97c3865c27636ef1271bcad2cda87e1e7afa9,1100011010000110100011101000111010011100100110001111100011110100,sha:02765b3693ae11c804e5ea6d25e97c3865c27636ef1271bcad2cda87e1e7afa9,train
data/raw/benign/1304.jpg,benign\1304.jpg,1304.jpg,benign,0,e50e9fad9d60b08a1091ed59016f870b6ece16471354a98273623a0c3c4e9027,0001111000011111001101110011001100010011000100110000011110000111,sha:e50e9fad9d60b08a1091ed59016f870b6ece16471354a98273623a0c3c4e9027,train
data/raw/benign/1305.jpg,benign\1305.jpg,1305.jpg,benign,0,15d262baa40eb165d4340df1c5896ef49dcc0762254842d7189b385de7fa9891,1111000011110000111100001110110011001100111000011111000011110100,sha:15d262baa40eb165d4340df1c5896ef49dcc0762254842d7189b385de7fa9891,train
data/raw/benign/1306.jpg,benign\1306.jpg,1306.jpg,benign,0,efe4c40e9ff7e7430550294c014d68ea22136b1c55064af02da9f7fbed23f7fc,1100000010001100100011100000111000001110000011100011101000100000,sha:efe4c40e9ff7e7430550294c014d68ea22136b1c55064af02da9f7fbed23f7fc,train
data/raw/benign/1307.jpg,benign\1307.jpg,1307.jpg,benign,0,70aba62b220dc5552ec52d2f4340e35153dabfb2d52cb6957df201064dc1e868,1110000011110000111000001100100011001000111100001111000011110000,sha:572abf023abf2f1e661bcbc7e1dd7ef3f0c1de0e028da3b6d6e3ba010d4ee898,train
data/raw/benign/1308.jpg,benign\1308.jpg,1308.jpg,benign,0,8697bb270d2db56bafb3a2d539ba0c0b10d4cfcce2c5a618f1d625c7e7d3cdb5,0010011100000011000000110000001100000011000000110000001100000011,sha:8697bb270d2db56bafb3a2d539ba0c0b10d4cfcce2c5a618f1d625c7e7d3cdb5,train
data/raw/benign/131.jpg,benign\131.jpg,131.jpg,benign,0,ffc379bbea83e0c011d357e7db9637b03d9d0bef07cc2cfa0dfb6c007fe5fd58,0110111000001111000111110001111100011111000111111000111110000111,sha:ffc379bbea83e0c011d357e7db9637b03d9d0bef07cc2cfa0dfb6c007fe5fd58,train
data/raw/benign/132.jpg,benign\132.jpg,132.jpg,benign,0,de606ef7b7bea6272d28e0bc0a40ca9c281c532c9bbe6b14563b6f2f100a7fb2,1111000011100000110010001000110010001100110010001110000011100000,sha:de606ef7b7bea6272d28e0bc0a40ca9c281c532c9bbe6b14563b6f2f100a7fb2,train
data/raw/benign/134.jpg,benign\134.jpg,134.jpg,benign,0,34840a806f005ddec42d8b34ceb47ff3937a998d1970327d2ae7d6b882b55805,1001100010011100000111000001110000011100000111100001110000001000,sha:34840a806f005ddec42d8b34ceb47ff3937a998d1970327d2ae7d6b882b55805,train
data/raw/benign/136.jpg,benign\136.jpg,136.jpg,benign,0,81a31006e4842e08084e5505e86c8084e32fa16838c5d26bcd47efabdf97d23c,0111111000111100001111100001111000011110000011110000111100000111,sha:81a31006e4842e08084e5505e86c8084e32fa16838c5d26bcd47efabdf97d23c,train
data/raw/benign/137.jpg,benign\137.jpg,137.jpg,benign,0,5ef01a6ade79ebaf109a684c9b6af7104949b78f4b32bf3d04b3b150baa3b6e4,1000011100000111000001110000111100001111000010110000111110001110,sha:5ef01a6ade79ebaf109a684c9b6af7104949b78f4b32bf3d04b3b150baa3b6e4,train
data/raw/benign/138.jpg,benign\138.jpg,138.jpg,benign,0,1b1404960adeb9b1215787c8d11e961c3842834f22b746909382749b50104be3,1111010010011000100111101001111010000111100001111100011111100000,sha:1b1404960adeb9b1215787c8d11e961c3842834f22b746909382749b50104be3,train
data/raw/benign/141.jpg,benign\141.jpg,141.jpg,benign,0,99530ee64660bba1075beae937dabd9e06de48bce92926056d4cc031d0189548,0100100010011000000111000001110000011110100011001101110011010000,sha:99530ee64660bba1075beae937dabd9e06de48bce92926056d4cc031d0189548,train
data/raw/benign/142.jpg,benign\142.jpg,142.jpg,benign,0,f071a439f20170a384adb8760f4efe2e5b9981281b475fa54d285d4af0f548bb,1010000010110000001100000000110010101100100000001000100010001100,sha:f071a439f20170a384adb8760f4efe2e5b9981281b475fa54d285d4af0f548bb,train
data/raw/benign/143.jpg,benign\143.jpg,143.jpg,benign,0,fcc345e0b51d55c6fda56a4d0d8dcc2c22187951f391c63f642ee238993f85cb,1000011010001110100011100000111000001111100011101100111011111100,sha:fcc345e0b51d55c6fda56a4d0d8dcc2c22187951f391c63f642ee238993f85cb,train
data/raw/benign/146.jpg,benign\146.jpg,146.jpg,benign,0,2873a13eab66d43f7f63ab3f076af65cd7ca75e252b35e26792075b2f4331e1c,1100100010001100100111110000011100000111000111100001110010011000,sha:2873a13eab66d43f7f63ab3f076af65cd7ca75e252b35e26792075b2f4331e1c,train
data/raw/benign/148.jpg,benign\148.jpg,148.jpg,benign,0,0ce141b00a414b53aea983e870866ebb06a168c686dd83757395878cf72eba97,1011000010011000000111100001111100001111000011111000011110000110,sha:0ce141b00a414b53aea983e870866ebb06a168c686dd83757395878cf72eba97,train
data/raw/benign/149.jpg,benign\149.jpg,149.jpg,benign,0,25e8142acd9e44f474f9dcd02ec32dbd7781473e96fdfe6dc13606ebf6b0f7b0,1110001011100010101000111000011110000111000001110000011110000100,sha:25e8142acd9e44f474f9dcd02ec32dbd7781473e96fdfe6dc13606ebf6b0f7b0,train
data/raw/benign/150.jpg,benign\150.jpg,150.jpg,benign,0,cb82ceaa9987a65e95fbf642774ea89ae5f5fb0851b513851c25eaf585ca0502,1111000011011000110011001100110011001100110111001111100011111000,sha:cb82ceaa9987a65e95fbf642774ea89ae5f5fb0851b513851c25eaf585ca0502,train
data/raw/benign/151.jpg,benign\151.jpg,151.jpg,benign,0,8feeec4bec6c3f3e094ceb5099352bc87e5c3b77bc58b1a8f54c87136c83bf90,1111000011100000111100011100110011001100111010001110010011110000,sha:8feeec4bec6c3f3e094ceb5099352bc87e5c3b77bc58b1a8f54c87136c83bf90,train
data/raw/benign/152.jpg,benign\152.jpg,152.jpg,benign,0,723cb0c5d6fd767abde723f4ac5e6185fb46aa1f116b197105146c6e3eacdb88,1100111010000111000001110000111100011111001001110000110101111000,sha:723cb0c5d6fd767abde723f4ac5e6185fb46aa1f116b197105146c6e3eacdb88,train
data/raw/benign/160.jpg,benign\160.jpg,160.jpg,benign,0,a8c751790ea86b42d28c1cdaae7bc832b86e20b69f6f6260dc3951c400c9d6c6,1111010010011110000111100001111000011110000111101000111010001110,sha:a8c751790ea86b42d28c1cdaae7bc832b86e20b69f6f6260dc3951c400c9d6c6,train
data/raw/benign/162.jpg,benign\162.jpg,162.jpg,benign,0,6fd66161084908d338164f2b2fd37b2a45f90d19246d76fce5294eff11f43b30,1111100011110000011000101110000001100000011001001111011011100110,sha:6fd66161084908d338164f2b2fd37b2a45f90d19246d76fce5294eff11f43b30,train
data/raw/benign/164.jpg,benign\164.jpg,164.jpg,benign,0,305f42c3b46aad792396ea2f1591daccd22817742bde10e371b161aecd9e1e02,1110101011001010110011000100110000001100000010000100001011000000,sha:305f42c3b46aad792396ea2f1591daccd22817742bde10e371b161aecd9e1e02,train
data/raw/benign/165.jpg,benign\165.jpg,165.jpg,benign,0,8a35a664ce204982404015f0a8cb07673331c1473477858348b0e352c48d4180,0001110000011100000011110000111100011111000001110000011000001110,sha:8a35a664ce204982404015f0a8cb07673331c1473477858348b0e352c48d4180,train
data/raw/benign/166.jpg,benign\166.jpg,166.jpg,benign,0,d78c6199a2eb20602b9ec196b4785f936cb0f04be14495ead57f729574279764,0100100001000010100011001001110000001100000011100000111000001100,sha:d78c6199a2eb20602b9ec196b4785f936cb0f04be14495ead57f729574279764,train
data/raw/benign/169.jpg,benign\169.jpg,169.jpg,benign,0,7eb42d552e85908488f2692c18568efec4de506be3f755a4ab4e2b7e882f0807,1011100011001100100011101000111011001110110011001100110011011000,sha:7eb42d552e85908488f2692c18568efec4de506be3f755a4ab4e2b7e882f0807,train
data/raw/benign/170.jpg,benign\170.jpg,170.jpg,benign,0,efcb9e33694f509e3ced30aef2e520fae1336f5da01a287bd095f9005ca7ed4f,1111000011110000111011001110110011101100111110001111000011110000,sha:1e1aea8f8f3eebac7a0508b8cc7d75a90df71a7cb8f202e22efa6aced6ead3d4,train
data/raw/benign/171.jpg,benign\171.jpg,171.jpg,benign,0,4be588e389436c5b1b7e3d26cef51a06552ee5d5adf590ea3c957c5102d08327,1111000011110000110101001110110011101100111100001110000011100000,sha:4be588e389436c5b1b7e3d26cef51a06552ee5d5adf590ea3c957c5102d08327,train
data/raw/benign/173.jpg,benign\173.jpg,173.jpg,benign,0,bae95f205d2e0b1136aec3f99f69124855cea57c5e994a76d152385b600c5997,0001110100001111000011110000011111000111100010101011101110110000,sha:bae95f205d2e0b1136aec3f99f69124855cea57c5e994a76d152385b600c5997,train
data/raw/benign/175.jpg,benign\175.jpg,175.jpg,benign,0,566086ece1573308c407087876a85e09bf576e019e56d45f9a95a177b9068cb0,1110000011111000010011000100111011001110100011101100111011101110,sha:566086ece1573308c407087876a85e09bf576e019e56d45f9a95a177b9068cb0,train
data/raw/benign/176.jpg,benign\176.jpg,176.jpg,benign,0,04660e5e6c9704ba363378b95c5ff39d084fc05793fe46803dae54a65e5c3979,1001100000011010000111100001110000011000000110001100100011000000,sha:04660e5e6c9704ba363378b95c5ff39d084fc05793fe46803dae54a65e5c3979,train
data/raw/benign/178.jpg,benign\178.jpg,178.jpg,benign,0,04b81e984c336f439e107061265cbe78644bffcee95fbf7d885f06b82145ba94,1011000010101100100011001000110010001100011010010110100000111000,sha:04b81e984c336f439e107061265cbe78644bffcee95fbf7d885f06b82145ba94,train
data/raw/benign/179.jpg,benign\179.jpg,179.jpg,benign,0,0f998096fe900f2def8dc4562142e2eb811782754ccc24cf376d5b24f383c87a,1000110000001111000011110000111100001111000011100000111000011100,sha:0f998096fe900f2def8dc4562142e2eb811782754ccc24cf376d5b24f383c87a,train
data/raw/benign/180.jpg,benign\180.jpg,180.jpg,benign,0,5cbb24fb7b40c60c20b569f81088fd335b5a42af07aae2e62e598626e1657115,1000111010001110100111110000011110000111000001111000111111001111,sha:5cbb24fb7b40c60c20b569f81088fd335b5a42af07aae2e62e598626e1657115,train
data/raw/benign/182.jpg,benign\182.jpg,182.jpg,benign,0,e6cfe9f28c43f5b549ff4ee3b0944ef63fa963d3357cee405bd483b22b6b151d,0000111100000111000001110001111100011111000111110001111100111110,sha:e6cfe9f28c43f5b549ff4ee3b0944ef63fa963d3357cee405bd483b22b6b151d,train
data/raw/benign/183.jpg,benign\183.jpg,183.jpg,benign,0,c6c36d8ed2d20e83846aaae7f59b00d3cdb4b2ff43acc3b47eadb4eb5f853887,1000011100000111000001110000111100001111000011110001111100011111,sha:c6c36d8ed2d20e83846aaae7f59b00d3cdb4b2ff43acc3b47eadb4eb5f853887,train
data/raw/benign/184.jpg,benign\184.jpg,184.jpg,benign,0,2943dc9592305fda816dc5aee6b42b6a1983b17a421b97a2d3276d65a99ffb12,1000110000011110000111100001111010001110100011011100000011000000,sha:2943dc9592305fda816dc5aee6b42b6a1983b17a421b97a2d3276d65a99ffb12,train
data/raw/benign/187.jpg,benign\187.jpg,187.jpg,benign,0,e4390b4a16ceecfb0facdc33fa255cb2ee9ca2ec7c90f100fd7f8d9747200388,1111000011110000110011001000111011001110110011001110000011110000,sha:64decfe99520f536d4c279caee18f116744314e31b7f40bce4ea99dff6443b56,train
data/raw/benign/188.jpg,benign\188.jpg,188.jpg,benign,0,f51642407a57ee619d595185a1ab52db6c2095ef4f14cc48e7649df9e7ad5287,1100011001001110010011101000111011001110110011101100111011001110,sha:f51642407a57ee619d595185a1ab52db6c2095ef4f14cc48e7649df9e7ad5287,train
data/raw/benign/19.jpg,benign\19.jpg,19.jpg,benign,0,8ac1ebebc95aea1e41d4391a3885d4d75f669518be837b2e64d0cb957879f95f,1100001110001111100011100001111100011110000111001101111011101010,sha:8ac1ebebc95aea1e41d4391a3885d4d75f669518be837b2e64d0cb957879f95f,train
data/raw/benign/190.jpg,benign\190.jpg,190.jpg,benign,0,83cfac94d06d12e430fa22118dad8d5b2a7dc86fce169b5cdd15d181ecd303d9,0110110000111110001111110000111100001111000111100001110011001100,sha:83cfac94d06d12e430fa22118dad8d5b2a7dc86fce169b5cdd15d181ecd303d9,train
data/raw/benign/191.jpg,benign\191.jpg,191.jpg,benign,0,89afc30739e4f4507548f023b221b8d999413a887c6b91573fda950f089b3d90,1110000011100100111000001100110011001100110011001111000011110000,sha:89afc30739e4f4507548f023b221b8d999413a887c6b91573fda950f089b3d90,train
data/raw/benign/192.jpg,benign\192.jpg,192.jpg,benign,0,335045eccaf2d9a86bb2917558ca640f4fca6899754291609f2c9df01f97e113,1100010010011100100011101000111100011110100111001100110011010100,sha:335045eccaf2d9a86bb2917558ca640f4fca6899754291609f2c9df01f97e113,train
data/raw/benign/194.jpg,benign\194.jpg,194.jpg,benign,0,64da04813f2c9216885409050baa05b731eb0ce7e2bdf857c453a6488ca952d3,1110100011001100000011000001011100010111100011101000110011111000,sha:64da04813f2c9216885409050baa05b731eb0ce7e2bdf857c453a6488ca952d3,train
data/raw/benign/195.jpg,benign\195.jpg,195.jpg,benign,0,003c742e687ae43fb9aca9ae4e98cb275db86be6aa7b57eaa76d52598c642cd2,1100111000001111000011110000111100011111000111100001110010011000,sha:003c742e687ae43fb9aca9ae4e98cb275db86be6aa7b57eaa76d52598c642cd2,train
data/raw/benign/198.jpg,benign\198.jpg,198.jpg,benign,0,4aa5425f10f7dffd2e68b716bbf4c689d0cd00f0d76b11947eaf71f00938af4b,1111000011010000110011001000110010001110100011001100000011010000,sha:4aa5425f10f7dffd2e68b716bbf4c689d0cd00f0d76b11947eaf71f00938af4b,train
data/raw/benign/199.jpg,benign\199.jpg,199.jpg,benign,0,c55fe6aad4904c410af5f7fc6b4326891c8ea67c77ccad2497c7bcffd6c8ea9b,1100100111001111100011111000111000001110000001101100001011010010,sha:c55fe6aad4904c410af5f7fc6b4326891c8ea67c77ccad2497c7bcffd6c8ea9b,train
data/raw/benign/20.jpg,benign\20.jpg,20.jpg,benign,0,aa8e7085293776eb1217f5e4d054944996d8595a405bc975005096f098edcd94,0011001001100110110001111000111010001110110001111010001011100011,sha:aa8e7085293776eb1217f5e4d054944996d8595a405bc975005096f098edcd94,train
data/raw/benign/200.jpg,benign\200.jpg,200.jpg,benign,0,fb51b5baec26461241aeacc1051bf4dc6a6cbf15cf605e8ec100db35ded52cc8,0001111100011111001011110010011100010111000111110100011111011010,sha:fb51b5baec26461241aeacc1051bf4dc6a6cbf15cf605e8ec100db35ded52cc8,train
data/raw/benign/204.jpg,benign\204.jpg,204.jpg,benign,0,b9d2027e28d4804122df0e4c9fdfa312bbdbc687756426c2ae204f1550ff8db4,1010010010011000100111001001110010011100110110101111100011101000,sha:b9d2027e28d4804122df0e4c9fdfa312bbdbc687756426c2ae204f1550ff8db4,train
data/raw/benign/206.jpg,benign\206.jpg,206.jpg,benign,0,40a3c95616222a8197a1b33e43aa01e17057cd646eb9e3cdfb53ae6ebdf04fb6,0011110000111100001111100001110000011100000111000011100011011000,sha:40a3c95616222a8197a1b33e43aa01e17057cd646eb9e3cdfb53ae6ebdf04fb6,train
data/raw/benign/207.jpg,benign\207.jpg,207.jpg,benign,0,d2da13139fb5c75638c8adfa67675701a237b71e9f010231e2f47ba49a46a734,1111100010011100110111000001110000011110000111101100110011101000,sha:d2da13139fb5c75638c8adfa67675701a237b71e9f010231e2f47ba49a46a734,train
data/raw/benign/21.jpg,benign\21.jpg,21.jpg,benign,0,a1a9186e5b6edc329acaebc0c1874208d1cc5fb206924e0295809eda5f014c13,1110110001101110000011110000111100001111000001111000011111111000,sha:a1a9186e5b6edc329acaebc0c1874208d1cc5fb206924e0295809eda5f014c13,train
data/raw/benign/210.jpg,benign\210.jpg,210.jpg,benign,0,fc9a55c90083caf262959f3cecdd74db9300963cb452aa35290432fbf2572d17,1111000011111000111011001100111011001110110011101110111011100000,sha:fc9a55c90083caf262959f3cecdd74db9300963cb452aa35290432fbf2572d17,train
data/raw/benign/214.jpg,benign\214.jpg,214.jpg,benign,0,ba93d5f5f01cd892908a4291ee2bb84c9bc46fd4f8f403e49d3dcd34e4073e6c,1111000011110000111000001110110011101000111100001110000011100100,sha:ba93d5f5f01cd892908a4291ee2bb84c9bc46fd4f8f403e49d3dcd34e4073e6c,train
data/raw/benign/217.jpg,benign\217.jpg,217.jpg,benign,0,19587940c43b0839261aa2bd14018dac03f966e63a75894545a4de55c2d15e70,1111000011001000100011101000111010001110100011001011110010010000,sha:19587940c43b0839261aa2bd14018dac03f966e63a75894545a4de55c2d15e70,train
data/raw/benign/218.jpg,benign\218.jpg,218.jpg,benign,0,16b9a37f8a02a287224ebce4b18ec77dadb9e1fb54b63acc55881424c9188f43,1101100011011000110110001001110010011100100011001001110001110000,sha:16b9a37f8a02a287224ebce4b18ec77dadb9e1fb54b63acc55881424c9188f43,train
data/raw/benign/22.jpg,benign\22.jpg,22.jpg,benign,0,02235cef1d95f8c27783c4d49cd8a1cce57c32d90dfc4dcff2116b0e64a95016,1100100010000010000011110000111100001111000001111011111110111100,sha:02235cef1d95f8c27783c4d49cd8a1cce57c32d90dfc4dcff2116b0e64a95016,train
data/raw/benign/222.jpg,benign\222.jpg,222.jpg,benign,0,f9703c0992dc28ef6c50669ad8456a4480930f1742033ab01b8ef6f219d902b9,1111000001101100010011000000111000001111110011101000110011000001,sha:f9703c0992dc28ef6c50669ad8456a4480930f1742033ab01b8ef6f219d902b9,train
data/raw/benign/223.jpg,benign\223.jpg,223.jpg,benign,0,ae66d6c6dcef5eb08b4bf838478acd3555e093d9d6b97145f9aaee15a0abc40f,1010000010100100100011001100110011001100011100101111001001001000,sha:ae66d6c6dcef5eb08b4bf838478acd3555e093d9d6b97145f9aaee15a0abc40f,train
data/raw/benign/225.jpg,benign\225.jpg,225.jpg,benign,0,77fcd2080666bb1ce529d531503164a11f429934099e8db05fd3662f1b449381,1001100000011110000111110000111100000111000011010000110100001111,sha:77fcd2080666bb1ce529d531503164a11f429934099e8db05fd3662f1b449381,train
data/raw/benign/227.jpg,benign\227.jpg,227.jpg,benign,0,7904dfe3f971e31d53031452ea53d350b8a1b086e5f68237056044e6acc4a645,1001000011001000100011000000111010001100100011101000101011000010,sha:7904dfe3f971e31d53031452ea53d350b8a1b086e5f68237056044e6acc4a645,train
data/raw/benign/228.jpg,benign\228.jpg,228.jpg,benign,0,40ace6e8a2f5b5ea5191bf9bfa57050af16fddf6829d83b8dd9b1e42021afc35,1101101011001110100011111000111100001111000011100001110010011100,sha:40ace6e8a2f5b5ea5191bf9bfa57050af16fddf6829d83b8dd9b1e42021afc35,train
data/raw/benign/229.jpg,benign\229.jpg,229.jpg,benign,0,7856ca565206e1cb1a88e7d85d4b587c3b4b5d2a4a3286077e6f29d1a2de8efc,1111000011100000111110000001111000010011100110101101100011100000,sha:7856ca565206e1cb1a88e7d85d4b587c3b4b5d2a4a3286077e6f29d1a2de8efc,train
data/raw/benign/23.jpg,benign\23.jpg,23.jpg,benign,0,018eb52515f56b85f3f1b0aaef19713a6b831c12790322ba364153220dfbec5d,1110101010100110100001111000011100001110100011100000110011101100,sha:018eb52515f56b85f3f1b0aaef19713a6b831c12790322ba364153220dfbec5d,train
data/raw/benign/230.jpg,benign\230.jpg,230.jpg,benign,0,31f3c538a09b6998db118c6ed513265a5bfff75b40564da67df194d5e1ed4941,1100000000000110000001110001111100011111000111100000111010001100,sha:31f3c538a09b6998db118c6ed513265a5bfff75b40564da67df194d5e1ed4941,train
data/raw/benign/231.jpg,benign\231.jpg,231.jpg,benign,0,6202ac189ec6862e5e7081d73d7ef71023616bbef2a9e3ff79fd291862860239,1011000010010000000110001001110010011110100101001101000011110000,sha:6202ac189ec6862e5e7081d73d7ef71023616bbef2a9e3ff79fd291862860239,train
data/raw/benign/232.jpg,benign\232.jpg,232.jpg,benign,0,4f3c5af936ba5230fbedcf72e3bbb5b04426986f15221f75670e401e3509d948,0111100001111100010011000001110000011100000111100001111000011110,sha:4f3c5af936ba5230fbedcf72e3bbb5b04426986f15221f75670e401e3509d948,train
data/raw/benign/233.jpg,benign\233.jpg,233.jpg,benign,0,f317dd078f933bdf184df10d61627eb33e67ac28f6b5678727e05c43cec1d8d2,0001111100011110000011100001111000001111100111001101100011111000,sha:f317dd078f933bdf184df10d61627eb33e67ac28f6b5678727e05c43cec1d8d2,train
data/raw/benign/234.jpg,benign\234.jpg,234.jpg,benign,0,269c382456a5e73562041c5db7e7c40bc7ab020ec134d9615caae1b59672cc0c,1011000111100011110001111100111110001111100011101100111011011011,sha:269c382456a5e73562041c5db7e7c40bc7ab020ec134d9615caae1b59672cc0c,train
data/raw/benign/235.jpg,benign\235.jpg,235.jpg,benign,0,c23f9360616c7632868285013e948b6e3a01a16c7ae9732f5758411ca5e3e00b,1100000011100000111000001100011011000111110001111010011000100100,sha:c23f9360616c7632868285013e948b6e3a01a16c7ae9732f5758411ca5e3e00b,train
data/raw/benign/239.jpg,benign\239.jpg,239.jpg,benign,0,a9f67b95576970113d859de8f0716700f5ab7c1781e8c381c5d51d3c9cc59b75,1100100010000100100011001000110011001100110011001110000011100000,sha:a9f67b95576970113d859de8f0716700f5ab7c1781e8c381c5d51d3c9cc59b75,train
data/raw/benign/24.jpg,benign\24.jpg,24.jpg,benign,0,a776b3b51132657a6791fac6a962c7fa259c686a57720a8b11fe26e7f255c6de,0110000000010010000001110010011100010111000111111001111110011111,sha:a776b3b51132657a6791fac6a962c7fa259c686a57720a8b11fe26e7f255c6de,train
data/raw/benign/240.jpg,benign\240.jpg,240.jpg,benign,0,87592bd7c333a2969dcfd3aa4484d8872205572269605e1ddb520713eb111479,1111000011110000111100001100110011001100111010001111000011110000,sha:572abf023abf2f1e661bcbc7e1dd7ef3f0c1de0e028da3b6d6e3ba010d4ee898,train
data/raw/benign/241.jpg,benign\241.jpg,241.jpg,benign,0,14c489bee984fc79fd05c67f49b9f8fc79eee96ee9da68e9fd5b236a10eb2668,0111101101001101100011001000110000011100100111001101110011111000,sha:14c489bee984fc79fd05c67f49b9f8fc79eee96ee9da68e9fd5b236a10eb2668,train
data/raw/benign/242.jpg,benign\242.jpg,242.jpg,benign,0,1bb65f514a06dd02df6707f225164f960423084d605c61b986966e198f0d8378,0001111000011111000011110000111100001111000011110001111010010100,sha:1bb65f514a06dd02df6707f225164f960423084d605c61b986966e198f0d8378,train
data/raw/benign/243.jpg,benign\243.jpg,243.jpg,benign,0,1d137bee3cb0d01e875faecfc5b99def360c774f352da7232433c5276c3a2130,1100000011000000100011011001110110011110100111001001110010011110,sha:1d137bee3cb0d01e875faecfc5b99def360c774f352da7232433c5276c3a2130,train
data/raw/benign/246.jpg,benign\246.jpg,246.jpg,benign,0,2b5ead65c729c38cf8fd82ed829edd304983df560b7aa2295e5eec9b352c5a02,0001111000011111001100110011111100011111000011110000111100001111,sha:2b5ead65c729c38cf8fd82ed829edd304983df560b7aa2295e5eec9b352c5a02,train
data/raw/benign/248.jpg,benign\248.jpg,248.jpg,benign,0,14264fdf93d97b63698bc8c02fe253fc3314293afdc651d18cb4255827175c13,0001111000011110000111100001111100001111000011100000111010001110,sha:14264fdf93d97b63698bc8c02fe253fc3314293afdc651d18cb4255827175c13,train
data/raw/benign/249.jpg,benign\249.jpg,249.jpg,benign,0,a534aace62b76049faf98c8a13c06af9901f0f324d55a432da03dd07fd8b3bd8,1101110011001100111100001001100011001100110011101000111010101110,sha:a534aace62b76049faf98c8a13c06af9901f0f324d55a432da03dd07fd8b3bd8,train
data/raw/benign/25.jpg,benign\25.jpg,25.jpg,benign,0,e59c03dbed782aeec45ed7ab8e9a0871de5ad78f59a93122d4bb072fbd6c2423,0111110000111110001111100001111000011111000111110001111100011111,sha:e59c03dbed782aeec45ed7ab8e9a0871de5ad78f59a93122d4bb072fbd6c2423,train
data/raw/benign/252.jpg,benign\252.jpg,252.jpg,benign,0,f327ba5c8acc794fe77cc08499c694d06c3c95ba38e4c97f1e32fc414d07655e,1001000011101000100011100000111000001110000011100101110001101100,sha:f327ba5c8acc794fe77cc08499c694d06c3c95ba38e4c97f1e32fc414d07655e,train
data/raw/benign/254.jpg,benign\254.jpg,254.jpg,benign,0,2f1bbf2f954658e4eb9ebbdebd998f52b53b06084feaa6d671a8227e85a68196,1000111000001110100011101000111010001110000011110000110101001100,sha:2f1bbf2f954658e4eb9ebbdebd998f52b53b06084feaa6d671a8227e85a68196,train
data/raw/benign/257.jpg,benign\257.jpg,257.jpg,benign,0,ab1bc66caa22c67f68555e6c3d279650354ace6725d6ba7a2a7cacda319475a1,0010010010001110000011110000111100000111000011111000011111000100,sha:ab1bc66caa22c67f68555e6c3d279650354ace6725d6ba7a2a7cacda319475a1,train
data/raw/benign/258.jpg,benign\258.jpg,258.jpg,benign,0,5d85d97253a6b7d6d542565f2e367267a8ded52c10ab68682e44a98eb1b4da8f,1001100010001000100011101000111000001110100011101000110011001000,sha:5d85d97253a6b7d6d542565f2e367267a8ded52c10ab68682e44a98eb1b4da8f,train
data/raw/benign/261.jpg,benign\261.jpg,261.jpg,benign,0,a5a872755caa146d93d293da287f176d08148784e0215ffaf3ec957e89d7d60f,1001110000001100100011001000110011001101100011001000110011101100,sha:a5a872755caa146d93d293da287f176d08148784e0215ffaf3ec957e89d7d60f,train
data/raw/benign/262.jpg,benign\262.jpg,262.jpg,benign,0,fc7e38c9824569edc2c6e29f0a926f80854288440032fb77c3f69ec5c12fd78f,0000011100000111000001110010011100011011000011110000111100001111,sha:fc7e38c9824569edc2c6e29f0a926f80854288440032fb77c3f69ec5c12fd78f,train
data/raw/benign/263.jpg,benign\263.jpg,263.jpg,benign,0,3077d25bae89529240924765b66cd6866af70c8336cf328a1db2cc77a786e826,1110110011011100100111000001111000001110100011001000110011000100,sha:3077d25bae89529240924765b66cd6866af70c8336cf328a1db2cc77a786e826,train
data/raw/benign/264.jpg,benign\264.jpg,264.jpg,benign,0,42db0f9f0596a30985eb6cbe9fa39d00c7023fa877daac2947770b425a1e6a68,1111001011011000100011001000111000001110000011110000111000011100,sha:42db0f9f0596a30985eb6cbe9fa39d00c7023fa877daac2947770b425a1e6a68,train
data/raw/benign/269.jpg,benign\269.jpg,269.jpg,benign,0,88ebb9a1865278e7fdf906d09b6d865108df6e3dac3ebe176d780e0c3fc0c002,1111110011111100001111000001111000001111100001111100111111100110,sha:88ebb9a1865278e7fdf906d09b6d865108df6e3dac3ebe176d780e0c3fc0c002,train
data/raw/benign/27.jpg,benign\27.jpg,27.jpg,benign,0,2a72aba3f58eeb91edd68174114221def48d2d06f921988a6cd746538d19412b,1101100011011011100011110000011100001111000011111110111111111110,sha:2a72aba3f58eeb91edd68174114221def48d2d06f921988a6cd746538d19412b,train
data/raw/benign/271.jpg,benign\271.jpg,271.jpg,benign,0,5b1affb50b96a4740c09cf0261a5823669dbb7e4197f49965b72fb45a9092fe7,0011101000111010000111010001111100011111000111111110011111110111,sha:5b1affb50b96a4740c09cf0261a5823669dbb7e4197f49965b72fb45a9092fe7,train
data/raw/benign/272.jpg,benign\272.jpg,272.jpg,benign,0,6d464072d9bbf8e01dfcfe42f434ed1027756d8d8a67cb62f5f92ef117b2e899,1101000011010000111010000111100000111000001111000011110000111001,sha:6d464072d9bbf8e01dfcfe42f434ed1027756d8d8a67cb62f5f92ef117b2e899,train
data/raw/benign/274.jpg,benign\274.jpg,274.jpg,benign,0,63d2479933befbd32f8f7ca10025162452ecb5acadbd0a2ab1a0a9e2f4a8d4e8,0000011000001110000011110000111100000111100001111000011111000011,sha:63d2479933befbd32f8f7ca10025162452ecb5acadbd0a2ab1a0a9e2f4a8d4e8,train
data/raw/benign/276.jpg,benign\276.jpg,276.jpg,benign,0,939b90dea73d1ab335bca5729c7f70872591c6a74541517f68bf3bae2cf735b8,0111100000011111000110110001111100111111000111110011111110110100,sha:939b90dea73d1ab335bca5729c7f70872591c6a74541517f68bf3bae2cf735b8,train
data/raw/benign/277.jpg,benign\277.jpg,277.jpg,benign,0,f2580f3da85e615b2fa6d2c3f4eb7069e6dffabf688b6c4b7a73875a1a5a1eea,1111100000111000100111000001110000001110100011101000111011001100,sha:f2580f3da85e615b2fa6d2c3f4eb7069e6dffabf688b6c4b7a73875a1a5a1eea,train
data/raw/benign/28.jpg,benign\28.jpg,28.jpg,benign,0,8b7095fb828367b99c64d337e022bf87690c84a5febb7665fc5989374056d705,1011011000100111000111110011001100111011011100110010111100101111,sha:8b7095fb828367b99c64d337e022bf87690c84a5febb7665fc5989374056d705,train
data/raw/benign/281.jpg,benign\281.jpg,281.jpg,benign,0,3b2119cf918462c54b14e4469af73ae1e36ac51aed4945a223295b605975b545,1110000011111000100111000001110000011100000111000011100011110001,sha:3b2119cf918462c54b14e4469af73ae1e36ac51aed4945a223295b605975b545,train
data/raw/benign/282.jpg,benign\282.jpg,282.jpg,benign,0,b2879f6e0e3af137b378130031ee356e08584eb96399ce0f2f69e8dcbd56c1d4,1100100001001100000001101000011100000111101001101011000011110000,sha:b2879f6e0e3af137b378130031ee356e08584eb96399ce0f2f69e8dcbd56c1d4,train
data/raw/benign/285.jpg,benign\285.jpg,285.jpg,benign,0,477e1d14529ed6ce9124dae3d92e386ed43190afdd2a48f1578dd28eef9178a6,1100110110001111000011100000111000001110000111000101110011011100,sha:477e1d14529ed6ce9124dae3d92e386ed43190afdd2a48f1578dd28eef9178a6,train
data/raw/benign/290.jpg,benign\290.jpg,290.jpg,benign,0,ee94eacfa4956998b4bf677fa47dbfa478c9618fe67c1f035e04b2d525afa4fa,1100111011001111110011101100011111010101111100101111100010111000,sha:ee94eacfa4956998b4bf677fa47dbfa478c9618fe67c1f035e04b2d525afa4fa,train
data/raw/benign/292.jpg,benign\292.jpg,292.jpg,benign,0,e161b86fb7fa7e03a83eaa305fc2a69fee2efd29b097d0641d437075d0bb707b,0001111000001110000011110001011100010111000111110001111110011110,sha:e161b86fb7fa7e03a83eaa305fc2a69fee2efd29b097d0641d437075d0bb707b,train
data/raw/benign/293.jpg,benign\293.jpg,293.jpg,benign,0,0fb619b63c5901daba9ea31c78d0935b94c531565038e7b377eaeb2abfb57afe,1101100011001100110011101100111010001110110011101100110011101100,sha:0fb619b63c5901daba9ea31c78d0935b94c531565038e7b377eaeb2abfb57afe,train
data/raw/benign/294.jpg,benign\294.jpg,294.jpg,benign,0,364ba7caef66e482af994d20ed49fcd2a830dee74e8a0da4bf0dff4cb4f96a12,1101111010011111000111000001111000011110000111100000110000001000,sha:364ba7caef66e482af994d20ed49fcd2a830dee74e8a0da4bf0dff4cb4f96a12,train
data/raw/benign/295.jpg,benign\295.jpg,295.jpg,benign,0,ccf2a8a29e7fb905b57762ffeec771c6c5f96794ec4f21f7a883a6793d0baa2e,0000110000001111000011110000111100001111000011110000111010001101,sha:ccf2a8a29e7fb905b57762ffeec771c6c5f96794ec4f21f7a883a6793d0baa2e,train
data/raw/benign/296.jpg,benign\296.jpg,296.jpg,benign,0,82deb558b96c3e1038ec7607975d851ddaefbec665a02c0ef4d693f61eecb318,1111000011100000110011001100111011001110110011001110000011100000,sha:82deb558b96c3e1038ec7607975d851ddaefbec665a02c0ef4d693f61eecb318,train
data/raw/benign/297.jpg,benign\297.jpg,297.jpg,benign,0,c1f89f62f05b8fc405919563f0e104bbf4ad4ba17636cf893098e37f7b1bea07,1110001111000011100001111000111100001111000011111100111011111110,sha:c1f89f62f05b8fc405919563f0e104bbf4ad4ba17636cf893098e37f7b1bea07,train
data/raw/benign/298.jpg,benign\298.jpg,298.jpg,benign,0,51d8544b0f1c93c6ef2d94876efb276662e37ab8be0a6f0d7bfc255c96e2d8e0,0000111100001111000011110001111100111111001011100011110000111000,sha:51d8544b0f1c93c6ef2d94876efb276662e37ab8be0a6f0d7bfc255c96e2d8e0,train
data/raw/benign/299.jpg,benign\299.jpg,299.jpg,benign,0,d715020744a8ccc3671baee43554503b49b9eea26861d33ac35a7d73142b380f,1000110000001110000111110000111100001111001110110111001100111011,sha:d715020744a8ccc3671baee43554503b49b9eea26861d33ac35a7d73142b380f,train
data/raw/benign/30.jpg,benign\30.jpg,30.jpg,benign,0,87ff45773cab82d9ca8b90fcf9363d94f9e8fe4ab84f60f875175cf91397f906,1111000011110000110010001100110011001100110011001110100011110000,sha:32cfeeebce2dd54b71318464248f594c6ba932fb4fe4336578a6b1e04e485c7c,train
data/raw/benign/302.jpg,benign\302.jpg,302.jpg,benign,0,112662293cf3a065d8ad93aadf544641ddf4ffe197956d3700546ebb2c259298,1010100000001111000011100000111000001110100011101000111011000010,sha:112662293cf3a065d8ad93aadf544641ddf4ffe197956d3700546ebb2c259298,train
data/raw/benign/305.jpg,benign\305.jpg,305.jpg,benign,0,abccc6cc9e17496b8b94646766d3cfff88dc886ae2a22a3842790409f7f85339,0001110000011100000111000001111000011110100111100011010001100100,sha:abccc6cc9e17496b8b94646766d3cfff88dc886ae2a22a3842790409f7f85339,train
data/raw/benign/307.jpg,benign\307.jpg,307.jpg,benign,0,38ff8b9582ecacaeda85e98afa7ecac8df95729c4a4804cea745432da0af6da9,1100111000001111001111110011111100111110001111000111110011111000,sha:38ff8b9582ecacaeda85e98afa7ecac8df95729c4a4804cea745432da0af6da9,train
data/raw/benign/308.jpg,benign\308.jpg,308.jpg,benign,0,67ed5a7451c93b707bb628c98ac6572f68c252d805f4ec2eba79053fc3a541a3,0100011110000111100101111000001110000011100001111000011110001111,sha:67ed5a7451c93b707bb628c98ac6572f68c252d805f4ec2eba79053fc3a541a3,train
data/raw/benign/310.jpg,benign\310.jpg,310.jpg,benign,0,ef068f1d1147b8c1d40131577ce633c571696bb22f812e9822612e632ab5b372,1001100000011100000111000000110000001100000011001001110010001000,sha:ef068f1d1147b8c1d40131577ce633c571696bb22f812e9822612e632ab5b372,train
data/raw/benign/312.jpg,benign\312.jpg,312.jpg,benign,0,066417420f0bed9c8d64d80b4fac85f618da779f1710955308064dfd6d3d203b,0110100010011110000111100001011100010111100011111000111110011000,sha:066417420f0bed9c8d64d80b4fac85f618da779f1710955308064dfd6d3d203b,train
data/raw/benign/315.jpg,benign\315.jpg,315.jpg,benign,0,ed6ec203911170d76ebeafd78facd52add8ec8bd477af5f585a61c8c9bc1e522,1011011100001111000011110001011100001111100011111000111100000111,sha:ed6ec203911170d76ebeafd78facd52add8ec8bd477af5f585a61c8c9bc1e522,train
data/raw/benign/316.jpg,benign\316.jpg,316.jpg,benign,0,1eb5e3031bb8bdf7474cdd46b0b559b5c066a9fb455e6f1b4f029381c92c9b73,1111000011100010100001101001011100010111000111101001100011110000,sha:1eb5e3031bb8bdf7474cdd46b0b559b5c066a9fb455e6f1b4f029381c92c9b73,train
data/raw/benign/318.jpg,benign\318.jpg,318.jpg,benign,0,4787b1fb9739245a10988da51dce2492b9f131c10055bc52d0abdd71782d2dfd,0111010000100110100101101001011010001110100011001001110010011000,sha:4787b1fb9739245a10988da51dce2492b9f131c10055bc52d0abdd71782d2dfd,train
data/raw/benign/32.jpg,benign\32.jpg,32.jpg,benign,0,f21b46ac0ebbcbf8f644f57e58a003a5731b4f47091429531488ea425950e5b1,1100010000011000001111000110110001101100101100001000000011100000,sha:f21b46ac0ebbcbf8f644f57e58a003a5731b4f47091429531488ea425950e5b1,train
data/raw/benign/321.jpg,benign\321.jpg,321.jpg,benign,0,2ca38f0b07e841235db1e28a6c4f3f45d08314b501a86919a4697e3c13d507c7,1010100011001000010011100000111010001110100011001001110000111000,sha:2ca38f0b07e841235db1e28a6c4f3f45d08314b501a86919a4697e3c13d507c7,train
data/raw/benign/324.jpg,benign\324.jpg,324.jpg,benign,0,fe91279ef1fda00c8ac55e78eb5af7e681d2f3cc8a7a71b269daac89d505bdb0,0001111000011101100011001000111000000110101011101111011010110010,sha:fe91279ef1fda00c8ac55e78eb5af7e681d2f3cc8a7a71b269daac89d505bdb0,train
data/raw/benign/325.jpg,benign\325.jpg,325.jpg,benign,0,a01ecb951b028f5a8ccce3a7760970a6b13985200383cc22be5ffc1ef8e88c63,0001111100011111000111110001111100011111000011100000111000000111,sha:a01ecb951b028f5a8ccce3a7760970a6b13985200383cc22be5ffc1ef8e88c63,train
data/raw/benign/326.jpg,benign\326.jpg,326.jpg,benign,0,801cc6f7fbf8761b86758d7a2038d972152d4daa64c9d204d0d7d1c9cc918a24,1111000011110000110011001100110011001100110011001110000011110000,sha:32cfeeebce2dd54b71318464248f594c6ba932fb4fe4336578a6b1e04e485c7c,train
data/raw/benign/327.jpg,benign\327.jpg,327.jpg,benign,0,46bf3a166985fdb5ccb060e1647545303534e976445e92d02aa9faaf0fc2259c,1100100010000100000011110000111100000111000001111000011010010000,sha:46bf3a166985fdb5ccb060e1647545303534e976445e92d02aa9faaf0fc2259c,train
data/raw/benign/329.jpg,benign\329.jpg,329.jpg,benign,0,a89cb600bf3f88cbac0346bd91e1388986d5a506d0a6206df9fdf08a957fa47d,0011000000011000000111000001110000011110000111100001110000011100,sha:a89cb600bf3f88cbac0346bd91e1388986d5a506d0a6206df9fdf08a957fa47d,train
data/raw/benign/333.jpg,benign\333.jpg,333.jpg,benign,0,cf15ad7b8140cef1c2247f0a18384f0d87ca781452e4df3e68bef6677da7fc4b,0000111000011110000011110001111000011110000111100001110011011100,sha:cf15ad7b8140cef1c2247f0a18384f0d87ca781452e4df3e68bef6677da7fc4b,train
data/raw/benign/334.jpg,benign\334.jpg,334.jpg,benign,0,78905d522bb6f7695ed5c882cb85adf5b132c71d2c1012fdb2ec1b2211d96877,1111000011110000111000001100100011001100110100001111000011100000,sha:78905d522bb6f7695ed5c882cb85adf5b132c71d2c1012fdb2ec1b2211d96877,train
data/raw/benign/336.jpg,benign\336.jpg,336.jpg,benign,0,3b568c365587bd7cf96b19d14e008af88dfb0a56d1dda9e90abb97d2f744c72e,1111100011111000100011100000111100001111100011111000111011001100,sha:3b568c365587bd7cf96b19d14e008af88dfb0a56d1dda9e90abb97d2f744c72e,train
data/raw/benign/338.jpg,benign\338.jpg,338.jpg,benign,0,503b2829a530d4bcd39b3463ad95bc93246fba3dbb975b95402701aa438a9209,0011000010011000001110000011100000111100000111000010101001100000,sha:503b2829a530d4bcd39b3463ad95bc93246fba3dbb975b95402701aa438a9209,train
data/raw/benign/339.jpg,benign\339.jpg,339.jpg,benign,0,44ad748b0a7c233a1b3e3938c11171c6f7ff6570d54e31f935b3de7d1b3a55bf,1100110011101100110011101100111011000110110001111011000111110000,sha:44ad748b0a7c233a1b3e3938c11171c6f7ff6570d54e31f935b3de7d1b3a55bf,train
data/raw/benign/340.jpg,benign\340.jpg,340.jpg,benign,0,745d4379f4d33165bdc0a089598101a683ecf1bd562b98283f6cba03674c2650,1000001100000111100111111001101100010011100101111001111110001111,sha:745d4379f4d33165bdc0a089598101a683ecf1bd562b98283f6cba03674c2650,train
data/raw/benign/341.jpg,benign\341.jpg,341.jpg,benign,0,f1a9b7b608c2cc826faa813ef6d28d5425f7c82bfc41643473627cc816282323,1110000011001100100011001000111010001110110011101100110011101000,sha:f1a9b7b608c2cc826faa813ef6d28d5425f7c82bfc41643473627cc816282323,train
data/raw/benign/343.jpg,benign\343.jpg,343.jpg,benign,0,68032276a702cfd9d83903af26cb98a6d6575d56b73b0afaa2295643ec63a6ee,1110010000000100000011110000111100001111000011110000111110001110,sha:68032276a702cfd9d83903af26cb98a6d6575d56b73b0afaa2295643ec63a6ee,train
data/raw/benign/345.jpg,benign\345.jpg,345.jpg,benign,0,2408b5a0cd3fa4c868675d94e1333943742b654d03c6f0613464fdd7d9b61fea,1001110011001100000011100000111010001110100011101000110010000101,sha:2408b5a0cd3fa4c868675d94e1333943742b654d03c6f0613464fdd7d9b61fea,train
data/raw/benign/347.jpg,benign\347.jpg,347.jpg,benign,0,476544a3d7bf1bdeb3605d8418f5535bcaeb9dc62e84bcb4c23f13203a838999,0011111000011111001111110011011100101111001011110000111010001011,sha:476544a3d7bf1bdeb3605d8418f5535bcaeb9dc62e84bcb4c23f13203a838999,train
data/raw/benign/349.jpg,benign\349.jpg,349.jpg,benign,0,6ff16275f435b33b088797c17f00155b93d9f7dbb2d42786a6ffea0baaad4d7c,0011100000111100000111100001011100001111100001111000001111000000,sha:6ff16275f435b33b088797c17f00155b93d9f7dbb2d42786a6ffea0baaad4d7c,train
data/raw/benign/35.jpg,benign\35.jpg,35.jpg,benign,0,ac1cb0b00417d92007188ffc7c67d0cc659c0457fcf584a48a69a7e9cdd90933,0111110111001100110111001001111011001111110011111100111111101100,sha:ac1cb0b00417d92007188ffc7c67d0cc659c0457fcf584a48a69a7e9cdd90933,train
data/raw/benign/350.jpg,benign\350.jpg,350.jpg,benign,0,7d1b2665043fe85a98f08b0d9239ab48b3cdb7b37df0e864833a8508a985eb31,1111000011001100100011100000111010010110100101101101000011010000,sha:7d1b2665043fe85a98f08b0d9239ab48b3cdb7b37df0e864833a8508a985eb31,train
data/raw/benign/351.jpg,benign\351.jpg,351.jpg,benign,0,8b60cea1ec293e56ddaf54400660b9975b9b35b9a5719bef4b2150bf02a01838,1111000011000110100011111000111110001111100011111100111011000100,sha:8b60cea1ec293e56ddaf54400660b9975b9b35b9a5719bef4b2150bf02a01838,train
data/raw/benign/352.jpg,benign\352.jpg,352.jpg,benign,0,42aa0acb4d84ae33de8aac5302666f9d6306f7ede6491e0de8680b8f92530e7b,0001111000110111001111110000111100011110000011100000011001000110,sha:42aa0acb4d84ae33de8aac5302666f9d6306f7ede6491e0de8680b8f92530e7b,train
data/raw/benign/355.jpg,benign\355.jpg,355.jpg,benign,0,a0a482c535dcdd123e32201c626078c9cfb3be96ac774ed21fa88699cdd0a9ba,1110000010011001000110110000111100011110000111001011100011110000,sha:a0a482c535dcdd123e32201c626078c9cfb3be96ac774ed21fa88699cdd0a9ba,train
data/raw/benign/357.jpg,benign\357.jpg,357.jpg,benign,0,406bfdc8df28bdfdc3326e7d66e5b56cbc2ef802c61f9afec2ddf2ddf8936434,0001111000011110000111110001111100001111000111110001111000111110,sha:406bfdc8df28bdfdc3326e7d66e5b56cbc2ef802c61f9afec2ddf2ddf8936434,train
data/raw/benign/359.jpg,benign\359.jpg,359.jpg,benign,0,8c4acf1f4439f0eceb4baa6a4ed4e3be70e4ef39405014ea71f08fb9c7382622,0010001100000111000001110001111100111100001100101111000011111000,sha:8c4acf1f4439f0eceb4baa6a4ed4e3be70e4ef39405014ea71f08fb9c7382622,train
data/raw/benign/361.jpg,benign\361.jpg,361.jpg,benign,0,7365a6d54cb6b4e49a336c907dc1cf5ac9f4c7f15f4585fa83052b022d5482d3,0000110100001111000101110011111100111110011101001101000111000011,sha:7365a6d54cb6b4e49a336c907dc1cf5ac9f4c7f15f4585fa83052b022d5482d3,train
data/raw/benign/365.jpg,benign\365.jpg,365.jpg,benign,0,e81e38dc00db34e9712eb78fec3dfafc0d5463afc419ec615085c0f0200900cf,1100010011001100010011100100011001100110110011100110111001101110,sha:e81e38dc00db34e9712eb78fec3dfafc0d5463afc419ec615085c0f0200900cf,train
data/raw/benign/366.jpg,benign\366.jpg,366.jpg,benign,0,f7660af4db35d66ce02015b283ad67f85e38be88b6b83a00a2fb3b381906977b,0001110000111110001111100011111000111111000111011000110000001100,sha:f7660af4db35d66ce02015b283ad67f85e38be88b6b83a00a2fb3b381906977b,train
data/raw/benign/368.jpg,benign\368.jpg,368.jpg,benign,0,56fb69cda212af0e97060c15fcda14c0c1e6351bb444b649581d7725ea8522b9,0001110000011110000111100000111000011110000011100000111001001110,sha:56fb69cda212af0e97060c15fcda14c0c1e6351bb444b649581d7725ea8522b9,train
data/raw/benign/370.jpg,benign\370.jpg,370.jpg,benign,0,f0f1783975c8c2441d438fc8faa573abbe49085e0c913d7db88a0dd3f58938c1,1000011110000111000011110001110100011111000111110001111100011111,sha:f0f1783975c8c2441d438fc8faa573abbe49085e0c913d7db88a0dd3f58938c1,train
data/raw/benign/371.jpg,benign\371.jpg,371.jpg,benign,0,eb8ee4db8ec151dc4b145a6ffbc78c794c7ea503210a226632008bc028bede67,1111000010110000001110000011110000111100001110001011000011111000,sha:eb8ee4db8ec151dc4b145a6ffbc78c794c7ea503210a226632008bc028bede67,train
data/raw/benign/372.jpg,benign\372.jpg,372.jpg,benign,0,53292e96b6573724603d1540dc5d6c5121373aa6029f1bae35897bd6c8ffa812,1110100010001100000011101000111010001110000011101000111010001000,sha:53292e96b6573724603d1540dc5d6c5121373aa6029f1bae35897bd6c8ffa812,train
data/raw/benign/373.jpg,benign\373.jpg,373.jpg,benign,0,4ffdf1aa97de3f6dcc1b061685632b00989138a8861c64d4bd3691e4d42ccc87,1111100011111000111100001110110011101100111011001111000011110000,sha:4ffdf1aa97de3f6dcc1b061685632b00989138a8861c64d4bd3691e4d42ccc87,train
data/raw/benign/374.jpg,benign\374.jpg,374.jpg,benign,0,cf729c477a451abc8c36450e2cd4971a3bd16cce499633082fd377f86948c375,1111000011111000111100001110110011001100111010001111000011110000,sha:572abf023abf2f1e661bcbc7e1dd7ef3f0c1de0e028da3b6d6e3ba010d4ee898,train
data/raw/benign/375.jpg,benign\375.jpg,375.jpg,benign,0,efbe1352b7df99aa0a573df7031bbb0a9a6f8b8a8d6cf3ee068296e43adff290,1111000011110000100110000001110000011110100011001110100011110000,sha:efbe1352b7df99aa0a573df7031bbb0a9a6f8b8a8d6cf3ee068296e43adff290,train
data/raw/benign/376.jpg,benign\376.jpg,376.jpg,benign,0,d67a361fa966722da6adf724a04d00af341f83994fcaf9f426f84aeac4493c6f,1111001011010010000001111000011100000111100011111000111011000100,sha:d67a361fa966722da6adf724a04d00af341f83994fcaf9f426f84aeac4493c6f,train
data/raw/benign/380.jpg,benign\380.jpg,380.jpg,benign,0,443955b5182151b9ebdac53666cd12c60bff1cd9937327410abc0f86920492eb,1100011010001111100011111000111100001111100011101100110011110000,sha:443955b5182151b9ebdac53666cd12c60bff1cd9937327410abc0f86920492eb,train
data/raw/benign/381.jpg,benign\381.jpg,381.jpg,benign,0,31c87ec36870370385c4ed3a2b2bd109eb2af4a59d04acf53b86c3f3f8635d4c,0111100011001100100011000000111010001110100011101100111001000100,sha:31c87ec36870370385c4ed3a2b2bd109eb2af4a59d04acf53b86c3f3f8635d4c,train
data/raw/benign/382.jpg,benign\382.jpg,382.jpg,benign,0,616ee71f60f5b925bda46650f5792ce2b7ead0068f5f98bd0e8a413d7c6572c4,1011000000111000001001001000111011001100011011001011100011101000,sha:616ee71f60f5b925bda46650f5792ce2b7ead0068f5f98bd0e8a413d7c6572c4,train
data/raw/benign/383.jpg,benign\383.jpg,383.jpg,benign,0,3e8487b2afc192b2df33a8c54eba7b1ac9229d0092409c969e755e7f8e72455c,1110000011100000110010001100100011001000110010001110000011110000,sha:3e8487b2afc192b2df33a8c54eba7b1ac9229d0092409c969e755e7f8e72455c,train
data/raw/benign/386.jpg,benign\386.jpg,386.jpg,benign,0,5400fc164a9ee8dd9912f975d97c15655901a5d2e74646cbf0ff2bc0b8d0528b,1100001010001100100011001000110010001100100110101101001010100100,sha:5400fc164a9ee8dd9912f975d97c15655901a5d2e74646cbf0ff2bc0b8d0528b,train
data/raw/benign/387.jpg,benign\387.jpg,387.jpg,benign,0,8e06dbb319da6199a970bd20dcd73f56e4adacf4c17909d3edce68d651d8ea54,1110000011111000101110000001110000011110000111100000111000010110,sha:8e06dbb319da6199a970bd20dcd73f56e4adacf4c17909d3edce68d651d8ea54,train
data/raw/benign/39.jpg,benign\39.jpg,39.jpg,benign,0,ee8f9be950c5d9e411dcc617f11c01a0fbe7c8d523d2e3dcfef38041b8760efe,1001110000011100000111100000111100001111000011110000111010001110,sha:ee8f9be950c5d9e411dcc617f11c01a0fbe7c8d523d2e3dcfef38041b8760efe,train
data/raw/benign/390.jpg,benign\390.jpg,390.jpg,benign,0,bc29d8a9848c1275e86a8b864b9335b28e5f31ba7f86365325f65bc148eec8e4,1110000011110000111010001100110011001100111000001110000011100000,sha:bc29d8a9848c1275e86a8b864b9335b28e5f31ba7f86365325f65bc148eec8e4,train
data/raw/benign/391.jpg,benign\391.jpg,391.jpg,benign,0,0b7d066128e024311e72dfd7ee726fbde58f3bdb144de3ac5423b91705a4be0a,1011000011001100100011101000111010001110100011101100001011110000,sha:0b7d066128e024311e72dfd7ee726fbde58f3bdb144de3ac5423b91705a4be0a,train
data/raw/benign/392.jpg,benign\392.jpg,392.jpg,benign,0,0d6c170dbaa0e72084703c15941b68f670989da7495e215853b5b4e0676c1211,1100010011001100100011101001111010011110100111001101110011111000,sha:0d6c170dbaa0e72084703c15941b68f670989da7495e215853b5b4e0676c1211,train
data/raw/benign/393.jpg,benign\393.jpg,393.jpg,benign,0,388f936f583b0e944432c63cc4b85f8393fbe15483c4f5951ee34b1f996a8b2a,1111101000011110000111100001111000011110001111100001111000011111,sha:388f936f583b0e944432c63cc4b85f8393fbe15483c4f5951ee34b1f996a8b2a,train
data/raw/benign/395.jpg,benign\395.jpg,395.jpg,benign,0,75b420214ad5a3bdc26291ae10778988a3b865f3d1123fff2891477ce4f181ad,1100110010001111100011110000111100011111000111110001111101001100,sha:75b420214ad5a3bdc26291ae10778988a3b865f3d1123fff2891477ce4f181ad,train
data/raw/benign/396.jpg,benign\396.jpg,396.jpg,benign,0,550a6729fc03e239dcedc85548bd142b425cc4d8a0dded21ab85b2d8c9d5a7f1,0101001001100110010011100000111100001111000001101100011011100010,sha:550a6729fc03e239dcedc85548bd142b425cc4d8a0dded21ab85b2d8c9d5a7f1,train
data/raw/benign/397.jpg,benign\397.jpg,397.jpg,benign,0,b17fe6fdd25db73ea9140982e0d6a58428f343fabf2ceb136fc4f9dbe4245034,0001110000011110000110110000100110000101111001001110011011110010,sha:b17fe6fdd25db73ea9140982e0d6a58428f343fabf2ceb136fc4f9dbe4245034,train
data/raw/benign/398.jpg,benign\398.jpg,398.jpg,benign,0,6edc7207ecfebeff2a12a74f08e56f33959199bfa8f3bcd252ba9a4880c42511,1110100011111000110011001000111010001110100011001111000011110000,sha:6edc7207ecfebeff2a12a74f08e56f33959199bfa8f3bcd252ba9a4880c42511,train
data/raw/benign/4.jpg,benign\4.jpg,4.jpg,benign,0,d422e97aca441fa05104bf07ec9ca77a96aef38ed90424f3669d71ea795d0484,0101001000111100000111100001111000011111100011111000011111000111,sha:d422e97aca441fa05104bf07ec9ca77a96aef38ed90424f3669d71ea795d0484,train
data/raw/benign/40.jpg,benign\40.jpg,40.jpg,benign,0,5516482cd86ea9dd75e89174518496c0a39a8e5101239df7e82c37924e06a862,0001110100001110001011110010111100011111000001111100001111000000,sha:5516482cd86ea9dd75e89174518496c0a39a8e5101239df7e82c37924e06a862,train
data/raw/benign/402.jpg,benign\402.jpg,402.jpg,benign,0,fec02e0c1d1a0e08fd7c2204d249517edb9d9fe0eb31e740309026052cf42a19,1110000011001000100011101000111000001110100011101000110011100000,sha:fec02e0c1d1a0e08fd7c2204d249517edb9d9fe0eb31e740309026052cf42a19,train
data/raw/benign/405.jpg,benign\405.jpg,405.jpg,benign,0,9c8ef6707a3c05b303bab8e7069ec3faafb4cfe66a1297c1b830f17440a47acd,0000001000000100001100010011001101111111011111110111111101111100,sha:9c8ef6707a3c05b303bab8e7069ec3faafb4cfe66a1297c1b830f17440a47acd,train
data/raw/benign/406.jpg,benign\406.jpg,406.jpg,benign,0,bf0c4f465f42752d2513abaafef479445cd373ef15ad188786e154d2ee7eebd0,1001111010011111000111111000111110000111100001111100011111000100,sha:bf0c4f465f42752d2513abaafef479445cd373ef15ad188786e154d2ee7eebd0,train
data/raw/benign/408.jpg,benign\408.jpg,408.jpg,benign,0,50a2abdfdab351e1135d9efabd1290bbeadbd316f9bed81460ff2cd1ed728848,1111001111110000111011001100110011001100111010000111000011110000,sha:50a2abdfdab351e1135d9efabd1290bbeadbd316f9bed81460ff2cd1ed728848,train
data/raw/benign/41.jpg,benign\41.jpg,41.jpg,benign,0,9aa1b2f7472f714f4cbaf8d5fc4cec81b6d95d1724bd9ef3e43bec5adab1f737,1101000111001100100011111000111100001111000011111000111010011100,sha:9aa1b2f7472f714f4cbaf8d5fc4cec81b6d95d1724bd9ef3e43bec5adab1f737,train
data/raw/benign/410.jpg,benign\410.jpg,410.jpg,benign,0,842082556d24c88b399ad222583caf25729a20edf1cd65e13163f5286b2a6da1,1111000010111001000110000001110000111100001110001101100011011000,sha:842082556d24c88b399ad222583caf25729a20edf1cd65e13163f5286b2a6da1,train
data/raw/benign/412.jpg,benign\412.jpg,412.jpg,benign,0,028b724c3ddd6545e0652d2e221a77ec2d39f364477e9444a75d584bf3f35e99,0000111100110111011101111110001111100011111000110110011101100111,sha:028b724c3ddd6545e0652d2e221a77ec2d39f364477e9444a75d584bf3f35e99,train
data/raw/benign/413.jpg,benign\413.jpg,413.jpg,benign,0,f5921a10cb74ca660a6c0fb0c44e0ef66eb32a7f53e66c27f71e03977a8356fe,1000110011001111000011110000111110001110100011101000111010100001,sha:f5921a10cb74ca660a6c0fb0c44e0ef66eb32a7f53e66c27f71e03977a8356fe,train
data/raw/benign/416.jpg,benign\416.jpg,416.jpg,benign,0,7bfdc70d95dec93820b9bdfa5793aacad64c4cd3f2f39199fa6ac646d5e8d1f1,0000111100001111001001110011100100110001000100110001001100000111,sha:7bfdc70d95dec93820b9bdfa5793aacad64c4cd3f2f39199fa6ac646d5e8d1f1,train
data/raw/benign/418.jpg,benign\418.jpg,418.jpg,benign,0,e1cb967ab75a85935373de39e42524d6a1f7af58cbe8256f1ff9de80a08ea2a1,1111000011110000101101001001011010011111100011111100001111110011,sha:e1cb967ab75a85935373de39e42524d6a1f7af58cbe8256f1ff9de80a08ea2a1,train
data/raw/benign/420.jpg,benign\420.jpg,420.jpg,benign,0,6661f8e6736eabbb86b904ca67277e169fce266cccb67e1ff0aae521e3163cf5,0000011100000111000001110010011100110111000101110001111110011111,sha:6661f8e6736eabbb86b904ca67277e169fce266cccb67e1ff0aae521e3163cf5,train
data/raw/benign/421.jpg,benign\421.jpg,421.jpg,benign,0,55818d14fd54a15f1d59a91e446072cdb706d263e5576c9717e98c94a8a1f42d,1100111011001110110011101000111000001110000111101001111010111100,sha:55818d14fd54a15f1d59a91e446072cdb706d263e5576c9717e98c94a8a1f42d,train
data/raw/benign/424.jpg,benign\424.jpg,424.jpg,benign,0,627fa25fb00b82d55459243b3a279516fe72a5169f9d9c217d67eb14360dcaf7,0000111000001110000011100000011100000111000001100000111010001000,sha:627fa25fb00b82d55459243b3a279516fe72a5169f9d9c217d67eb14360dcaf7,train
data/raw/benign/425.jpg,benign\425.jpg,425.jpg,benign,0,2d3e1f4890f2701f91f9b8a041a4f748704996c0f0d9c2fd034d6393f62e72ce,1001100010001000000011000000111000001110110011001011100011110000,sha:2d3e1f4890f2701f91f9b8a041a4f748704996c0f0d9c2fd034d6393f62e72ce,train
data/raw/benign/429.jpg,benign\429.jpg,429.jpg,benign,0,8d858ea3f864a810aa214d62100457c9a32c6b131f41ce3ac393709becbd0914,1100110111000110110001101100111011001110100011101100011011100110,sha:8d858ea3f864a810aa214d62100457c9a32c6b131f41ce3ac393709becbd0914,train
data/raw/benign/43.jpg,benign\43.jpg,43.jpg,benign,0,bf40b057e57290523ebac765a3d32c8fda157683cc5eda06b07514a0dcf3f79b,1110000011101000111100001110110011101100111011001111100011111000,sha:bf40b057e57290523ebac765a3d32c8fda157683cc5eda06b07514a0dcf3f79b,train
data/raw/benign/430.jpg,benign\430.jpg,430.jpg,benign,0,74c88ca0a654319c9ea805d539adae133a8718930cf89373ad63e8797299bfac,1110000011100000111000001100110011101100111000001111000010110000,sha:94fdf6c69417f20807053888d7fea552e0052bce2e938a43a2e08470c0e3fa4c,train
data/raw/benign/431.jpg,benign\431.jpg,431.jpg,benign,0,6919b45b23f7cb503eb4a650d3d001d710ab737fc1ab3073454a52fc3626468b,1111000011110000111100001100100011001000111010001111000011110000,sha:572abf023abf2f1e661bcbc7e1dd7ef3f0c1de0e028da3b6d6e3ba010d4ee898,train
data/raw/benign/432.jpg,benign\432.jpg,432.jpg,benign,0,a3f05bb0c57c8dcd12bd853a14c85f8934a493f9467432567d6fa20e4e0c4b5c,1111000011110000100011001000111010001110111011001110100011110000,sha:a3f05bb0c57c8dcd12bd853a14c85f8934a493f9467432567d6fa20e4e0c4b5c,train
data/raw/benign/434.jpg,benign\434.jpg,434.jpg,benign,0,afc44fdc1261f464ebb1071149f0ba6fbd011cb42de7edbfaefcea6a858157b2,0001111000011110000011110000011100000111000001110000011100001111,sha:afc44fdc1261f464ebb1071149f0ba6fbd011cb42de7edbfaefcea6a858157b2,train
data/raw/benign/438.jpg,benign\438.jpg,438.jpg,benign,0,fb78f115f6eb7d71c35e737e42a01c73155189d2f2970f0667d2ee3b671e34fd,1000111110001111100011111000111100001111000011110001111100011111,sha:fb78f115f6eb7d71c35e737e42a01c73155189d2f2970f0667d2ee3b671e34fd,train
data/raw/benign/440.jpg,benign\440.jpg,440.jpg,benign,0,8b7820cf2b2cee16c706698e970fea869354db4b1a70bf297c31dc801226a9c2,1111000010101100000011100000111100001111000011110000111010001110,sha:8b7820cf2b2cee16c706698e970fea869354db4b1a70bf297c31dc801226a9c2,train
data/raw/benign/441.jpg,benign\441.jpg,441.jpg,benign,0,a57acc531e98a6dc6dbd357dd53ad3bc9bc180fcddbe6128ef9bac6a4c75e4d5,1111100011111100110011101100111011001110110011001100110011001100,sha:a57acc531e98a6dc6dbd357dd53ad3bc9bc180fcddbe6128ef9bac6a4c75e4d5,train
data/raw/benign/442.jpg,benign\442.jpg,442.jpg,benign,0,651cb8c15d0a4bf6bb63d82ec17f38dad6f01ee1e6d28df896026dd67bf3f9c1,1000111110001111000011110000111100001111000011110010011000100110,sha:651cb8c15d0a4bf6bb63d82ec17f38dad6f01ee1e6d28df896026dd67bf3f9c1,train
data/raw/benign/443.jpg,benign\443.jpg,443.jpg,benign,0,5b8d4479d8d54996b28fedc8c4c965b6e6944a66d1eaa3cc1925ebebfdec2424,1000100010000100100011011000110110001100100011001011110010111100,sha:5b8d4479d8d54996b28fedc8c4c965b6e6944a66d1eaa3cc1925ebebfdec2424,train
data/raw/benign/445.jpg,benign\445.jpg,445.jpg,benign,0,08bce725dc3f1cef700900873751e71d7aa1b2a0ca3825f9db78fb30301db3a7,1111100011111000100111000001110000011100000011001000110011010000,sha:08bce725dc3f1cef700900873751e71d7aa1b2a0ca3825f9db78fb30301db3a7,train
data/raw/benign/446.jpg,benign\446.jpg,446.jpg,benign,0,e801eb3b997e260edd0241fd39f1f6c9756963889df66a4b2565a0dddd7eaca8,1111001010110010100111101001111010001111110001101101011011110110,sha:e801eb3b997e260edd0241fd39f1f6c9756963889df66a4b2565a0dddd7eaca8,train
data/raw/benign/448.jpg,benign\448.jpg,448.jpg,benign,0,03db1aacae1c2c1f446853435700d03bbaccf355cadb70559acba20bbeb66625,1111000011110000111011001100110011001100110011001110110011110000,sha:03db1aacae1c2c1f446853435700d03bbaccf355cadb70559acba20bbeb66625,train
data/raw/benign/450.jpg,benign\450.jpg,450.jpg,benign,0,48b5f8c6e1e07ee51d2d8131ff150d641187c799e8e5f1895fc6f475c87b7b82,0001110000111110000111110001111100011111000011110000111111000111,sha:48b5f8c6e1e07ee51d2d8131ff150d641187c799e8e5f1895fc6f475c87b7b82,train
data/raw/benign/451.jpg,benign\451.jpg,451.jpg,benign,0,3d4338b04da43c978aa80082000361bdb0faf70a61a13e9e32f0c3fae6d100f8,1111000011110000111100001100110011001100111010001111000011110000,sha:572abf023abf2f1e661bcbc7e1dd7ef3f0c1de0e028da3b6d6e3ba010d4ee898,train
data/raw/benign/453.jpg,benign\453.jpg,453.jpg,benign,0,59c1a40d3b1d3171775b63864557da945821bfb7ef1b4f5d3b8add8f5ae803c7,1110110010011100100111101000111010001110100011100000111000101110,sha:59c1a40d3b1d3171775b63864557da945821bfb7ef1b4f5d3b8add8f5ae803c7,train
data/raw/benign/456.jpg,benign\456.jpg,456.jpg,benign,0,a9c599bc9406185f8fe8020e6d4ee900b3a13f167781d65eb11550f50797f2c2,1111111010000110000001110000011100001111000001101100011010110110,sha:a9c599bc9406185f8fe8020e6d4ee900b3a13f167781d65eb11550f50797f2c2,train
data/raw/benign/458.jpg,benign\458.jpg,458.jpg,benign,0,efe19aa338576a4641092fe5a0c9378b0868677cd9fd495d4ced5bed1a229afd,1111010010111000100111100000111100001111000011111100001111110000,sha:efe19aa338576a4641092fe5a0c9378b0868677cd9fd495d4ced5bed1a229afd,train
data/raw/benign/46.jpg,benign\46.jpg,46.jpg,benign,0,6942f1efe230ae0084f67b4addb6688a4ecef67f1aee34a0e2a0bc752a0b3104,1111000011110000111001001100011011000110111001001110110011110000,sha:6942f1efe230ae0084f67b4addb6688a4ecef67f1aee34a0e2a0bc752a0b3104,train
data/raw/benign/460.jpg,benign\460.jpg,460.jpg,benign,0,73d7660c145c6077e6bef1d044351a234957c35be4c765484030f49dd7545d24,1100110011001100100001101000111010001110000011001000110010111000,sha:73d7660c145c6077e6bef1d044351a234957c35be4c765484030f49dd7545d24,train
data/raw/benign/464.jpg,benign\464.jpg,464.jpg,benign,0,f78ce629ef72ab8caabbb4bcfa8fd6014dfb783e4e5b82e9a302839e5a297997,0001111000011110000110110001111100111111000111110001111000011110,sha:f78ce629ef72ab8caabbb4bcfa8fd6014dfb783e4e5b82e9a302839e5a297997,train
data/raw/benign/465.jpg,benign\465.jpg,465.jpg,benign,0,d0f7dcf5de0b0d498b40a9318eca4fe3822762684e2c43f5db0dd71b59f1fcf5,1110100010001110100011110000111100001111000011111000111011001100,sha:d0f7dcf5de0b0d498b40a9318eca4fe3822762684e2c43f5db0dd71b59f1fcf5,train
data/raw/benign/466.jpg,benign\466.jpg,466.jpg,benign,0,9d7649b6fd7f7a9f52be01c8fb6dd5ce029601c1444e600bf8287644b4bc527b,0101100001011100000011100001111000111110000111001001110010011000,sha:9d7649b6fd7f7a9f52be01c8fb6dd5ce029601c1444e600bf8287644b4bc527b,train
data/raw/benign/47.jpg,benign\47.jpg,47.jpg,benign,0,a8686abd74b44e3eb5bf81d436cea69a5e70a8dc04cf775bb9ca77e55ee1e51c,1111110010011111000111100001111000011111000111110000101100011010,sha:a8686abd74b44e3eb5bf81d436cea69a5e70a8dc04cf775bb9ca77e55ee1e51c,train
data/raw/benign/470.jpg,benign\470.jpg,470.jpg,benign,0,af5a768b113bedd57480ed3b1473858431f21c686b9111c637c3ba12b5ecf3e2,0111000000010000000001110010011100000111000111101001111110011111,sha:af5a768b113bedd57480ed3b1473858431f21c686b9111c637c3ba12b5ecf3e2,train
data/raw/benign/471.jpg,benign\471.jpg,471.jpg,benign,0,153854e06291e7550815aac1ae5320da73f08c962d88e52c4df78b4745a2b373,0101110000011100000111000011110000111101000011011110111011110010,sha:153854e06291e7550815aac1ae5320da73f08c962d88e52c4df78b4745a2b373,train
data/raw/benign/472.jpg,benign\472.jpg,472.jpg,benign,0,f8c79ac5237668553b45673e177ce78956a58b85113e34e509966c67e654c8a2,1101000010000110100001110000011100001011000000111101010011111000,sha:f8c79ac5237668553b45673e177ce78956a58b85113e34e509966c67e654c8a2,train
data/raw/benign/473.jpg,benign\473.jpg,473.jpg,benign,0,78f810c3f3aa444ec7ce5acec2377ab58318e767b11c7303db09d72694add57b,1100001111000111100001111000011110000111100111111101010011110000,sha:78f810c3f3aa444ec7ce5acec2377ab58318e767b11c7303db09d72694add57b,train
data/raw/benign/478.jpg,benign\478.jpg,478.jpg,benign,0,676b25221a4159f632fbe9bf94fdd4902c423e0d01eeebd3ccee16c02906c96a,1110000011001000100011001000111010001110100011001100000011100000,sha:676b25221a4159f632fbe9bf94fdd4902c423e0d01eeebd3ccee16c02906c96a,train
data/raw/benign/48.jpg,benign\48.jpg,48.jpg,benign,0,931c4b750fdc7aaa96384f9a5b9a61195b88f20436bbc1222f5fb2490bb3984f,0011110100101111001011100011011101100111011001110011000100110001,sha:931c4b750fdc7aaa96384f9a5b9a61195b88f20436bbc1222f5fb2490bb3984f,train
data/raw/benign/480.jpg,benign\480.jpg,480.jpg,benign,0,50d0a49df5a84661a48aaadb7710f5a7d7c1a03ec10eaa07dd3da1156b5c136c,1000000011000100000001100000111100011011000001111000111001000000,sha:50d0a49df5a84661a48aaadb7710f5a7d7c1a03ec10eaa07dd3da1156b5c136c,train
data/raw/benign/482.jpg,benign\482.jpg,482.jpg,benign,0,0e23dc143be3fff0f418d6c40f811ed92870f9737a522860d67e79139555fb60,1000001110000011000000110000011110000111110001111110011011100100,sha:0e23dc143be3fff0f418d6c40f811ed92870f9737a522860d67e79139555fb60,train
data/raw/benign/483.jpg,benign\483.jpg,483.jpg,benign,0,5705795b62005a1463fc8853cd17170413e2c77419d5620727d06e832f14bf29,0011100000111110001111100011111000011100000111000011110010110000,sha:5705795b62005a1463fc8853cd17170413e2c77419d5620727d06e832f14bf29,train
data/raw/benign/486.jpg,benign\486.jpg,486.jpg,benign,0,cad6ce9f4853903dc3c24cc1e67e6204990e96ea0e247983f7d31d41e3a85afa,1110100010001100100011100000111100001111000011111000111011001000,sha:cad6ce9f4853903dc3c24cc1e67e6204990e96ea0e247983f7d31d41e3a85afa,train
data/raw/benign/487.jpg,benign\487.jpg,487.jpg,benign,0,54019f5227f09d14f5a3f35b61b95812dc1199da4bb953b794ed27feaf84a5ba,0001111000011110000011110000111100001111000011110000011111000111,sha:54019f5227f09d14f5a3f35b61b95812dc1199da4bb953b794ed27feaf84a5ba,train
data/raw/benign/488.jpg,benign\488.jpg,488.jpg,benign,0,108705c95a55160c02ca4ed624ded2bc48e0d8c013337268357dfc12a388a108,0001111000011111000011110000111100001111000111100011111001110010,sha:108705c95a55160c02ca4ed624ded2bc48e0d8c013337268357dfc12a388a108,train
data/raw/benign/489.jpg,benign\489.jpg,489.jpg,benign,0,b72953a95f91c352412bc1f4678a60f9f5b45f541888950c048d7b96e537bde8,1110000010001110000011101000111000001110100001101100011011100110,sha:b72953a95f91c352412bc1f4678a60f9f5b45f541888950c048d7b96e537bde8,train
data/raw/benign/490.jpg,benign\490.jpg,490.jpg,benign,0,6b8c157c1dd8381337c261bae87839e578bdda62c9849568f91d3e7278fc5a9c,1111000011110000111000001100011011100110111001101111000011110000,sha:6b8c157c1dd8381337c261bae87839e578bdda62c9849568f91d3e7278fc5a9c,train
data/raw/benign/491.jpg,benign\491.jpg,491.jpg,benign,0,64963daa5257e6d75549fdd338b8191cc5a3b0a909c10cddc62a156a64d2472b,1001111010011110100011100001111000011110000111101001110010011100,sha:64963daa5257e6d75549fdd338b8191cc5a3b0a909c10cddc62a156a64d2472b,train
data/raw/benign/492.jpg,benign\492.jpg,492.jpg,benign,0,73f27ebc35f5c31e8942e3b395cbced7397b444b0abf446980bd0abea5b2f087,1111100011111000111011001100110011001100111100001111000011110000,sha:73f27ebc35f5c31e8942e3b395cbced7397b444b0abf446980bd0abea5b2f087,train
data/raw/benign/494.jpg,benign\494.jpg,494.jpg,benign,0,18b6f3cd397b6912587b620714202570ac5a1a3a0e8b01f4617e6ae609f4c6ec,1000011000000111000001110000011100001111000011111000011111101000,sha:18b6f3cd397b6912587b620714202570ac5a1a3a0e8b01f4617e6ae609f4c6ec,train
data/raw/benign/496.jpg,benign\496.jpg,496.jpg,benign,0,23308e1465c07e94efe280c53105265805f60d3abda5632ffb3cb61b056639ba,1111000011110000111001101100011011000111100001111000011011100110,sha:23308e1465c07e94efe280c53105265805f60d3abda5632ffb3cb61b056639ba,train
data/raw/benign/499.jpg,benign\499.jpg,499.jpg,benign,0,c7a93f5d99c96ffc401cfabe03ae47f04bcd89512792bba060a80edd357d0eaa,0101110000011111000011110000111100101111000011110000111000001110,sha:c7a93f5d99c96ffc401cfabe03ae47f04bcd89512792bba060a80edd357d0eaa,train
data/raw/benign/50.jpg,benign\50.jpg,50.jpg,benign,0,43118a6de09324f747102df1914afd92935cd988630e87afd24f7263c5e16f5b,1111000011111000110011001100111010000110110001101100110011110000,sha:43118a6de09324f747102df1914afd92935cd988630e87afd24f7263c5e16f5b,train
data/raw/benign/500.jpg,benign\500.jpg,500.jpg,benign,0,83750fe0b72c50687bc84c47c3a6d1c34c53aeb5164120ea82a6cc4dafcabd77,1101010011001000000011001000110001001100011110001110100001101000,sha:83750fe0b72c50687bc84c47c3a6d1c34c53aeb5164120ea82a6cc4dafcabd77,train
data/raw/benign/502.jpg,benign\502.jpg,502.jpg,benign,0,f8a7a6151968850f2da78d835c51e190dbc9917084c48b3edf21d2c8d267bd26,0001100000011100000111000001110000011100000111000001110010001100,sha:f8a7a6151968850f2da78d835c51e190dbc9917084c48b3edf21d2c8d267bd26,train
data/raw/benign/504.jpg,benign\504.jpg,504.jpg,benign,0,977b38128b81f333d142d8995b63a61731e9669d4bdff77beced6ac38667491e,1001100010001100000011100001111000011100000111000111100011110000,sha:977b38128b81f333d142d8995b63a61731e9669d4bdff77beced6ac38667491e,train
data/raw/benign/505.jpg,benign\505.jpg,505.jpg,benign,0,74f4e3128a664f2a25bc8a45453ba6358c67f288e1ffe5299ad587a2d3fdf251,1110000011000110100100111001001110010011100101101100011011110000,sha:74f4e3128a664f2a25bc8a45453ba6358c67f288e1ffe5299ad587a2d3fdf251,train
data/raw/benign/507.jpg,benign\507.jpg,507.jpg,benign,0,82e49ce1a06dd4f4c95a4f50fed2a532ed49f4c143bce5e9a3391d5e063e917a,1010100000001110000011110000111100101111011011100111111011110000,sha:82e49ce1a06dd4f4c95a4f50fed2a532ed49f4c143bce5e9a3391d5e063e917a,train
data/raw/benign/509.jpg,benign\509.jpg,509.jpg,benign,0,aa87ebbca006877d188979d60640cfb1b19bc944b7f544dc15383a6faa55a3fc,1111000011110000100001101000011010000111100001111010011011110000,sha:aa87ebbca006877d188979d60640cfb1b19bc944b7f544dc15383a6faa55a3fc,train
data/raw/benign/51.jpg,benign\51.jpg,51.jpg,benign,0,fd71204ad8dc3a4333ced942a12794feb770d6818536eaa03b1a5497667385c1,1111101011100010110010101100111011001111110011001100110011001100,sha:fd71204ad8dc3a4333ced942a12794feb770d6818536eaa03b1a5497667385c1,train
data/raw/benign/510.jpg,benign\510.jpg,510.jpg,benign,0,6b053a521ae8e9eaf3ad65c737648df5bcc090d5c018a2834873812c25ea3a33,1101000010000011100000110000011100000111000011110001111010011100,sha:6b053a521ae8e9eaf3ad65c737648df5bcc090d5c018a2834873812c25ea3a33,train
data/raw/benign/511.jpg,benign\511.jpg,511.jpg,benign,0,9b907961baa99df8992f34672203ff6496733b7fe6f7e27fa4f3db0882955364,1001111010011110000111100001111000011110000111001111110011110000,sha:9b907961baa99df8992f34672203ff6496733b7fe6f7e27fa4f3db0882955364,train
data/raw/benign/514.jpg,benign\514.jpg,514.jpg,benign,0,ef3958b5fe3f715c792ec5af0ec53339170ae0e55add970aa96bcf77da03f02a,0000111000001111000001110000001100000011000000110000101110011010,sha:ef3958b5fe3f715c792ec5af0ec53339170ae0e55add970aa96bcf77da03f02a,train
data/raw/benign/515.jpg,benign\515.jpg,515.jpg,benign,0,acc4fc2e3f871b94932e4d381cb35b1b9d2ea7a451461d498796da38d2ed182f,1100110011001100110011011100110111100000111011001110110011101101,sha:acc4fc2e3f871b94932e4d381cb35b1b9d2ea7a451461d498796da38d2ed182f,train
data/raw/benign/518.jpg,benign\518.jpg,518.jpg,benign,0,c9c545e7de19b7745953786555f2c15e3576fd0ee595739f81cae131228c3358,0110101001100111110001111100011011000110111001101111000011101000,sha:c9c545e7de19b7745953786555f2c15e3576fd0ee595739f81cae131228c3358,train
data/raw/benign/519.jpg,benign\519.jpg,519.jpg,benign,0,96aa4b2aa2d4e7e49f6164d4c7b6819069790740c56d8209a1c96b3e36ed48c0,1111000011110000111100001110100011101000111110001111100011111000,sha:96aa4b2aa2d4e7e49f6164d4c7b6819069790740c56d8209a1c96b3e36ed48c0,train
data/raw/benign/52.jpg,benign\52.jpg,52.jpg,benign,0,9eaca9a0590c73d080bf42684ad0d6665f46a312ff73fb0f58b3e7b17a581a0b,1011000010110000100010001000110011001100110011000110000011101000,sha:9eaca9a0590c73d080bf42684ad0d6665f46a312ff73fb0f58b3e7b17a581a0b,train
data/raw/benign/522.jpg,benign\522.jpg,522.jpg,benign,0,2175b02ee5e5a220b8b9330a184eb36d223da5b1a2e346621e68dc76827c4a97,1110000011011100100011101000111111000011111000111110000011001100,sha:2175b02ee5e5a220b8b9330a184eb36d223da5b1a2e346621e68dc76827c4a97,train
data/raw/benign/525.jpg,benign\525.jpg,525.jpg,benign,0,2bdecfde6d0413a045ac786fb103a04a888b6ca490ddc37a4e8c7016b1bef3af,1111000011101000110011001100111011001110110011001101100011110000,sha:2bdecfde6d0413a045ac786fb103a04a888b6ca490ddc37a4e8c7016b1bef3af,train
data/raw/benign/528.jpg,benign\528.jpg,528.jpg,benign,0,8ed0892b84f3e5776f86b052ce9ef5d7683dc922ca320a49cc20fd2a3065ffa6,0001110000011100000111100001111000011110000111100001111010011110,sha:8ed0892b84f3e5776f86b052ce9ef5d7683dc922ca320a49cc20fd2a3065ffa6,train
data/raw/benign/529.jpg,benign\529.jpg,529.jpg,benign,0,0d2d9779ab064ca2973b480e5fac670b58cc101dec521d1a06a0162b09f587f1,1001100000111100011011101100111010111110101011001110000011100000,sha:0d2d9779ab064ca2973b480e5fac670b58cc101dec521d1a06a0162b09f587f1,train
data/raw/benign/530.jpg,benign\530.jpg,530.jpg,benign,0,711eaa590fa3fd9e0a2b2e31eefc47b04eabf042bf454fd577627993b95d6f08,1111100010111000001110001011100011111000111100001111000011110000,sha:711eaa590fa3fd9e0a2b2e31eefc47b04eabf042bf454fd577627993b95d6f08,train
data/raw/benign/533.jpg,benign\533.jpg,533.jpg,benign,0,60616bce5babb1756739cbe650e8f60f5018398af72385d2998b1e80303cdf64,1001001110010011000111110001111000011110000011101000111010001100,sha:60616bce5babb1756739cbe650e8f60f5018398af72385d2998b1e80303cdf64,train
data/raw/benign/538.jpg,benign\538.jpg,538.jpg,benign,0,68a963684b155b4b2cdb1acbb583e4cecab4f49b9b0393a7b28d4dc568e113b6,1101001001101000011011010010111000001110010011101001110010011100,sha:68a963684b155b4b2cdb1acbb583e4cecab4f49b9b0393a7b28d4dc568e113b6,train
data/raw/benign/540.jpg,benign\540.jpg,540.jpg,benign,0,4263548916989857f93513265442924c12da2108fcff51ca534e7a93eab633a5,1101000011100000101110001001100000011100000111001001100011000010,sha:4263548916989857f93513265442924c12da2108fcff51ca534e7a93eab633a5,train
data/raw/benign/541.jpg,benign\541.jpg,541.jpg,benign,0,f199a8114d73d21c11b155141397b4c8a1585fc622891db2d91e671c46aacab8,1111110011011101100111010001111110001110000011100111111001110000,sha:f199a8114d73d21c11b155141397b4c8a1585fc622891db2d91e671c46aacab8,train
data/raw/benign/543.jpg,benign\543.jpg,543.jpg,benign,0,a96d3363befb6231cb9f2b64abee514e885d266e4ae4edeed95b6535238a903b,0011110000111110000111100000111000001111000011110000111100001111,sha:a96d3363befb6231cb9f2b64abee514e885d266e4ae4edeed95b6535238a903b,train
data/raw/benign/546.jpg,benign\546.jpg,546.jpg,benign,0,b894ad8b454ad981bce065a3ddd74e640dbf32880dbb772b45c2067b1978a85b,0011000011100011110001111100001111000011110000111110001111110000,sha:b894ad8b454ad981bce065a3ddd74e640dbf32880dbb772b45c2067b1978a85b,train
data/raw/benign/547.jpg,benign\547.jpg,547.jpg,benign,0,9a11665520250322a3ce7e837d23ecf1c24b5a6ddf9cc6722fe3c33793a4e912,1111000011100000111000001110110011001100110000001110000011110000,sha:9a11665520250322a3ce7e837d23ecf1c24b5a6ddf9cc6722fe3c33793a4e912,train
data/raw/benign/549.jpg,benign\549.jpg,549.jpg,benign,0,0950b595aba3ebe7f34f18a3b58e187b03a62832ffd684f3a17b2fea3cb1d08b,1111100011110000111000001110110011001100111010001111000011111000,sha:0950b595aba3ebe7f34f18a3b58e187b03a62832ffd684f3a17b2fea3cb1d08b,train
data/raw/benign/55.jpg,benign\55.jpg,55.jpg,benign,0,71eda782f3eb20e9b53990480bdd293adff2df9e5f2c2e5514a55aee34a1b503,0011010000011010000000100000010100000111000001110110111100100110,sha:71eda782f3eb20e9b53990480bdd293adff2df9e5f2c2e5514a55aee34a1b503,train
data/raw/benign/556.jpg,benign\556.jpg,556.jpg,benign,0,16914d0545ef9d837b76ab61c2dc82a08f7a3a7fa9abe2883797790e10fb62bc,0000011100000111000101110001011100010111000011110000111100011110,sha:16914d0545ef9d837b76ab61c2dc82a08f7a3a7fa9abe2883797790e10fb62bc,train
data/raw/benign/56.jpg,benign\56.jpg,56.jpg,benign,0,e4489d04330568cfc8a92127921a517fb281a5a374034f382972f848735fa863,1110000011100000110011001000111010001110100011001110000011100000,sha:e4489d04330568cfc8a92127921a517fb281a5a374034f382972f848735fa863,train
data/raw/benign/563.jpg,benign\563.jpg,563.jpg,benign,0,6eaf7bb2ec90b04a94c7f5c4659911e8060646f5bc26c9ba60738bcfef2dc1e9,0001100100101001100111011001110100011101000111000111000001110000,sha:6eaf7bb2ec90b04a94c7f5c4659911e8060646f5bc26c9ba60738bcfef2dc1e9,train
data/raw/benign/568.jpg,benign\568.jpg,568.jpg,benign,0,4ea36b2266e2cc797ec33d60882e715930dd3b0435d5415930289b96e3bbfed8,0000100100010000001000010010000000100011001101010000010111000111,sha:4ea36b2266e2cc797ec33d60882e715930dd3b0435d5415930289b96e3bbfed8,train
data/raw/benign/569.jpg,benign\569.jpg,569.jpg,benign,0,3f5d0a5283ccd3f805ce8bea190d1429645b18a289bd6656ac47d6c55bcba2c3,0011110010001110100011100000111100001111100011101000111010101100,sha:3f5d0a5283ccd3f805ce8bea190d1429645b18a289bd6656ac47d6c55bcba2c3,train
data/raw/benign/571.jpg,benign\571.jpg,571.jpg,benign,0,89c1516c667956e567bdf2ba7c7ef6488572b557b250ffd5936202beca06c75d,1111101011001110100011101000111010001110111111101111110011111100,sha:89c1516c667956e567bdf2ba7c7ef6488572b557b250ffd5936202beca06c75d,train
data/raw/benign/576.jpg,benign\576.jpg,576.jpg,benign,0,e12ae280e22ee75611741d5334ee30ead6eb6916547ffc6c8cadc6d749462bb3,1110110001001100000011101000111010001110100011101100110011001100,sha:e12ae280e22ee75611741d5334ee30ead6eb6916547ffc6c8cadc6d749462bb3,train
data/raw/benign/577.jpg,benign\577.jpg,577.jpg,benign,0,3b8bee50748978ec81404e6d867df3e2bf5c9e3a9d1485baccb9595645b51f4f,1110000010001001100111001000110000001100100011001101000010110000,sha:3b8bee50748978ec81404e6d867df3e2bf5c9e3a9d1485baccb9595645b51f4f,train
data/raw/benign/579.jpg,benign\579.jpg,579.jpg,benign,0,b34bf88e18c230e3ce7acba9627a7ee972a13e979d9c5da736299807ea78c103,1000011110000111100001110000011110000111100001111000011110000111,sha:b34bf88e18c230e3ce7acba9627a7ee972a13e979d9c5da736299807ea78c103,train
data/raw/benign/58.jpg,benign\58.jpg,58.jpg,benign,0,9e1bef7c4b0028ceaa658ea07961c85d7e645a29ef61085fbd9d0408010c74a8,1100000011001000100011001000111100001111110001111100001111010010,sha:9e1bef7c4b0028ceaa658ea07961c85d7e645a29ef61085fbd9d0408010c74a8,train
data/raw/benign/581.jpg,benign\581.jpg,581.jpg,benign,0,6a7e75722949929a7d94db534fee7ca555bf7fb4317c8ce59fd3081119a269f2,1110010011001100100011101000111010001111000011101000110011100010,sha:6a7e75722949929a7d94db534fee7ca555bf7fb4317c8ce59fd3081119a269f2,train
data/raw/benign/582.jpg,benign\582.jpg,582.jpg,benign,0,bbf14068940c1f045d65297f4510107161d3e2c632e5d72a3397a04bb32dd835,1110010010011000100111001001111000000110100001101100011010100010,sha:bbf14068940c1f045d65297f4510107161d3e2c632e5d72a3397a04bb32dd835,train
data/raw/benign/583.jpg,benign\583.jpg,583.jpg,benign,0,2862b902f320408480aa83af8f3d28f719675eda5d71baf5baadf0efee638248,0000111000011111000111110011111101111011011111110000111110011110,sha:2862b902f320408480aa83af8f3d28f719675eda5d71baf5baadf0efee638248,train
data/raw/benign/585.jpg,benign\585.jpg,585.jpg,benign,0,36ca0ab1d6c18c4142f59b05c17b00097e9d8d09a868a3285ce3e00b016a53b2,0100100011100100110011101000111010001111000011111000110011001100,sha:36ca0ab1d6c18c4142f59b05c17b00097e9d8d09a868a3285ce3e00b016a53b2,train
data/raw/benign/586.jpg,benign\586.jpg,586.jpg,benign,0,134754bcffc30908642561b0af6a2014da143fb1e4f580060563d9b1afad3793,0000110000001110100011101000111011000100111101101111001011110010,sha:134754bcffc30908642561b0af6a2014da143fb1e4f580060563d9b1afad3793,train
data/raw/benign/587.jpg,benign\587.jpg,587.jpg,benign,0,fe60427792e0060bc83d064f777681c9282afeda6df12313137e3220b4f614d4,1001111010011111000111110010111100100110001001100001110000110000,sha:fe60427792e0060bc83d064f777681c9282afeda6df12313137e3220b4f614d4,train
data/raw/benign/589.jpg,benign\589.jpg,589.jpg,benign,0,28950df37dd6d302cdf270b7d1a9d7c33adad2de5ad7fa6d630af1992689897a,1000110000011110001111110011111100011011000000111000011111000011,sha:28950df37dd6d302cdf270b7d1a9d7c33adad2de5ad7fa6d630af1992689897a,train
data/raw/benign/59.jpg,benign\59.jpg,59.jpg,benign,0,bbe95c93c1d54d33d400b022800c370aebe7660ac4baa71cc5ba9b38167d85db,1101100011011000000011000000111000001110000011101001111010011010,sha:bbe95c93c1d54d33d400b022800c370aebe7660ac4baa71cc5ba9b38167d85db,train
data/raw/benign/590.jpg,benign\590.jpg,590.jpg,benign,0,99b5a74567edc19c7f2a2978119c3be321e99750e3ec95083617babf4a48fdc5,1100000010001000100011000000111010001110000011100101110001011110,sha:99b5a74567edc19c7f2a2978119c3be321e99750e3ec95083617babf4a48fdc5,train
data/raw/benign/591.jpg,benign\591.jpg,591.jpg,benign,0,7c605e5269532f0f8c75adcdb551ee9cb250807324d388d59ebd776fac20e6dc,1101100011000110110001101100011011000111100001111100011011000110,sha:7c605e5269532f0f8c75adcdb551ee9cb250807324d388d59ebd776fac20e6dc,train
data/raw/benign/592.jpg,benign\592.jpg,592.jpg,benign,0,686c4ec4d54d44dbb3e152480b633973c2835912d40aa3fc262311ef49174370,0110000011001100110011001000111010000110100001101100010010101100,sha:686c4ec4d54d44dbb3e152480b633973c2835912d40aa3fc262311ef49174370,train
data/raw/benign/593.jpg,benign\593.jpg,593.jpg,benign,0,8e342d3da796bbfd190944d44ec129da1291728ac0308c9ed89a8bb4403c40a0,1111001011000110111110001101100010011000100111001000100011011000,sha:8e342d3da796bbfd190944d44ec129da1291728ac0308c9ed89a8bb4403c40a0,train
data/raw/benign/594.jpg,benign\594.jpg,594.jpg,benign,0,9131d899a833e986520e4abfb4cb18d9728047a2086bb7c468e3b53f5ec65cc9,1111000001100000110000110000001100011111000111100011110001110100,sha:9131d899a833e986520e4abfb4cb18d9728047a2086bb7c468e3b53f5ec65cc9,train
data/raw/benign/595.jpg,benign\595.jpg,595.jpg,benign,0,449c9ff5ee88c5f5194396c49512e6e1a70f205ef2a0f80978971b9fd8cbe6d1,0001110000011110000111000001110010011100110110001101100011110000,sha:449c9ff5ee88c5f5194396c49512e6e1a70f205ef2a0f80978971b9fd8cbe6d1,train
data/raw/benign/597.jpg,benign\597.jpg,597.jpg,benign,0,66a5abdb6f9c8aad7b5b20df68f1e4174ede1495c6f9bacabe4a990afdb20699,0110111000101111000111110000111100001111000011111000111111001111,sha:66a5abdb6f9c8aad7b5b20df68f1e4174ede1495c6f9bacabe4a990afdb20699,train
data/raw/benign/598.jpg,benign\598.jpg,598.jpg,benign,0,58ba5dabf6f30e9944d1144763e457cfd457d53db717e857774caa557321e305,1111101111001001010011101000111000001110000111101001111110010001,sha:58ba5dabf6f30e9944d1144763e457cfd457d53db717e857774caa557321e305,train
data/raw/benign/599.jpg,benign\599.jpg,599.jpg,benign,0,91c425779445c3363f84eaf2aecce5c8e123620c31084c17dcb9b166f8a31d04,0011110000011100001111100001111000001110000011100000111000000110,sha:91c425779445c3363f84eaf2aecce5c8e123620c31084c17dcb9b166f8a31d04,train
data/raw/benign/60.jpg,benign\60.jpg,60.jpg,benign,0,d3f8101af92a4de3510b5ff9801b07cabe79b2fe343291ef7f99772b964ae8f1,1001011010001100100011000000111011001100110110011011100011110000,sha:d3f8101af92a4de3510b5ff9801b07cabe79b2fe343291ef7f99772b964ae8f1,train
data/raw/benign/600.jpg,benign\600.jpg,600.jpg,benign,0,9cb2c6fd39be3d0c8f0006c66fd16aa32feb02ca1a01320c9c52da208c450f45,1001110000001100000011100010111100000111000101100001011000000110,sha:9cb2c6fd39be3d0c8f0006c66fd16aa32feb02ca1a01320c9c52da208c450f45,train
data/raw/benign/601.jpg,benign\601.jpg,601.jpg,benign,0,eea035f03d5c797aea2a85e198014eaee8c1cab857db8ae6b1e500ac1e2216f2,1111000011110000110111001001111010001110100011101111100011110000,sha:eea035f03d5c797aea2a85e198014eaee8c1cab857db8ae6b1e500ac1e2216f2,train
data/raw/benign/602.jpg,benign\602.jpg,602.jpg,benign,0,0870857fda3c63a1461f97c15a23d3c7c0fff66cb5fbf081fefa4f654abd0b35,1001111000011110000111000001110000011100100110111001100011010000,sha:0870857fda3c63a1461f97c15a23d3c7c0fff66cb5fbf081fefa4f654abd0b35,train
data/raw/benign/604.jpg,benign\604.jpg,604.jpg,benign,0,68dff7c0c42d0ed4d866bba816a07e9901cc8c78937f74bec9816c59cc588380,1111000011000000110011001100110011100100111100001111001011110000,sha:68dff7c0c42d0ed4d866bba816a07e9901cc8c78937f74bec9816c59cc588380,train
data/raw/benign/605.jpg,benign\605.jpg,605.jpg,benign,0,880815c05cb62cbbfe8fad58c1d41d328d893bdb640f12d3eed389cbf93fdc45,0000011010000110100011101000111010001111100011101000111010000110,sha:880815c05cb62cbbfe8fad58c1d41d328d893bdb640f12d3eed389cbf93fdc45,train
data/raw/benign/606.jpg,benign\606.jpg,606.jpg,benign,0,cd6ddbabc8ee04d80c829df28d866ec1f8f939b270e448aaebda0490bda9eed5,1111100011011000111001001100011011000110111001101110000011110000,sha:cd6ddbabc8ee04d80c829df28d866ec1f8f939b270e448aaebda0490bda9eed5,train
data/raw/benign/607.jpg,benign\607.jpg,607.jpg,benign,0,b99af40050b77ea9e67e3b00a70c0d0b06c85341fe6d648c4278a8010cdcea03,1111100011110000111100001100110011001100110011001101100011101000,sha:b99af40050b77ea9e67e3b00a70c0d0b06c85341fe6d648c4278a8010cdcea03,train
data/raw/benign/608.jpg,benign\608.jpg,608.jpg,benign,0,55da22d878195666e404ef481998088b769beea77c9f99360f0ffcd8336f3458,1110010001000110010001111000011110000111000001101000111001011110,sha:55da22d878195666e404ef481998088b769beea77c9f99360f0ffcd8336f3458,train
data/raw/benign/609.jpg,benign\609.jpg,609.jpg,benign,0,bc19b573faa986933f230aa055e126e3e46e2a33be4461bce94f074d7f62657c,1100001010000111000001110000011100001111000011110000111100001111,sha:bc19b573faa986933f230aa055e126e3e46e2a33be4461bce94f074d7f62657c,train
data/raw/benign/611.jpg,benign\611.jpg,611.jpg,benign,0,fa202706cb92b7a4848691b5539f80bbc827b7ad859b9dae66ac2a595bfa220d,1110100010101000100101100001011100010111000011110000111110001110,sha:fa202706cb92b7a4848691b5539f80bbc827b7ad859b9dae66ac2a595bfa220d,train
data/raw/benign/616.jpg,benign\616.jpg,616.jpg,benign,0,46f52f0aa5d03fcaf88928fc02f74f33f29d2b853298ee9cc7bc1eadc855a11f,1110000011100000100011001000110010001100100111001101110011011000,sha:46f52f0aa5d03fcaf88928fc02f74f33f29d2b853298ee9cc7bc1eadc855a11f,train
data/raw/benign/617.jpg,benign\617.jpg,617.jpg,benign,0,991057aad44b1031deef5bb4bb56e712d56f69099d382e91d6f72bd7e9014f51,1110010011111100100011110000111110001111100011101000111011000111,sha:991057aad44b1031deef5bb4bb56e712d56f69099d382e91d6f72bd7e9014f51,train
data/raw/benign/618.jpg,benign\618.jpg,618.jpg,benign,0,c4aef52bd7a16871feb36e6e8283a29aea467a6789dc1c6c6be4fc0f2ea9cf0b,0001001100101111000011110001111100011111000111001101111010011110,sha:c4aef52bd7a16871feb36e6e8283a29aea467a6789dc1c6c6be4fc0f2ea9cf0b,train
data/raw/benign/619.jpg,benign\619.jpg,619.jpg,benign,0,967307ee77fd89f518c11809bff831a561c08658e4d4c0044e46f615ccd5f358,0101111000011110000011110000111100001111000011110001111010011100,sha:967307ee77fd89f518c11809bff831a561c08658e4d4c0044e46f615ccd5f358,train
data/raw/benign/620.jpg,benign\620.jpg,620.jpg,benign,0,bf13440319316fd53892d98daa765785e89b8022c1b5390b0e25df86b25bc275,1111000011111100100011101000111110001111100001111100011011111100,sha:bf13440319316fd53892d98daa765785e89b8022c1b5390b0e25df86b25bc275,train
data/raw/benign/621.jpg,benign\621.jpg,621.jpg,benign,0,ed730b4d5425d82f5336ad9e25f8b410c8044241e48f1f23b2fb62d7ed43dff8,1101100011001000110011001000110010001110110011101100000010000000,sha:ed730b4d5425d82f5336ad9e25f8b410c8044241e48f1f23b2fb62d7ed43dff8,train
data/raw/benign/622.jpg,benign\622.jpg,622.jpg,benign,0,57c2e9cc82cb46a113faf5af135174cd39cf71a933b174d0ac18d7e35ffbac78,1111100011111100110011001100111010001110100111101101110011110000,sha:57c2e9cc82cb46a113faf5af135174cd39cf71a933b174d0ac18d7e35ffbac78,train
data/raw/benign/625.jpg,benign\625.jpg,625.jpg,benign,0,e82fe9d8f32019a6e73f84475f3ee12244c5056b4e50f94edbafc4c7c3b85278,1111000011111000010011100000110010001101101100001011110010111000,sha:e82fe9d8f32019a6e73f84475f3ee12244c5056b4e50f94edbafc4c7c3b85278,train
data/raw/benign/628.jpg,benign\628.jpg,628.jpg,benign,0,dc9dd8945cfb821adce21be371314a15d3a1c91d2922f422b3cceb28a4f109a5,1111110011111000111110001110110011001100111110001111010011111000,sha:dc9dd8945cfb821adce21be371314a15d3a1c91d2922f422b3cceb28a4f109a5,train
data/raw/benign/629.jpg,benign\629.jpg,629.jpg,benign,0,8d085d371d53d6761fe1326e2b2d322f956a2c1f8fb4aeb0ce3c3ae05fb40ee3,1000111011100010110001100000011110010111000111101000110010011000,sha:8d085d371d53d6761fe1326e2b2d322f956a2c1f8fb4aeb0ce3c3ae05fb40ee3,train
data/raw/benign/630.jpg,benign\630.jpg,630.jpg,benign,0,dc196b3b9e2e87f8d2bb75f5c3ca593ef93d93a676b940111896f5e60f728974,1101001011000011110101101000111000001111000011110000111001100110,sha:dc196b3b9e2e87f8d2bb75f5c3ca593ef93d93a676b940111896f5e60f728974,train
data/raw/benign/632.jpg,benign\632.jpg,632.jpg,benign,0,a74b906b18355b56a105d14d77016a377931440ba6bec27f1143f77d730eeeba,0011001110011110000111100001111100011111000011101000111011001010,sha:a74b906b18355b56a105d14d77016a377931440ba6bec27f1143f77d730eeeba,train
data/raw/benign/633.jpg,benign\633.jpg,633.jpg,benign,0,ff484da878b40be7d971e73c14044576dd2ff9e2eeb3f78ef51c2d04a2c74e6f,1100110010001110100011100000011100011110000111101001111010001101,sha:ff484da878b40be7d971e73c14044576dd2ff9e2eeb3f78ef51c2d04a2c74e6f,train
data/raw/benign/637.jpg,benign\637.jpg,637.jpg,benign,0,571a807f26cd6e284fd6e377bced80b691fde82a9892cf0715e2511f27a664f5,1001100010011100000111011001110110011100100011001101110011100100,sha:571a807f26cd6e284fd6e377bced80b691fde82a9892cf0715e2511f27a664f5,train
data/raw/benign/638.jpg,benign\638.jpg,638.jpg,benign,0,66595e7c1e5b6b09517db65f800aa88bc9e5d625ff43abe7be0fcc56edcf68cf,0110100011110000111000111100011111001111110001101111000011110000,sha:66595e7c1e5b6b09517db65f800aa88bc9e5d625ff43abe7be0fcc56edcf68cf,train
data/raw/benign/639.jpg,benign\639.jpg,639.jpg,benign,0,99bf15fd2498408785f8a9e487141e4ceef7d871aa22a7eb82d0949d34098ae7,0000010000001001000011110000111100001111000011101000100010011000,sha:99bf15fd2498408785f8a9e487141e4ceef7d871aa22a7eb82d0949d34098ae7,train
data/raw/benign/64.jpg,benign\64.jpg,64.jpg,benign,0,b6ef5c209397ab5acbc7bef29bffffa6f995d194945ef84481e68c33ba92e6d1,1111100011111100100011101000111010001110100001101100000011000000,sha:b6ef5c209397ab5acbc7bef29bffffa6f995d194945ef84481e68c33ba92e6d1,train
data/raw/benign/640.jpg,benign\640.jpg,640.jpg,benign,0,a966e9a38c48d596bd282b9054dfea1db2cb0b6abe8daf8ce605accc581e6d42,1111101000001100000011001000111000011110000110010010110011101100,sha:a966e9a38c48d596bd282b9054dfea1db2cb0b6abe8daf8ce605accc581e6d42,train
data/raw/benign/641.jpg,benign\641.jpg,641.jpg,benign,0,7f818c8f418fe35574f2318b6652c9261085497bd4098f9fb68506b36b5f3d2c,0000110000001110000011100000111000001111100111100001111011011110,sha:7f818c8f418fe35574f2318b6652c9261085497bd4098f9fb68506b36b5f3d2c,train
data/raw/benign/643.jpg,benign\643.jpg,643.jpg,benign,0,b407661c228b80d9351912c15a1813d3e1323706b43d450f3c8b63e595c6924e,1101101011001110000111100000111010001111100011101000111010000110,sha:b407661c228b80d9351912c15a1813d3e1323706b43d450f3c8b63e595c6924e,train
data/raw/benign/645.jpg,benign\645.jpg,645.jpg,benign,0,a2812f892d0be601946e8c84cc4305a83ea6c5b493f82628cb65272ae4ed1079,0011011100100111001010110000101100001011000111110001111000011110,sha:a2812f892d0be601946e8c84cc4305a83ea6c5b493f82628cb65272ae4ed1079,train
data/raw/benign/648.jpg,benign\648.jpg,648.jpg,benign,0,3cdda840d7e736fc99230490a3f7d33612061f16e6fa3b6cdf77006c385f5436,1100111010001110100011110000111100010011000010110000111110000111,sha:3cdda840d7e736fc99230490a3f7d33612061f16e6fa3b6cdf77006c385f5436,train
data/raw/benign/649.jpg,benign\649.jpg,649.jpg,benign,0,6c7f71a95155c4f63608e701d89bc2d7cd4d07fd781ec8242779595241219323,1001011000010111000111100000111100001111000111110000111010011111,sha:6c7f71a95155c4f63608e701d89bc2d7cd4d07fd781ec8242779595241219323,train
data/raw/benign/650.jpg,benign\650.jpg,650.jpg,benign,0,64cfe5b7987de707adbeadc73915c4f9f9bf622513fe39ff706c1f2d8388380e,1000111000001110000001110000011100000111000101110000111011001100,sha:64cfe5b7987de707adbeadc73915c4f9f9bf622513fe39ff706c1f2d8388380e,train
data/raw/benign/653.jpg,benign\653.jpg,653.jpg,benign,0,4a3c9138e36cfb90d12d10b0fcc5152466c9f6c2a4dda0f1c55e71a6631bb4b2,0101100011001100000011101000111010001110000011101001110010011100,sha:4a3c9138e36cfb90d12d10b0fcc5152466c9f6c2a4dda0f1c55e71a6631bb4b2,train
data/raw/benign/654.jpg,benign\654.jpg,654.jpg,benign,0,5b3ebf84a554ad03286caf97c5e0f9791c6954211c7de55b705fb5b7a3a1ea74,0000011000000111000001110000111100011111000101110000111010011100,sha:5b3ebf84a554ad03286caf97c5e0f9791c6954211c7de55b705fb5b7a3a1ea74,train
data/raw/benign/655.jpg,benign\655.jpg,655.jpg,benign,0,92165ad7a324cc531fd3e17124fd9082266975d44381e47a742cc39cf4b115ce,1100101000001011000111100001111000011111000111110001111100011111,sha:92165ad7a324cc531fd3e17124fd9082266975d44381e47a742cc39cf4b115ce,train
data/raw/benign/656.jpg,benign\656.jpg,656.jpg,benign,0,a70de9ef4653879487c3f08b15a92f44ab161e725eb3d8bfdc4030638d32e00f,1110010011111100111011001100110011001110110011001100100011101000,sha:a70de9ef4653879487c3f08b15a92f44ab161e725eb3d8bfdc4030638d32e00f,train
data/raw/benign/657.jpg,benign\657.jpg,657.jpg,benign,0,8e27b64637024e79773355dafc21257b37e85b76a15408fc55588a0f1b8fc2d8,1111000011110000111000001100100011001000111000001111000011110000,sha:572abf023abf2f1e661bcbc7e1dd7ef3f0c1de0e028da3b6d6e3ba010d4ee898,train
data/raw/benign/661.jpg,benign\661.jpg,661.jpg,benign,0,e6861a57328e16fa9761cf24519c30dc20fbb16690e77f4ffe957aa19d832624,0110010001101000110010000111110000111100001111000011111000011110,sha:e6861a57328e16fa9761cf24519c30dc20fbb16690e77f4ffe957aa19d832624,train
data/raw/benign/665.jpg,benign\665.jpg,665.jpg,benign,0,77dfd8c30057f24c57e6c45623152d7068b736e4059a5249f7c8014192b53216,1010111010101000000011110000111100000111000001110000111100011111,sha:77dfd8c30057f24c57e6c45623152d7068b736e4059a5249f7c8014192b53216,train
data/raw/benign/666.jpg,benign\666.jpg,666.jpg,benign,0,0f970fea914ea5adf33dfb84a1a90bd2c018cb31d8033430a1c7eb930baf6753,0000111000001110000011100000110000001100000110000001110000111100,sha:0f970fea914ea5adf33dfb84a1a90bd2c018cb31d8033430a1c7eb930baf6753,train
data/raw/benign/667.jpg,benign\667.jpg,667.jpg,benign,0,4d11eeb906ae6d2e78d5b2d6623fdb3430a46b32fff640e10ca43397770df491,0001111100001111000011110000011100000111000011110000111000001110,sha:4d11eeb906ae6d2e78d5b2d6623fdb3430a46b32fff640e10ca43397770df491,train
data/raw/benign/669.jpg,benign\669.jpg,669.jpg,benign,0,53361d3d8e7517d087229cff3f6163724723304f8d3f96cdd5009f0118d4c5ae,1000111010001110100011111000111110001111100010111100111111110001,sha:53361d3d8e7517d087229cff3f6163724723304f8d3f96cdd5009f0118d4c5ae,train
data/raw/benign/671.jpg,benign\671.jpg,671.jpg,benign,0,fa26e5bdd85f478b68dfb6c00e8a8a691ef4c4de78cfa57375afde510198d8cd,1001100010011100100111100001011000001110000011001100110011100000,sha:fa26e5bdd85f478b68dfb6c00e8a8a691ef4c4de78cfa57375afde510198d8cd,train
data/raw/benign/672.jpg,benign\672.jpg,672.jpg,benign,0,dfaddd86aab4ab64bdb04cb18c4bc20bc6dcae3be77bf8d0d3cb7a4367eec8cf,1111000011111000000011110000111100001111100011111101100111111000,sha:dfaddd86aab4ab64bdb04cb18c4bc20bc6dcae3be77bf8d0d3cb7a4367eec8cf,train
data/raw/benign/674.jpg,benign\674.jpg,674.jpg,benign,0,0c0847cac95e9a5d8a7fb127d427624e039120cc2e6940b4957bd3f42dbec187,1111000001110000011000001110000111100001111010001100110011011100,sha:0c0847cac95e9a5d8a7fb127d427624e039120cc2e6940b4957bd3f42dbec187,train
data/raw/benign/675.jpg,benign\675.jpg,675.jpg,benign,0,763969b54a06265165e89d51bd27b81140907b8d567a9eb2c36986aa51363b1d,1111000011100000110011001100110011001100110010001111000011110000,sha:763969b54a06265165e89d51bd27b81140907b8d567a9eb2c36986aa51363b1d,train
data/raw/benign/677.jpg,benign\677.jpg,677.jpg,benign,0,047c36ca2e8233a910c99458914fde69ca722a343ce705103c4695e58fa2f43c,0110111000001110000011100000111100001110100011101111010011100000,sha:047c36ca2e8233a910c99458914fde69ca722a343ce705103c4695e58fa2f43c,train
data/raw/benign/679.jpg,benign\679.jpg,679.jpg,benign,0,4fbd9def23eb5529bd248a31fddf6242bdb02f84b222f9b01cd9dd9905c95b86,0011110000111111000111101011101010011110000011100000111110001111,sha:4fbd9def23eb5529bd248a31fddf6242bdb02f84b222f9b01cd9dd9905c95b86,train
data/raw/benign/68.jpg,benign\68.jpg,68.jpg,benign,0,cde217568f38672b7006354be36742ebcec91272c6c402142733f5ee8f92bfa1,1111100000000011001000110011001100110011000100111000001111010010,sha:cde217568f38672b7006354be36742ebcec91272c6c402142733f5ee8f92bfa1,train
data/raw/benign/682.jpg,benign\682.jpg,682.jpg,benign,0,2b2aa4c825bfa3d082932371d64e7d861c5820db987d25e8f6978c586420064f,0000111100001111010011111100111111010111110001110001111100111111,sha:2b2aa4c825bfa3d082932371d64e7d861c5820db987d25e8f6978c586420064f,train
data/raw/benign/683.jpg,benign\683.jpg,683.jpg,benign,0,1251e53212421ca8640fb9b87840906c51d073c38da889300ba6013e7c5ac8ef,1111110000011100000011100000011100011111000011111001110110011000,sha:1251e53212421ca8640fb9b87840906c51d073c38da889300ba6013e7c5ac8ef,train
data/raw/benign/684.jpg,benign\684.jpg,684.jpg,benign,0,013317064a6e863372d0f7530153bdc773e2575f5a4133b2537714b0f4166cd9,1100100110111100000111110001111100011110000001110000011110000111,sha:013317064a6e863372d0f7530153bdc773e2575f5a4133b2537714b0f4166cd9,train
data/raw/benign/686.jpg,benign\686.jpg,686.jpg,benign,0,af6db4686f0f54629e0fea58c89d60a8388e3ec3bb9928f5c47d4f87aae53700,1000111000001111000011110000111100001111000011110000011100000111,sha:af6db4686f0f54629e0fea58c89d60a8388e3ec3bb9928f5c47d4f87aae53700,train
data/raw/benign/688.jpg,benign\688.jpg,688.jpg,benign,0,436aa5eb2e0edba14b2ade0007cbd13e1e0e2a3fccfa9e169411cbbd76d2133e,0000011000000110000001110000011110000111100001111100011101000110,sha:436aa5eb2e0edba14b2ade0007cbd13e1e0e2a3fccfa9e169411cbbd76d2133e,train
data/raw/benign/69.jpg,benign\69.jpg,69.jpg,benign,0,2d49e0b16136f4d5abbe1d780faa8fbb75a25800923e4b01a7ae746da68685da,0110000001110000110001001100111011000110110011101110000011100000,sha:2d49e0b16136f4d5abbe1d780faa8fbb75a25800923e4b01a7ae746da68685da,train
data/raw/benign/693.jpg,benign\693.jpg,693.jpg,benign,0,6e53cc3e47473a9212fff13977735bb0a5514f3f673c3e4acc50119fffc2f8d7,0011100010011000001100110011001100000011000011111000111110001110,sha:6e53cc3e47473a9212fff13977735bb0a5514f3f673c3e4acc50119fffc2f8d7,train
data/raw/benign/695.jpg,benign\695.jpg,695.jpg,benign,0,75cb475c173be21bd09d5abb44a64330f743e1ce6b3141d77e01b0d3508dfe0d,0100110001001111000011110001111110001110100111101001001101010000,sha:75cb475c173be21bd09d5abb44a64330f743e1ce6b3141d77e01b0d3508dfe0d,train
data/raw/benign/696.jpg,benign\696.jpg,696.jpg,benign,0,74ef0a6901be6e2e15b2130ca29a5b83d093c36b55d26592ce03ed85cc21861e,0001111000011111000111110000111100001111100000111110001111111000,sha:74ef0a6901be6e2e15b2130ca29a5b83d093c36b55d26592ce03ed85cc21861e,train
data/raw/benign/697.jpg,benign\697.jpg,697.jpg,benign,0,dc07b8b8c51a833712a32bdfbf354d289e19f4b7cffa425d47ef22dc8a0e002a,1001000011000101100001111000011110000111110001101000011011011000,sha:dc07b8b8c51a833712a32bdfbf354d289e19f4b7cffa425d47ef22dc8a0e002a,train
data/raw/benign/698.jpg,benign\698.jpg,698.jpg,benign,0,7606aa3ff7d10ad5bcb827bb6c6ab4e2575233b421e5045c6c85d08f37fb99aa,0110010001110100010011001100111011001110111001101110001011101110,sha:7606aa3ff7d10ad5bcb827bb6c6ab4e2575233b421e5045c6c85d08f37fb99aa,train
data/raw/benign/699.jpg,benign\699.jpg,699.jpg,benign,0,c09cd04c553b32976abdefc21b1b4fa0a517801bd1640be8b3249bc87ee56015,1010010000111110000101100001001100010011001101110011011101100110,sha:c09cd04c553b32976abdefc21b1b4fa0a517801bd1640be8b3249bc87ee56015,train
data/raw/benign/7.jpg,benign\7.jpg,7.jpg,benign,0,86fbe8714d663078128de0344119e35b4515119077e4f2a023b06e0e0363a8b8,1100011011000110110001111100011111000010111000001110000011110000,sha:86fbe8714d663078128de0344119e35b4515119077e4f2a023b06e0e0363a8b8,train
data/raw/benign/70.jpg,benign\70.jpg,70.jpg,benign,0,458ad1fb2177a4fa14bed0d1958f6be655f375158c8aa851cee5366c276a40ec,0011001001010001110011101000110000011100111000101110001000111000,sha:458ad1fb2177a4fa14bed0d1958f6be655f375158c8aa851cee5366c276a40ec,train
data/raw/benign/701.jpg,benign\701.jpg,701.jpg,benign,0,c8c803d9a19e17dce69798c3b7e5bff0c4833fa639eff9f5b3a996db698d93c8,1100100000001110000011100000111000011110100011111100111000110010,sha:c8c803d9a19e17dce69798c3b7e5bff0c4833fa639eff9f5b3a996db698d93c8,train
data/raw/benign/702.jpg,benign\702.jpg,702.jpg,benign,0,0ebdf530efca68b3b99e743982e895df2fe7d6c76f8f20ce0592547c16edd005,0010011100011011000011000001111001100110010001110100111100110111,sha:0ebdf530efca68b3b99e743982e895df2fe7d6c76f8f20ce0592547c16edd005,train
data/raw/benign/703.jpg,benign\703.jpg,703.jpg,benign,0,b66418caed7753ea3887a12d53dbbbf06d25fd92b1b25c32b32b38c4974d8fb8,1001011010010001100111000001111010011110100111100101111001111100,sha:b66418caed7753ea3887a12d53dbbbf06d25fd92b1b25c32b32b38c4974d8fb8,train
data/raw/benign/704.jpg,benign\704.jpg,704.jpg,benign,0,9d5abf8025ace6b14112f76ff31b618a5d2a7535cd8ad452454821fd3ceeefcb,0100110010001110100011101000111100001111000001101100011001100000,sha:9d5abf8025ace6b14112f76ff31b618a5d2a7535cd8ad452454821fd3ceeefcb,train
data/raw/benign/709.jpg,benign\709.jpg,709.jpg,benign,0,af4aabe65380eeb925a42c3dc45050fed798bd592f62d074e5460318111a9fc0,1111000011110000111000001110100011111000111110001110100011101000,sha:af4aabe65380eeb925a42c3dc45050fed798bd592f62d074e5460318111a9fc0,train
data/raw/benign/710.jpg,benign\710.jpg,710.jpg,benign,0,3daeb1478b08fc75b164be7bf472f2c31f6c0514e519bb2408b57ae0ce2539bc,1110011111010111100110011001100110011110100110101110011011101101,sha:3daeb1478b08fc75b164be7bf472f2c31f6c0514e519bb2408b57ae0ce2539bc,train
data/raw/benign/711.jpg,benign\711.jpg,711.jpg,benign,0,083b0901aee51ea98b3698f0e7ac9795dc20b7158bfba767c3f75b31d73b01a5,0011011000111111000111110001111100011110001110101011100011101000,sha:083b0901aee51ea98b3698f0e7ac9795dc20b7158bfba767c3f75b31d73b01a5,train
data/raw/benign/713.jpg,benign\713.jpg,713.jpg,benign,0,2c167a728eda69f4ed12b705efb2c8617d33943902ea4024695450791174aa1c,1111000011111000100011001000011010000110100001101100011011110000,sha:2c167a728eda69f4ed12b705efb2c8617d33943902ea4024695450791174aa1c,train
data/raw/benign/714.jpg,benign\714.jpg,714.jpg,benign,0,7088340b3ee14d6301dde7f0685b733291c3fa88cda8f3d866c0820d5cc5845c,0100011010000110100001111100011111000111110011001100110001101100,sha:7088340b3ee14d6301dde7f0685b733291c3fa88cda8f3d866c0820d5cc5845c,train
data/raw/benign/716.jpg,benign\716.jpg,716.jpg,benign,0,878c145269a7869bf25bf0c6e06c8bd65b49a48c07148e36163ace8a2e703b91,1001110000011100000111100001111100001111001001110011011100011111,sha:878c145269a7869bf25bf0c6e06c8bd65b49a48c07148e36163ace8a2e703b91,train
data/raw/benign/719.jpg,benign\719.jpg,719.jpg,benign,0,d481c6b511043e050554bbdc761d33a0c5f460404bf7686ecb93f66732809194,1110000010111100000111000011110000111100000111000011110000111000,sha:d481c6b511043e050554bbdc761d33a0c5f460404bf7686ecb93f66732809194,train
data/raw/benign/72.jpg,benign\72.jpg,72.jpg,benign,0,e528779be447ed3547e0e325f3305bfba643681a121a892363b2474f991fbc14,1110101010000111000001110100011101001111001011100011111010110110,sha:e528779be447ed3547e0e325f3305bfba643681a121a892363b2474f991fbc14,train
data/raw/benign/722.jpg,benign\722.jpg,722.jpg,benign,0,9753b6a054b48d05154d37da23c4d9caa8bff483d2b2482dc3a7a7be736a2372,1100000011001000100011001001111010001110100011101110100011110100,sha:9753b6a054b48d05154d37da23c4d9caa8bff483d2b2482dc3a7a7be736a2372,train
data/raw/benign/726.jpg,benign\726.jpg,726.jpg,benign,0,36e02117930028d5e1bfc34e8672edc54b39e44bb79cad8eef0c2a24046d3363,1110000011101000111010001110100011001100111010001110100011011000,sha:36e02117930028d5e1bfc34e8672edc54b39e44bb79cad8eef0c2a24046d3363,train
data/raw/benign/727.jpg,benign\727.jpg,727.jpg,benign,0,a111994d8c7660192538d8ea426a38f2e837c6b6487038b5fbb7e7d5ed0b71b4,1111000011111000100111001001110010011100100111001101100011111100,sha:a111994d8c7660192538d8ea426a38f2e837c6b6487038b5fbb7e7d5ed0b71b4,train
data/raw/benign/728.jpg,benign\728.jpg,728.jpg,benign,0,d67ef1a000b19210bd1d8dd496690e3401f237179b50497592584e43ac854725,0100001000001111000111110001111000011100001110000011000011101001,sha:d67ef1a000b19210bd1d8dd496690e3401f237179b50497592584e43ac854725,train
data/raw/benign/729.jpg,benign\729.jpg,729.jpg,benign,0,0c972d0c5017f3eee7ffbf8b9b48c47cfbea882e18bfc8402f0bfdb2c00f4bc7,1111010010011100100011101000011010000111100001111100011011110100,sha:0c972d0c5017f3eee7ffbf8b9b48c47cfbea882e18bfc8402f0bfdb2c00f4bc7,train
data/raw/benign/730.jpg,benign\730.jpg,730.jpg,benign,0,0c9255c7cc1438647b354c59770b2ea1910e931e8668b7aa04958eec34faf1d6,0001111000011110000111100001110100011000100110001010000010100000,sha:0c9255c7cc1438647b354c59770b2ea1910e931e8668b7aa04958eec34faf1d6,train
data/raw/benign/731.jpg,benign\731.jpg,731.jpg,benign,0,eae4e26028d3b7568ffb8155227905d97a06ace97bf7fb154ffa2e613ee17459,1000110010001100000111100000111100011110000111001011110011110100,sha:eae4e26028d3b7568ffb8155227905d97a06ace97bf7fb154ffa2e613ee17459,train
data/raw/benign/733.jpg,benign\733.jpg,733.jpg,benign,0,a972f02f8eeeda06c637ea02bc009ec2a1c0c1eac60289ff3f2e1ac33cd1f2ad,1111000011110000100110001001110010011100100111001100110011011000,sha:a972f02f8eeeda06c637ea02bc009ec2a1c0c1eac60289ff3f2e1ac33cd1f2ad,train
data/raw/benign/737.jpg,benign\737.jpg,737.jpg,benign,0,e43926766f0997ebc4e3f2ea7854e689bfafa37015710415b839889cf788ed38,1111000011110000111000001100001011001110110011001110100011100000,sha:e43926766f0997ebc4e3f2ea7854e689bfafa37015710415b839889cf788ed38,train
data/raw/benign/738.jpg,benign\738.jpg,738.jpg,benign,0,10165c03ac7e4639b5006e815659e07aa71c322460f5c46d405197662ea232a3,1111000011110000111110001111100011100100111110001111100011110000,sha:10165c03ac7e4639b5006e815659e07aa71c322460f5c46d405197662ea232a3,train
data/raw/benign/742.jpg,benign\742.jpg,742.jpg,benign,0,593a1b1ba84c32321848bf207ab3d298693b930fea2c95aad2581d42459f30ba,0010110000101100100011101000111010001110100001101101110011011000,sha:593a1b1ba84c32321848bf207ab3d298693b930fea2c95aad2581d42459f30ba,train
data/raw/benign/744.jpg,benign\744.jpg,744.jpg,benign,0,326a57aaea43de6f8b2ad6e13af31866ef931281406e046ef880be95216fe7ca,1100011111000111110001110000011100000111110001101100011011001100,sha:326a57aaea43de6f8b2ad6e13af31866ef931281406e046ef880be95216fe7ca,train
data/raw/benign/748.jpg,benign\748.jpg,748.jpg,benign,0,315eb139551c642dfbaba8af2011252ca4189a2ff248b1a9ea8f92868229d50a,1111000011111000100111000000111000001111100011110000111011001000,sha:315eb139551c642dfbaba8af2011252ca4189a2ff248b1a9ea8f92868229d50a,train
data/raw/benign/749.jpg,benign\749.jpg,749.jpg,benign,0,2fd9a0b7ee58f54927327f3a26ce486b2bbefe6e5a7049e0a779e98458c2922c,0111010000000111000000110000010100000101000011111000100011100000,sha:2fd9a0b7ee58f54927327f3a26ce486b2bbefe6e5a7049e0a779e98458c2922c,train
data/raw/benign/75.jpg,benign\75.jpg,75.jpg,benign,0,f005b7031c2933cdfd231e434b763422bbf1a1f55eb69cd0c65cc87512d44c00,1100000001000000110001100001111000011110000011100000111010001110,sha:f005b7031c2933cdfd231e434b763422bbf1a1f55eb69cd0c65cc87512d44c00,train
data/raw/benign/750.jpg,benign\750.jpg,750.jpg,benign,0,850b7d401121e8488a61d5ca9869c6fa21de15b52bd659ba4c7859a6024e060e,1100110010001110100011001000110011001100111100001110000011100000,sha:850b7d401121e8488a61d5ca9869c6fa21de15b52bd659ba4c7859a6024e060e,train
data/raw/benign/752.jpg,benign\752.jpg,752.jpg,benign,0,6dd9731ebe4152dfbd7cf73e0b7e508241c787690065ece9bf633f760167ff55,0000110000001110000111110000111100001111001000110000001100111010,sha:6dd9731ebe4152dfbd7cf73e0b7e508241c787690065ece9bf633f760167ff55,train
data/raw/benign/753.jpg,benign\753.jpg,753.jpg,benign,0,28f1554a9d9445a1cac1edd8b6448201fa377fdb5eb29f8a09380d336fc85337,1000011010000111000001110000111110000111100001101110110011111000,sha:28f1554a9d9445a1cac1edd8b6448201fa377fdb5eb29f8a09380d336fc85337,train
data/raw/benign/754.jpg,benign\754.jpg,754.jpg,benign,0,47e78e7566f3511675a92f4b49e27dd88fc2e4421852c6c46f8d43a606d6fbdf,1011111000111111001111110011111100011111100011111000011110100111,sha:47e78e7566f3511675a92f4b49e27dd88fc2e4421852c6c46f8d43a606d6fbdf,train
data/raw/benign/755.jpg,benign\755.jpg,755.jpg,benign,0,97a48675dedb568029ccc8162c37e4991abdefcf1eebe63aa81f5c86474943f6,1110001111100010001110001001100000011110000111000001110010011010,sha:97a48675dedb568029ccc8162c37e4991abdefcf1eebe63aa81f5c86474943f6,train
data/raw/benign/756.jpg,benign\756.jpg,756.jpg,benign,0,caddaf6ee2dfac27c864355a50bbb82829a6aa839797c2909c603747ea177a80,1110010011100000110010101100110011001100110011001110100011000011,sha:caddaf6ee2dfac27c864355a50bbb82829a6aa839797c2909c603747ea177a80,train
data/raw/benign/757.jpg,benign\757.jpg,757.jpg,benign,0,0e5367b81119c5b65a5d092e768d27f321f14a3798f2b373953b09856ba75461,1100010110000111100011110000111100001111000111110001110010011000,sha:0e5367b81119c5b65a5d092e768d27f321f14a3798f2b373953b09856ba75461,train
data/raw/benign/759.jpg,benign\759.jpg,759.jpg,benign,0,574c003163d13f33f84424178be2ef48133bf7645c1a70f30c1cd2c7c73bd56f,1100110010000111000001110000011100001111000011111000111110000011,sha:574c003163d13f33f84424178be2ef48133bf7645c1a70f30c1cd2c7c73bd56f,train
data/raw/benign/760.jpg,benign\760.jpg,760.jpg,benign,0,5df0d452a837776c665bd556f02b263e0adbf87c902784e0a3001ad03bee70de,1110100011100000111100000011100000011000001110001011100011011000,sha:5df0d452a837776c665bd556f02b263e0adbf87c902784e0a3001ad03bee70de,train
data/raw/benign/761.jpg,benign\761.jpg,761.jpg,benign,0,2f9a1410383efc900f4a07c3639b293a5e69ced01503555fd10f48fa507ea457,1011000011000110100011101000111010001110100011101101110011010100,sha:2f9a1410383efc900f4a07c3639b293a5e69ced01503555fd10f48fa507ea457,train
data/raw/benign/766.jpg,benign\766.jpg,766.jpg,benign,0,59b6247262da3f86ec3c325ba8415bb23a4af9e8f9622c55663e14e3a01cea6c,1000011000000110000011100000111000101110001111100001110011011010,sha:59b6247262da3f86ec3c325ba8415bb23a4af9e8f9622c55663e14e3a01cea6c,train
data/raw/benign/767.jpg,benign\767.jpg,767.jpg,benign,0,32cfeeebce2dd54b71318464248f594c6ba932fb4fe4336578a6b1e04e485c7c,1111000011100000110011001100110011001100110011001110100011110000,sha:32cfeeebce2dd54b71318464248f594c6ba932fb4fe4336578a6b1e04e485c7c,train
data/raw/benign/769.jpg,benign\769.jpg,769.jpg,benign,0,4699225999289fb2a439f23ac8a561f30bbb1ccc6d148859ed11f3c1510de8d9,1111011000011110000111110001011100011111000011101000011011000000,sha:4699225999289fb2a439f23ac8a561f30bbb1ccc6d148859ed11f3c1510de8d9,train
data/raw/benign/77.jpg,benign\77.jpg,77.jpg,benign,0,ef3ceb08c83ab074eadf8216ef73ca225c76bced8cf06a102354fec72e36a563,1111010011011000100111011000110010001100110011001100110011011100,sha:ef3ceb08c83ab074eadf8216ef73ca225c76bced8cf06a102354fec72e36a563,train
data/raw/benign/771.jpg,benign\771.jpg,771.jpg,benign,0,2f3d0198cd6a8edb0ae1c4c590fc1386a883daed9b0e2eefcd24c1ca6ea5571b,1000001100000111000001010000011100001111100011101000010011100001,sha:2f3d0198cd6a8edb0ae1c4c590fc1386a883daed9b0e2eefcd24c1ca6ea5571b,train
data/raw/benign/772.jpg,benign\772.jpg,772.jpg,benign,0,d4c6b58f117dfc6c9bcbdf02fb7ec7c08b0a2eba0e0e16bd56652a2273f7d20d,1000110010001100000011100000111010001110000011100100111001101100,sha:d4c6b58f117dfc6c9bcbdf02fb7ec7c08b0a2eba0e0e16bd56652a2273f7d20d,train
data/raw/benign/775.jpg,benign\775.jpg,775.jpg,benign,0,ced03f4e55de2edcf44cd9dc7492b7403199e1f2200c4e3c5bd52f66ef418cb3,1111100011101000110011001000110010001100110011001110010011100000,sha:ced03f4e55de2edcf44cd9dc7492b7403199e1f2200c4e3c5bd52f66ef418cb3,train
data/raw/benign/776.jpg,benign\776.jpg,776.jpg,benign,0,8a24765c99603cf4a5077ce128314f0b8659c87cc22703cbe9e64559785a4fea,1011100010000110000011110001101100110011000100111000011110011111,sha:8a24765c99603cf4a5077ce128314f0b8659c87cc22703cbe9e64559785a4fea,train
data/raw/benign/779.jpg,benign\779.jpg,779.jpg,benign,0,d8b51507ac19ad0520b6cab74c78582cdd2dc6233c3a83817405bdbef5d60014,1000110010001100100011101000111010001110100011101000110011001000,sha:d8b51507ac19ad0520b6cab74c78582cdd2dc6233c3a83817405bdbef5d60014,train
data/raw/benign/78.jpg,benign\78.jpg,78.jpg,benign,0,5e9fc272cd3ad02baf6fcf4b910d78c205b394e0c985adb98cc964289b5b6860,1110001110000011100001111000011100000111000001110000111010001110,sha:5e9fc272cd3ad02baf6fcf4b910d78c205b394e0c985adb98cc964289b5b6860,train
data/raw/benign/780.jpg,benign\780.jpg,780.jpg,benign,0,6ee2b87454f04133c2977e6a89b15dd2f3bea75d896729df30c66bb304ffb436,1111000000111000000110000001110010011100000111000111100011100000,sha:6ee2b87454f04133c2977e6a89b15dd2f3bea75d896729df30c66bb304ffb436,train
data/raw/benign/781.jpg,benign\781.jpg,781.jpg,benign,0,3ddb29f66d794d81aa8b0f4c82fced7d96b0b2acbcaf76c307536fe37e3f429f,1011000010011000000011000000111000001100000011000011100001011000,sha:3ddb29f66d794d81aa8b0f4c82fced7d96b0b2acbcaf76c307536fe37e3f429f,train
data/raw/benign/782.jpg,benign\782.jpg,782.jpg,benign,0,4d73123ae906bd06a2293b96a9de03fe00b01ce5a32fc270838959e9a54e759c,1100100011001110110011101000111010001110110011101101001010100110,sha:4d73123ae906bd06a2293b96a9de03fe00b01ce5a32fc270838959e9a54e759c,train
data/raw/benign/783.jpg,benign\783.jpg,783.jpg,benign,0,3414b67ef7a647cd38896d0935e5084f8d41e65ec51632efcf3e6de43abf3d54,1000100010001100000011101000111010001110100000001110000111110000,sha:3414b67ef7a647cd38896d0935e5084f8d41e65ec51632efcf3e6de43abf3d54,train
data/raw/benign/784.jpg,benign\784.jpg,784.jpg,benign,0,f7746739312464c7046867a84d35f10f029d1f5b195edf5412bf7c92ab01d64c,1110100000111000000111000001111000011111000011110000111100011100,sha:f7746739312464c7046867a84d35f10f029d1f5b195edf5412bf7c92ab01d64c,train
data/raw/benign/785.jpg,benign\785.jpg,785.jpg,benign,0,e6e15808aa05c801087b9b6f1d8978c7486c922016d6aa9f16eebf114b773299,1001111000011110000111100001111000001110100011101000111010010010,sha:e6e15808aa05c801087b9b6f1d8978c7486c922016d6aa9f16eebf114b773299,train
data/raw/benign/786.jpg,benign\786.jpg,786.jpg,benign,0,e9080d8aafabc98600502ed8f01f3603dd08aec56e2c36b3be8e6a41a47d1424,1100001011001110100011101000011010000111100001101100011011000000,sha:e9080d8aafabc98600502ed8f01f3603dd08aec56e2c36b3be8e6a41a47d1424,train
data/raw/benign/787.jpg,benign\787.jpg,787.jpg,benign,0,edd4b7b38af02d090cde3474978d3eb10956f805d27c6bddf4e7b75cb1e16748,0110110000011100000011000000110010011000111010001111000001100000,sha:edd4b7b38af02d090cde3474978d3eb10956f805d27c6bddf4e7b75cb1e16748,train
data/raw/benign/788.jpg,benign\788.jpg,788.jpg,benign,0,1e1aea8f8f3eebac7a0508b8cc7d75a90df71a7cb8f202e22efa6aced6ead3d4,1111000011110000111010001110110011001100111110001111000011110000,sha:1e1aea8f8f3eebac7a0508b8cc7d75a90df71a7cb8f202e22efa6aced6ead3d4,train
data/raw/benign/789.jpg,benign\789.jpg,789.jpg,benign,0,6dd9619bfe0bb685fc2ebb088aa66bb0c5eea32bec06a8bad026520490b89496,1111100011110000111011001100111010001111100011111000111011001110,sha:6dd9619bfe0bb685fc2ebb088aa66bb0c5eea32bec06a8bad026520490b89496,train
data/raw/benign/792.jpg,benign\792.jpg,792.jpg,benign,0,d6a6a66f2ac48156b0fcd332d761a6b4562dbf9b0cda789b3884f35b4fca17b9,1111000011110000111000001100110011001100111010001111000011110000,sha:572abf023abf2f1e661bcbc7e1dd7ef3f0c1de0e028da3b6d6e3ba010d4ee898,train
data/raw/benign/793.jpg,benign\793.jpg,793.jpg,benign,0,80064c56223db42330bc69a2055c1074ac99deb9f80317de06f6f4c2bbff5a46,1101110011000110110001100100111101000110110001001101000011110000,sha:80064c56223db42330bc69a2055c1074ac99deb9f80317de06f6f4c2bbff5a46,train
data/raw/benign/794.jpg,benign\794.jpg,794.jpg,benign,0,90fc31b25fa237cb722da9ed53d8cbd9c38be399c3388c302b5d24b3cde443c3,1000111000001111000011110011011100000111001101110001111110011111,sha:90fc31b25fa237cb722da9ed53d8cbd9c38be399c3388c302b5d24b3cde443c3,train
data/raw/benign/795.jpg,benign\795.jpg,795.jpg,benign,0,71889ebd0484a69a25736cb5ff7afc5a450702be246aec0c75f9c3eb4a3da1be,0010110010101100101100001100010011001111110011101100011011000110,sha:71889ebd0484a69a25736cb5ff7afc5a450702be246aec0c75f9c3eb4a3da1be,train
data/raw/benign/796.jpg,benign\796.jpg,796.jpg,benign,0,9e92d190382fcd246d7321d1556fe98af99201ea4eb96d10472106908fcc9435,0110010100000111100001111000111010001110100011101000111010001110,sha:9e92d190382fcd246d7321d1556fe98af99201ea4eb96d10472106908fcc9435,train
data/raw/benign/797.jpg,benign\797.jpg,797.jpg,benign,0,e9d217b712390d0fa71e9c4027535c87dddd331c08f84a2caf3d89e1e0971ac3,1111110011111110100011101000111000001111000111111001111111100010,sha:e9d217b712390d0fa71e9c4027535c87dddd331c08f84a2caf3d89e1e0971ac3,train
data/raw/benign/798.jpg,benign\798.jpg,798.jpg,benign,0,986cb49083031ae70bf1d9084cac35b5c38e9c7fb984f7fccc612f85546479c9,1000011010010110000011110001111100011111001011110010111100001110,sha:986cb49083031ae70bf1d9084cac35b5c38e9c7fb984f7fccc612f85546479c9,train
data/raw/benign/799.jpg,benign\799.jpg,799.jpg,benign,0,ef9aa06b0a9221de18d9c0996383da7a596a6989cf3819920519e98bb20bbb13,0111100000111100001111000011111000011110000011110000111110001100,sha:ef9aa06b0a9221de18d9c0996383da7a596a6989cf3819920519e98bb20bbb13,train
data/raw/benign/80.jpg,benign\80.jpg,80.jpg,benign,0,528601d8e8eacc286ac77a7d2976cfdc91e5c24ebd15c4274ce73fa4000ba755,1110011011000111110001101110011011100111111111011101100011011000,sha:528601d8e8eacc286ac77a7d2976cfdc91e5c24ebd15c4274ce73fa4000ba755,train
data/raw/benign/800.jpg,benign\800.jpg,800.jpg,benign,0,4cc21ce17ce6cdc01e682a0ab1a490bfd3899deb93d387a9bc25fa0933e839f0,1110001011001110100111001001110010011100000111000011100001110000,sha:4cc21ce17ce6cdc01e682a0ab1a490bfd3899deb93d387a9bc25fa0933e839f0,train
data/raw/benign/803.jpg,benign\803.jpg,803.jpg,benign,0,b9dc60f9fc6344296f343769c29da86a0335bc782de3f27487d0cacfabcd510e,1110000011010000111100001100110011001110111001001110000011110000,sha:b9dc60f9fc6344296f343769c29da86a0335bc782de3f27487d0cacfabcd510e,train
data/raw/benign/807.jpg,benign\807.jpg,807.jpg,benign,0,2900fc6ad6280f39b6364fa07eceeeb234702f7b9a01515fba595ee4e29fbb28,0111000111010000100011001000111010001110100011001000010010000110,sha:2900fc6ad6280f39b6364fa07eceeeb234702f7b9a01515fba595ee4e29fbb28,train
data/raw/benign/809.jpg,benign\809.jpg,809.jpg,benign,0,9ba2edf436c6d4f02f92eadeb89111a41761c6e66c37d5f48e49e55ed8994f49,1110000011110000100111001001110011001100110010001110100011110000,sha:9ba2edf436c6d4f02f92eadeb89111a41761c6e66c37d5f48e49e55ed8994f49,train
data/raw/benign/81.jpg,benign\81.jpg,81.jpg,benign,0,6d2ba2f1a45f47566c9cddac8f76b2d69d64ccb61ad1e548f5d59b8efc3c1be0,1100001011000011100001110000011100011111001111100011110011111000,sha:6d2ba2f1a45f47566c9cddac8f76b2d69d64ccb61ad1e548f5d59b8efc3c1be0,train
data/raw/benign/810.jpg,benign\810.jpg,810.jpg,benign,0,48ef400832f6d0117b18edca4e95ca75b979e1ecf7f728c0cf7b2a4581b8fa9f,1101000011001000100110000001111000011100000110001001100010110010,sha:48ef400832f6d0117b18edca4e95ca75b979e1ecf7f728c0cf7b2a4581b8fa9f,train
data/raw/benign/812.jpg,benign\812.jpg,812.jpg,benign,0,1263633483ad0dcee23fe5dfd263fe272f09a57ee8457b60eb3fb532671496d0,1111100010001110100011101000111010001111110011111100100011011100,sha:1263633483ad0dcee23fe5dfd263fe272f09a57ee8457b60eb3fb532671496d0,train
data/raw/benign/815.jpg,benign\815.jpg,815.jpg,benign,0,bf3590c2fb42e96a3cf65ec49216fcd6f63601f391abc71249de14fbd1a50e64,1101100011011100100011001000110010001110100011101100111011001110,sha:bf3590c2fb42e96a3cf65ec49216fcd6f63601f391abc71249de14fbd1a50e64,train
data/raw/benign/816.jpg,benign\816.jpg,816.jpg,benign,0,51add5249c9091fd420a023c84bac655599fa54ea13ad2711e4ec6f14549c8ee,0000011100000111000001110000111100001111000011110000011100001110,sha:51add5249c9091fd420a023c84bac655599fa54ea13ad2711e4ec6f14549c8ee,train
data/raw/benign/817.jpg,benign\817.jpg,817.jpg,benign,0,28410035bb9eb41c1763552797cb6a979bd017c8ae06028cdd91943aea0261cc,1100110011011000111110001100110011001100111110001111000011110000,sha:28410035bb9eb41c1763552797cb6a979bd017c8ae06028cdd91943aea0261cc,train
data/raw/benign/818.jpg,benign\818.jpg,818.jpg,benign,0,1911d832de84af5d4e665c275389d7b65e4f7d26e1ba414dcc592a3505cb0ab7,1000110000001110000111100001111100011110000111110000111000001110,sha:1911d832de84af5d4e665c275389d7b65e4f7d26e1ba414dcc592a3505cb0ab7,train
data/raw/benign/82.jpg,benign\82.jpg,82.jpg,benign,0,438d9e823778431899ae5cbae4da292027314701f2579a5efd23495a100d6793,0111001111110010110011101000111011001100110111001110010011110100,sha:438d9e823778431899ae5cbae4da292027314701f2579a5efd23495a100d6793,train
data/raw/benign/821.jpg,benign\821.jpg,821.jpg,benign,0,89462f33f01b815b88e14db601e7910086f7c60cfe51bd903354716ca322f00e,0001100100011101000111000001111100001110000011000001111100001010,sha:89462f33f01b815b88e14db601e7910086f7c60cfe51bd903354716ca322f00e,train
data/raw/benign/822.jpg,benign\822.jpg,822.jpg,benign,0,a8e5e72f0e158887521514d464f2123c4bba07d066a1b7f7753bff2778262a79,0000111100001111010011110001100100111011001100111100000011000100,sha:a8e5e72f0e158887521514d464f2123c4bba07d066a1b7f7753bff2778262a79,train
data/raw/benign/829.jpg,benign\829.jpg,829.jpg,benign,0,69bf20cde63634de03e60cef4f8bb6b00b1f2e00866741335c574a467d6ae7fd,1111100011110000111100001100100011001100111000001110000011110000,sha:69bf20cde63634de03e60cef4f8bb6b00b1f2e00866741335c574a467d6ae7fd,train
data/raw/benign/832.jpg,benign\832.jpg,832.jpg,benign,0,1efc2d59e31afc052e495e1ed7785ec7fd4fa8d90f0441cbb38832b97c0648b6,1100111010001111100011111000111010001110111001001100000011001000,sha:1efc2d59e31afc052e495e1ed7785ec7fd4fa8d90f0441cbb38832b97c0648b6,train
data/raw/benign/833.jpg,benign\833.jpg,833.jpg,benign,0,b0750d15f08218b5581478300f7c2323bc575d8f7545dc73b46f85b982d999ce,0111000011100010110001111100001111000011100001111100011111111000,sha:b0750d15f08218b5581478300f7c2323bc575d8f7545dc73b46f85b982d999ce,train
data/raw/benign/834.jpg,benign\834.jpg,834.jpg,benign,0,cb9fc983eaedd83ae0aacc0777873dfa8de94533b28f328c81b9d297006a6ea2,1111100010001100000011100011001100010011100001111100000011110000,sha:cb9fc983eaedd83ae0aacc0777873dfa8de94533b28f328c81b9d297006a6ea2,train
data/raw/benign/836.jpg,benign\836.jpg,836.jpg,benign,0,3f6ff49fa5591e96e3b32848a78bf3c6d3b7f5b88694e31bbfd5083dbd40e6ef,1001110000011100000111100001111000011111000111100001101010010110,sha:3f6ff49fa5591e96e3b32848a78bf3c6d3b7f5b88694e31bbfd5083dbd40e6ef,train
data/raw/benign/837.jpg,benign\837.jpg,837.jpg,benign,0,36e50584198be4f78101eade56803d2ed77cc10c4e7feb2559322e7cfd407e50,1110100011101000100011101000111010001110100011101010100010101000,sha:36e50584198be4f78101eade56803d2ed77cc10c4e7feb2559322e7cfd407e50,train
data/raw/benign/838.jpg,benign\838.jpg,838.jpg,benign,0,8aa11a8e3979bbe50060c35a953124d6a6502c934ec85e8a2977506097d7f6ce,1101000011010100100111101001111100011011001110111000111011111000,sha:8aa11a8e3979bbe50060c35a953124d6a6502c934ec85e8a2977506097d7f6ce,train
data/raw/benign/839.jpg,benign\839.jpg,839.jpg,benign,0,3a522b93015cdb44a7429277456b2affb30476725eb6a2380fa6d7db3d8d7a82,1110110011001100110011101000111110001111110011011100100011011000,sha:3a522b93015cdb44a7429277456b2affb30476725eb6a2380fa6d7db3d8d7a82,train
data/raw/benign/842.jpg,benign\842.jpg,842.jpg,benign,0,44229c24fb60a70d99fdd1ee9652d19e6487e7c92cd6a1ccd2ec5f10336ea852,1110010010100100100001100001011000000111000001111000011111101111,sha:44229c24fb60a70d99fdd1ee9652d19e6487e7c92cd6a1ccd2ec5f10336ea852,train
data/raw/benign/843.jpg,benign\843.jpg,843.jpg,benign,0,d2d93f3d9e2c9188bc0d15428eb1782bc2cade52ef6075c696794aefe71cde99,0111101001111100001111100011111100011100000111000001110010001110,sha:d2d93f3d9e2c9188bc0d15428eb1782bc2cade52ef6075c696794aefe71cde99,train
data/raw/benign/845.jpg,benign\845.jpg,845.jpg,benign,0,4d0b5a42232c8f64e90b0239145d3c529488c776bbfe708256f1e94bb6f6841a,1011001111100000111001000110011011100111111001101110001001110000,sha:4d0b5a42232c8f64e90b0239145d3c529488c776bbfe708256f1e94bb6f6841a,train
data/raw/benign/846.jpg,benign\846.jpg,846.jpg,benign,0,be172ce694d0a27d325ef3eeb9fe58c3b2d836aef318d9ed1aabc4f71a4fb745,0011001001111100010111101001111010001111100011111001111010011110,sha:be172ce694d0a27d325ef3eeb9fe58c3b2d836aef318d9ed1aabc4f71a4fb745,train
data/raw/benign/848.jpg,benign\848.jpg,848.jpg,benign,0,90e05c271b829b01b86aa1aeab97eb4c2bd14bbfd9637aad8c7b072a4d18f387,1100110000011100000111001001110010001100100011001000110011011000,sha:90e05c271b829b01b86aa1aeab97eb4c2bd14bbfd9637aad8c7b072a4d18f387,train
data/raw/benign/85.jpg,benign\85.jpg,85.jpg,benign,0,b211b18bf83025d09180c4f362e147a1c9b754a279eb620b9307b6267ce890c3,1011001011111010110011011101110110011101100111001001111011001110,sha:b211b18bf83025d09180c4f362e147a1c9b754a279eb620b9307b6267ce890c3,train
data/raw/benign/850.jpg,benign\850.jpg,850.jpg,benign,0,313c5651ba77e8f71c5b0163becd009b1f8cd5b5533b4bc15df16a332bd35d99,0011010000001100100001101000011010000111000011110000111101111001,sha:313c5651ba77e8f71c5b0163becd009b1f8cd5b5533b4bc15df16a332bd35d99,train
data/raw/benign/851.jpg,benign\851.jpg,851.jpg,benign,0,00874a21b5c9de87cd9c684722371d4c3ee183a3677339607ded41398d6bc88f,1000100000100000001000000100111011001100110011001011000000100000,sha:00874a21b5c9de87cd9c684722371d4c3ee183a3677339607ded41398d6bc88f,train
data/raw/benign/853.jpg,benign\853.jpg,853.jpg,benign,0,36355cf8647d07ba314c799a52593e1f00c8c44a60723732277f42bfdc8935c7,0100011000000111000011111001111100111111000110110001001111101000,sha:36355cf8647d07ba314c799a52593e1f00c8c44a60723732277f42bfdc8935c7,train
data/raw/benign/855.jpg,benign\855.jpg,855.jpg,benign,0,53b03ca2ae8cf58a96f42bac901fef89f8dbe1c901905fb21b6334534ec5ede8,1111000011100110110011101000011010000111100101101001110011111000,sha:53b03ca2ae8cf58a96f42bac901fef89f8dbe1c901905fb21b6334534ec5ede8,train
data/raw/benign/857.jpg,benign\857.jpg,857.jpg,benign,0,f2c4daab9abe092b90343aa7d0f90c71647198f2ab63e22f11c15016fc7fd11f,1111000010111000100111000001111000011101100111001001111011001110,sha:f2c4daab9abe092b90343aa7d0f90c71647198f2ab63e22f11c15016fc7fd11f,train
data/raw/benign/858.jpg,benign\858.jpg,858.jpg,benign,0,c32a79f2ccdcc93d22741e3c6a221479ac0f7bb7d53b1c08d1a01613a437dc00,1111000011110000110000101000011011000110110001001110000011100000,sha:c32a79f2ccdcc93d22741e3c6a221479ac0f7bb7d53b1c08d1a01613a437dc00,train
data/raw/benign/859.jpg,benign\859.jpg,859.jpg,benign,0,83ea2e262648cdd1ac2b3744c850efbbfafa1f956ac4a8eafeb58d9aeaa821ef,1110000011100000111011001100110011001100111110001110100011110000,sha:83ea2e262648cdd1ac2b3744c850efbbfafa1f956ac4a8eafeb58d9aeaa821ef,train
data/raw/benign/86.jpg,benign\86.jpg,86.jpg,benign,0,9bf0ced9bc301113ba81a259f01397e54251f8b5b3fea850ac69633439c7efd7,0000111000001111000001110000011100000111000011110001111010001110,sha:9bf0ced9bc301113ba81a259f01397e54251f8b5b3fea850ac69633439c7efd7,train
data/raw/benign/861.jpg,benign\861.jpg,861.jpg,benign,0,7be2bf0968449dd9489c965d5db34035fb12b3f013b9447cbe6932dd3f675a91,0000110000001111000111100001111000001111000001110000111000000110,sha:7be2bf0968449dd9489c965d5db34035fb12b3f013b9447cbe6932dd3f675a91,train
data/raw/benign/862.jpg,benign\862.jpg,862.jpg,benign,0,df28bf33e2b31ca403657f4999d9349414da82c744f806a0207af82085401e58,1110000000111000000111000001111010001110100011101000111010001110,sha:df28bf33e2b31ca403657f4999d9349414da82c744f806a0207af82085401e58,train
data/raw/benign/863.jpg,benign\863.jpg,863.jpg,benign,0,98e5fd744895ac52f0137d8b0a6d9c32e40a11ba8b3122dcdd4004b9801b0e28,0101001100011011100111101000011000001110001011000000100010001010,sha:98e5fd744895ac52f0137d8b0a6d9c32e40a11ba8b3122dcdd4004b9801b0e28,train
data/raw/benign/865.jpg,benign\865.jpg,865.jpg,benign,0,bb18130570517ca7357ce09ca02605e403c9cd5b4e4ba3119cb69aa7d409087a,1011000011110010000110100000100010011110110011001100100111000000,sha:bb18130570517ca7357ce09ca02605e403c9cd5b4e4ba3119cb69aa7d409087a,train
data/raw/benign/866.jpg,benign\866.jpg,866.jpg,benign,0,4d7cb991b59467856a136eb9f5304e9ee6b9bc86cc5433ddea48110c7b8a8330,1100100010001110100011110000111100001110000011101000111010011101,sha:4d7cb991b59467856a136eb9f5304e9ee6b9bc86cc5433ddea48110c7b8a8330,train
data/raw/benign/872.jpg,benign\872.jpg,872.jpg,benign,0,6fdb6862713a7bcef19203b064c04bec3ee4771318f1df127f0431a4fef97c27,1111000011110000110010001100110011001100110011001111000011110000,sha:32cfeeebce2dd54b71318464248f594c6ba932fb4fe4336578a6b1e04e485c7c,train
data/raw/benign/875.jpg,benign\875.jpg,875.jpg,benign,0,b9fb0ad873bf80c21c1a88c8cfa9d4511d4b0df6ac84ddf883264020f5eb7739,1111100011110000111100001100110011001100110011001110000011110000,sha:b9fb0ad873bf80c21c1a88c8cfa9d4511d4b0df6ac84ddf883264020f5eb7739,train
data/raw/benign/876.jpg,benign\876.jpg,876.jpg,benign,0,cd011ca296188f9ef538464736b77ae9c29f3dada2528bb772cb370e84c9befc,1111100111000111100011110000111100001111100010111100001110100111,sha:cd011ca296188f9ef538464736b77ae9c29f3dada2528bb772cb370e84c9befc,train
data/raw/benign/879.jpg,benign\879.jpg,879.jpg,benign,0,95763f0fcbf686508410e7890fecf705b5164fbe165ac3bee9225edab6f12e33,1000010010001100000111100001111000011100000111001001100011110000,sha:95763f0fcbf686508410e7890fecf705b5164fbe165ac3bee9225edab6f12e33,train
data/raw/benign/881.jpg,benign\881.jpg,881.jpg,benign,0,45e01805a21ca01969f1ff463a52aa8a91deaf89c620272820010a9893681476,0111110011111100110011001000111010001110100011101100110011111100,sha:45e01805a21ca01969f1ff463a52aa8a91deaf89c620272820010a9893681476,train
data/raw/benign/882.jpg,benign\882.jpg,882.jpg,benign,0,ba8c8c772a9dc777a0958d35621e6757a757194d4d110702ebdb460e8b43da5f,0011111000011010000111100000111010001111100011001100110011001100,sha:ba8c8c772a9dc777a0958d35621e6757a757194d4d110702ebdb460e8b43da5f,train
data/raw/benign/883.jpg,benign\883.jpg,883.jpg,benign,0,466d2e6c58beb5d96bcc00e7338a4c49d4047abe911eeaa350432818cde76f3a,1110011010100111001001111010011110001011110011110100110101001001,sha:466d2e6c58beb5d96bcc00e7338a4c49d4047abe911eeaa350432818cde76f3a,train
data/raw/benign/884.jpg,benign\884.jpg,884.jpg,benign,0,bd4cefefb6b3ff89b5b3e570e1975de8594b7c73ba116b7e5dd6fca2cfbe9f20,1100011110011110100111111001111010001110100011111100111101100110,sha:bd4cefefb6b3ff89b5b3e570e1975de8594b7c73ba116b7e5dd6fca2cfbe9f20,train
data/raw/benign/885.jpg,benign\885.jpg,885.jpg,benign,0,c00f840f91f2467ad3800e14b6e4e92ce1ab73c250ee8b74ba5b6bdcaa305251,1111110010011100100111001000110010001100111100001111000011110010,sha:c00f840f91f2467ad3800e14b6e4e92ce1ab73c250ee8b74ba5b6bdcaa305251,train
data/raw/benign/886.jpg,benign\886.jpg,886.jpg,benign,0,f8a9eeac20cfc6147a0613d08c00272c95a45da4aa36b044989b5b062cfbecac,0111010011111000101111001100111111001111110001100000111011011000,sha:f8a9eeac20cfc6147a0613d08c00272c95a45da4aa36b044989b5b062cfbecac,train
data/raw/benign/889.jpg,benign\889.jpg,889.jpg,benign,0,7819fd741e254d3afbf74b84ddae8a0031236ee16f43b0dd46f2df7c1045ca69,1001110010011110100011101000111000001110000111101001111010011100,sha:7819fd741e254d3afbf74b84ddae8a0031236ee16f43b0dd46f2df7c1045ca69,train
data/raw/benign/896.jpg,benign\896.jpg,896.jpg,benign,0,1700889e20e9b608cdb496c7d3a8daf2447967bcdb85d3d1bbd8887d7c2089e1,1110000011100000110001110100011101000111010001110100011110100111,sha:1700889e20e9b608cdb496c7d3a8daf2447967bcdb85d3d1bbd8887d7c2089e1,train
data/raw/benign/897.jpg,benign\897.jpg,897.jpg,benign,0,ad0467e47919098f869aa6027baf5a75d4ab92ca2a6d0df8335beb033dd9fc1e,1110100011001100010011000100111001101110011011000111100111100100,sha:ad0467e47919098f869aa6027baf5a75d4ab92ca2a6d0df8335beb033dd9fc1e,train
data/raw/benign/899.jpg,benign\899.jpg,899.jpg,benign,0,3b9ec35d94fb2addbcdc9d1cc7a4d285d40ebf657de2e8174a94a869f1ee83e9,1111000010011010000111110001111100011111000011110000101100000111,sha:3b9ec35d94fb2addbcdc9d1cc7a4d285d40ebf657de2e8174a94a869f1ee83e9,train
data/raw/benign/901.jpg,benign\901.jpg,901.jpg,benign,0,cc31a304f526264aa44c6ae44a8df1a732a60be229b16a5c3432f15abc69139a,1111010011100100111001001100011011000111110001001101100011011000,sha:cc31a304f526264aa44c6ae44a8df1a732a60be229b16a5c3432f15abc69139a,train
data/raw/benign/902.jpg,benign\902.jpg,902.jpg,benign,0,f510fb655fbed834aa4cc0e016acb0a474303a170d46509ddbb064c1ad694fd9,1110101000111000000111000001111000001111000011111000111010000110,sha:f510fb655fbed834aa4cc0e016acb0a474303a170d46509ddbb064c1ad694fd9,train
data/raw/benign/904.jpg,benign\904.jpg,904.jpg,benign,0,3c9b90d5ecbc4d739ee25bb2a530d629de88788004154eadca7af3066581eb90,1110011011001110100011111000011111000111110001101110010010100001,sha:3c9b90d5ecbc4d739ee25bb2a530d629de88788004154eadca7af3066581eb90,train
data/raw/benign/905.jpg,benign\905.jpg,905.jpg,benign,0,ef2c2c5a4a513aeae697880ab8f92e9d4f98ffbcf09bf334798f31e29beb6fc9,1110100011001100100011101000111110001111100011111000111010001110,sha:ef2c2c5a4a513aeae697880ab8f92e9d4f98ffbcf09bf334798f31e29beb6fc9,train
data/raw/benign/91.jpg,benign\91.jpg,91.jpg,benign,0,fccf460d9c0ca1fc21f586e8421c3a754e10a26e3deb1ffd4a8b4e0d1fe3b52b,1100100010011000000111000000110000001100110110011001100010010110,sha:fccf460d9c0ca1fc21f586e8421c3a754e10a26e3deb1ffd4a8b4e0d1fe3b52b,train
data/raw/benign/910.jpg,benign\910.jpg,910.jpg,benign,0,be742cc5a13c062d8c3f2d4f3170c88679f9cd34c20e940067f90f93a60a4051,1111000011001100110011101000111010001110110011001101100011110000,sha:be742cc5a13c062d8c3f2d4f3170c88679f9cd34c20e940067f90f93a60a4051,train
data/raw/benign/911.jpg,benign\911.jpg,911.jpg,benign,0,dbe13563e7066131b3affc35de3c411d453e17a7fe439b61b5e1e4c1d4c8ba02,1100111010001111000111110011101100101111000111111000111011111000,sha:dbe13563e7066131b3affc35de3c411d453e17a7fe439b61b5e1e4c1d4c8ba02,train
data/raw/benign/913.jpg,benign\913.jpg,913.jpg,benign,0,60518724970940452ba4997eff37449c2c485e091648160661c5ffdeacd765c3,0011110000011010000011111000111100001110100011101000111000000110,sha:60518724970940452ba4997eff37449c2c485e091648160661c5ffdeacd765c3,train
data/raw/benign/917.jpg,benign\917.jpg,917.jpg,benign,0,34aefc50201c22ac8830386b331f11b339957698324ad58a733a917fb12ef383,0001111100011011100110010000011110000110000011110100000100100011,sha:34aefc50201c22ac8830386b331f11b339957698324ad58a733a917fb12ef383,train
data/raw/benign/920.jpg,benign\920.jpg,920.jpg,benign,0,0eab9154709615c692c56a2d4d362e2133fe96d733f326390a0d7e9133c0fc04,1101010011011100000011001001110010011100110110001101100001111000,sha:0eab9154709615c692c56a2d4d362e2133fe96d733f326390a0d7e9133c0fc04,train
data/raw/benign/921.jpg,benign\921.jpg,921.jpg,benign,0,e05b93b0be338b518b9b4530749e60fe36948c5a7a6cdb6cb076cd8a3704088f,1111100011111000111001001000011011000110111111001111000011110000,sha:e05b93b0be338b518b9b4530749e60fe36948c5a7a6cdb6cb076cd8a3704088f,train
data/raw/benign/923.jpg,benign\923.jpg,923.jpg,benign,0,c8263e680e7afede82493d916aadcfa0c5f181b7b86e49aae6beb62485b3efda,1100110010001110100001101000011100100011100011101000110011100000,sha:c8263e680e7afede82493d916aadcfa0c5f181b7b86e49aae6beb62485b3efda,train
data/raw/benign/927.jpg,benign\927.jpg,927.jpg,benign,0,3386cde1792fc1ee5186cf929b8dda48198aa631c69341cca36083b89706f4e7,1010011010000011110001111100011111100010110000101110000011000000,sha:3386cde1792fc1ee5186cf929b8dda48198aa631c69341cca36083b89706f4e7,train
data/raw/benign/928.jpg,benign\928.jpg,928.jpg,benign,0,c1be174549fde96470f8ca4f58452b5649d9b6d26e13dd89e481943350365f53,0011100000111000001111000011110000011100001111000011110011110000,sha:c1be174549fde96470f8ca4f58452b5649d9b6d26e13dd89e481943350365f53,train
data/raw/benign/929.jpg,benign\929.jpg,929.jpg,benign,0,7b0bc706dda0847f11b159d8c21b3707dad60aabfe8fb0f10834a8278191ed3c,1111100010011100100011001000111010001110100011101000110010011000,sha:7b0bc706dda0847f11b159d8c21b3707dad60aabfe8fb0f10834a8278191ed3c,train
data/raw/benign/930.jpg,benign\930.jpg,930.jpg,benign,0,e57705ac0399bfcf2e1a7d289de0aac9ffe9c5eb3afdd82ed7ae851f80bac0de,1111000011110000111000001110011011100110111010001101100011110000,sha:e57705ac0399bfcf2e1a7d289de0aac9ffe9c5eb3afdd82ed7ae851f80bac0de,train
data/raw/benign/931.jpg,benign\931.jpg,931.jpg,benign,0,9bafa576c932fe9edd0f26a221297662dd0fa5ff8012362757f0cc6c5a197e38,1110000011100000000111000001111000011110000011101000111011001110,sha:9bafa576c932fe9edd0f26a221297662dd0fa5ff8012362757f0cc6c5a197e38,train
data/raw/benign/932.jpg,benign\932.jpg,932.jpg,benign,0,a1d716dca8810f40ae101864f363a4c7bacd2af2bd5a9b38851a660d9ee4b8de,1100100001001101000011100000111100011110100011111000111011100010,sha:a1d716dca8810f40ae101864f363a4c7bacd2af2bd5a9b38851a660d9ee4b8de,train
data/raw/benign/933.jpg,benign\933.jpg,933.jpg,benign,0,ec0e552f5290dd60b077f69cf87d37faa94ea06b26573909bc1fb04d4bc18488,1111000011000010100001111000111010001111100011101000110011111000,sha:ec0e552f5290dd60b077f69cf87d37faa94ea06b26573909bc1fb04d4bc18488,train
data/raw/benign/935.jpg,benign\935.jpg,935.jpg,benign,0,cdbbe30a15159e57418c5d0916b85479330aae6396678a794068154904e40ade,1111100011111000111111001101110010011100100111001001110011111100,sha:cdbbe30a15159e57418c5d0916b85479330aae6396678a794068154904e40ade,train
data/raw/benign/937.jpg,benign\937.jpg,937.jpg,benign,0,7ce2b9ca2b2988d2f6f180a132adb7c8be3954c70535517d43b0b32a8e7ee13e,1100000011000010110000111100001111100111100001101000000111000000,sha:7ce2b9ca2b2988d2f6f180a132adb7c8be3954c70535517d43b0b32a8e7ee13e,train
data/raw/benign/938.jpg,benign\938.jpg,938.jpg,benign,0,b25079fd39a6471737feaa56194e5d8c3d8fb34e6c319763300fa8ba552427f9,0111100011100000111001001100111011001100111110001011110011100100,sha:b25079fd39a6471737feaa56194e5d8c3d8fb34e6c319763300fa8ba552427f9,train
data/raw/benign/939.jpg,benign\939.jpg,939.jpg,benign,0,ffea94c71bb203eed0c85dab888f559afbf4cadd23729999d3b7b3270649c7a5,0000111000001110000011100000111000011110100111001111100011100000,sha:ffea94c71bb203eed0c85dab888f559afbf4cadd23729999d3b7b3270649c7a5,train
data/raw/benign/94.jpg,benign\94.jpg,94.jpg,benign,0,74837a121fb1b68bacfe1254dcc671f50d9f29bf9c3df44cc1f8af878f14c032,1110100011001100100011100000111000001110100011111111000111110010,sha:74837a121fb1b68bacfe1254dcc671f50d9f29bf9c3df44cc1f8af878f14c032,train
data/raw/benign/940.jpg,benign\940.jpg,940.jpg,benign,0,d372161a325cbeeed16e4db464b10c8374ca53b19c03ca510e1cc98774312715,1101001011100001110011001000011010000111100011111000100010001001,sha:d372161a325cbeeed16e4db464b10c8374ca53b19c03ca510e1cc98774312715,train
data/raw/benign/942.jpg,benign\942.jpg,942.jpg,benign,0,7db2b7909c6ae6c2456db6ec885ee78c274fe5ccf440d5abb7fc2cea5951ac64,1110110011001110000011100001111000110110001101100011011010110110,sha:7db2b7909c6ae6c2456db6ec885ee78c274fe5ccf440d5abb7fc2cea5951ac64,train
data/raw/benign/945.jpg,benign\945.jpg,945.jpg,benign,0,19f915534e5e3ea77ef9ec26d5705f31046dc88a27cb928ea77a6e075dcf91d7,0111110010011100100111001001110010011100101111001110000011100000,sha:19f915534e5e3ea77ef9ec26d5705f31046dc88a27cb928ea77a6e075dcf91d7,train
data/raw/benign/948.jpg,benign\948.jpg,948.jpg,benign,0,f29068d47382aa5e196d3cc083da8d62a4b428ba1e960dc3a101ae650cca977e,1010110010001100100011001001111000011110000011100000111100110001,sha:f29068d47382aa5e196d3cc083da8d62a4b428ba1e960dc3a101ae650cca977e,train
data/raw/benign/949.jpg,benign\949.jpg,949.jpg,benign,0,df8315fccb91f9a90b9dade1bd09ac62f94a2da5762a3a6531bb1f9b06de8e7f,1100000011000000110000001000100010001100110011001111110011111111,sha:df8315fccb91f9a90b9dade1bd09ac62f94a2da5762a3a6531bb1f9b06de8e7f,train
data/raw/benign/953.jpg,benign\953.jpg,953.jpg,benign,0,d4cadad51fd15ceac5bbd1b6435ba9004d3df166e73467562adc6132a0ded4e2,1100100010001100000011100000111100100111000001110001111010010010,sha:d4cadad51fd15ceac5bbd1b6435ba9004d3df166e73467562adc6132a0ded4e2,train
data/raw/benign/954.jpg,benign\954.jpg,954.jpg,benign,0,f170d5e02d7b58f8b525d2565ea8d010c5d31e373b59f8708fcf07d8488fd464,0001110000011111000011110000111110001111110001110110100001111010,sha:f170d5e02d7b58f8b525d2565ea8d010c5d31e373b59f8708fcf07d8488fd464,train
data/raw/benign/955.jpg,benign\955.jpg,955.jpg,benign,0,31351793170d178211d7de5d4e72e45305205921aa9117ee1a25a57a91d464f3,0101110100011100001111100011111000011100000111001010110001111100,sha:31351793170d178211d7de5d4e72e45305205921aa9117ee1a25a57a91d464f3,train
data/raw/benign/956.jpg,benign\956.jpg,956.jpg,benign,0,2281eb3f0cd8e3f28b33654bdfa24ac3cfd761335526cfa0f0218472a7780df2,1100111110011111000111110000111110011110100111101111111011111100,sha:2281eb3f0cd8e3f28b33654bdfa24ac3cfd761335526cfa0f0218472a7780df2,train
data/raw/benign/957.jpg,benign\957.jpg,957.jpg,benign,0,ce13111d197955c7c81d0cff26b1d62b857b07174c98923ec373873e6e53282a,1111000011010000110111111000110010001100110011001111010011101000,sha:ce13111d197955c7c81d0cff26b1d62b857b07174c98923ec373873e6e53282a,train
data/raw/benign/961.jpg,benign\961.jpg,961.jpg,benign,0,5a9c0e3e0ef0cbf2875f93935329a5528e62bec134621e58892e7d397a527eb3,1111110011110100111001101100011011001110110011101100110011110000,sha:5a9c0e3e0ef0cbf2875f93935329a5528e62bec134621e58892e7d397a527eb3,train
data/raw/benign/963.jpg,benign\963.jpg,963.jpg,benign,0,ac04a78ae295c137b3be486a601e1a6b8dffc2daf496145aa7d9dcd04cfd5491,0111000000001000100011001000111010001110100001111000011110100110,sha:ac04a78ae295c137b3be486a601e1a6b8dffc2daf496145aa7d9dcd04cfd5491,train
data/raw/benign/965.jpg,benign\965.jpg,965.jpg,benign,0,0d49e45ed6640078bd03279b2718900bc92d2d2b3e4b30e4e7d04b32d4eb55fc,1110010011110000100001000000111000011100000111000111000001110000,sha:0d49e45ed6640078bd03279b2718900bc92d2d2b3e4b30e4e7d04b32d4eb55fc,train
data/raw/benign/966.jpg,benign\966.jpg,966.jpg,benign,0,71ec7d161c3cb1840132b55cb0703a655402248da54fb02e1cca72269948c82b,1010001010001111100011110000111100001110010011100110011111100011,sha:71ec7d161c3cb1840132b55cb0703a655402248da54fb02e1cca72269948c82b,train
data/raw/benign/967.jpg,benign\967.jpg,967.jpg,benign,0,d01659ebf70e42f5b5a4843f95165fbd2e1490a72d2407cd95b26a73bb4c0e30,1111110011101100110001101100011010000110100001111100011110000111,sha:d01659ebf70e42f5b5a4843f95165fbd2e1490a72d2407cd95b26a73bb4c0e30,train
data/raw/benign/968.jpg,benign\968.jpg,968.jpg,benign,0,c6461d02715b748347ddab9db0078dce25b13949410e81c282a8018b58ce56e4,0010111000100111000001110000011100000111000011110001111100011111,sha:c6461d02715b748347ddab9db0078dce25b13949410e81c282a8018b58ce56e4,train
data/raw/benign/969.jpg,benign\969.jpg,969.jpg,benign,0,128b7217dcc45bcb62b0edac716a8665032f968c00d6fbb8abb6e16bc334a453,0111100101111001011010010000110100001001001100010011001100110011,sha:128b7217dcc45bcb62b0edac716a8665032f968c00d6fbb8abb6e16bc334a453,train
data/raw/benign/970.jpg,benign\970.jpg,970.jpg,benign,0,be6a3cbb904b5357ca06c475bb4931f494e0f3b77f5f29bbd32c27c1f8698973,1100000010001100000011000000111000101110000011100001111000011100,sha:be6a3cbb904b5357ca06c475bb4931f494e0f3b77f5f29bbd32c27c1f8698973,train
data/raw/benign/973.jpg,benign\973.jpg,973.jpg,benign,0,78320f810097c4936b9d6372bc1f5a45c8c05864c6da3c899e2e322d57689b17,0001100000011100001111000001110000011110100110001111100011111000,sha:78320f810097c4936b9d6372bc1f5a45c8c05864c6da3c899e2e322d57689b17,train
data/raw/benign/974.jpg,benign\974.jpg,974.jpg,benign,0,5864e74e338d093bf12659e1853b0ea52a7fd39c01ff7bddcf4283e31e5bfd3d,1111000011101000111000001110010011001100110011001110000011110000,sha:5864e74e338d093bf12659e1853b0ea52a7fd39c01ff7bddcf4283e31e5bfd3d,train
data/raw/benign/975.jpg,benign\975.jpg,975.jpg,benign,0,69f673efbc50ed3532a3371c7b70e88588ffe98e441d745f1dea0857028de270,1000111010001110100011101000111010001111100111101000111010001101,sha:69f673efbc50ed3532a3371c7b70e88588ffe98e441d745f1dea0857028de270,train
data/raw/benign/976.jpg,benign\976.jpg,976.jpg,benign,0,c96bafb25cda4718dfce308bf834c411d77c4e6b74009b6740bd9e4683c3236f,1111000011000100110011000000111000001110100011001000010011000000,sha:c96bafb25cda4718dfce308bf834c411d77c4e6b74009b6740bd9e4683c3236f,train
data/raw/benign/979.jpg,benign\979.jpg,979.jpg,benign,0,4cd9da9b7f01c0a2ce33a33a6ed0ebdb25051b7fc3a0fef862fc9b262ec2164c,1001110000001110000101110000111100101111001111100001111010011100,sha:4cd9da9b7f01c0a2ce33a33a6ed0ebdb25051b7fc3a0fef862fc9b262ec2164c,train
data/raw/benign/980.jpg,benign\980.jpg,980.jpg,benign,0,7d60a7e3858cbc20eeea46d9048cfcead43f08723df65bf8d30c1fd168197e0c,0001110000011100000111000001110000011000000111001001110011011000,sha:7d60a7e3858cbc20eeea46d9048cfcead43f08723df65bf8d30c1fd168197e0c,train
data/raw/benign/984.jpg,benign\984.jpg,984.jpg,benign,0,6039a1341a929c6d2d0e3c87215c096fa79372468ef6a72dd65c515c3425d687,1100010010000110100001111000011110001111100001111100001011000000,sha:6039a1341a929c6d2d0e3c87215c096fa79372468ef6a72dd65c515c3425d687,train
data/raw/benign/985.jpg,benign\985.jpg,985.jpg,benign,0,b4760befb00c1939fdd4513250ad8fc4caf6ca55351fb814c9ba78ed74dd9da9,1001110000011100000111000001100100011100000111100001110001011100,sha:b4760befb00c1939fdd4513250ad8fc4caf6ca55351fb814c9ba78ed74dd9da9,train
data/raw/benign/986.jpg,benign\986.jpg,986.jpg,benign,0,9b4a2b2075226ecb99417b0fa2f52dda1c5f08edc3b415ab54121c18b6705bfd,1111100000001111000011110000011100000111000101110001111100111100,sha:9b4a2b2075226ecb99417b0fa2f52dda1c5f08edc3b415ab54121c18b6705bfd,train
data/raw/benign/987.jpg,benign\987.jpg,987.jpg,benign,0,9cb0a17684326b5e0853cec65feaf51d4c5b668e5839607916c777aec9238a48,1101100011010000100011001000111010001110110011101101010011110100,sha:9cb0a17684326b5e0853cec65feaf51d4c5b668e5839607916c777aec9238a48,train
data/raw/benign/988.jpg,benign\988.jpg,988.jpg,benign,0,ca2317b7ef8d64aa5c49d5fccc930fcf6092092463d63959bf5c19fbac0a59ad,1100011111100111011001100110011111100110011001100100000100010001,sha:ca2317b7ef8d64aa5c49d5fccc930fcf6092092463d63959bf5c19fbac0a59ad,train
data/raw/benign/989.jpg,benign\989.jpg,989.jpg,benign,0,494569c4db3def0bdcfb5bd9a757bc9280447aaccdf75be227590e331dd80292,1100110110101111100011101001111000011101110011011110000111100110,sha:494569c4db3def0bdcfb5bd9a757bc9280447aaccdf75be227590e331dd80292,train
data/raw/benign/99.jpg,benign\99.jpg,99.jpg,benign,0,28c7574037460ffd2997c826d6c735014400c164aad4b502069fe50605f44a9d,0111000010110000001110000001100000011000000110001001100000111100,sha:28c7574037460ffd2997c826d6c735014400c164aad4b502069fe50605f44a9d,train
data/raw/benign/990.jpg,benign\990.jpg,990.jpg,benign,0,35a0995859753c5167e31074b22ccefa441adf3d70070e227eb3cd90a10f58d3,0010010011000110110001101100011101000111110001101100001011100000,sha:35a0995859753c5167e31074b22ccefa441adf3d70070e227eb3cd90a10f58d3,train
data/raw/benign/991.jpg,benign\991.jpg,991.jpg,benign,0,578a13ad45591722437bbbca857100bb17d63d93150aaba4cf5c4861b93395cb,1111000011111000110011001000111010001110110011101111000011110000,sha:578a13ad45591722437bbbca857100bb17d63d93150aaba4cf5c4861b93395cb,train
data/raw/benign/994.jpg,benign\994.jpg,994.jpg,benign,0,a8dedb99bdb13b660baf11cf1982024b38b3f4eeafc7374699f23a05d3414d72,1110000011100010110001111100011011001100100110001101100011110000,sha:a8dedb99bdb13b660baf11cf1982024b38b3f4eeafc7374699f23a05d3414d72,train
data/raw/benign/996.jpg,benign\996.jpg,996.jpg,benign,0,b81c6e8bfc4dcdfa16d79e4e6108c6e5c976dde2c6d49ea627017b3a2ec66ac0,1111100011110000111001001100010011000100110000001100000011000000,sha:b81c6e8bfc4dcdfa16d79e4e6108c6e5c976dde2c6d49ea627017b3a2ec66ac0,train
data/raw/benign/997.jpg,benign\997.jpg,997.jpg,benign,0,0875896583c10eeccbdccaacdb47f7b3e01649b2fa7f1972ba8cdeb935cd4ea0,0001111000011111000011110010111100100111000001110000111100001111,sha:0875896583c10eeccbdccaacdb47f7b3e01649b2fa7f1972ba8cdeb935cd4ea0,train
data/raw/benign/999.jpg,benign\999.jpg,999.jpg,benign,0,02ca94f44b7f88ae98870db128aa159612eed7196513bb4905a48104ec67252e,0100111000001110000011100000111100000111000000111000101110000111,sha:02ca94f44b7f88ae98870db128aa159612eed7196513bb4905a48104ec67252e,train
data/raw/malignant/10.jpg,malignant\10.jpg,10.jpg,malignant,1,dd0bf370356e7cc0e56d09ec89419e6ab8ff7f38476d87e8ff822cc4a74e1158,1110100011011001110110011001111010001110100011001001110010011000,sha:dd0bf370356e7cc0e56d09ec89419e6ab8ff7f38476d87e8ff822cc4a74e1158,train
data/raw/malignant/100.jpg,malignant\100.jpg,100.jpg,malignant,1,e43ccdb7e23714a8f0860fcc8e5301eb424f42c069e392414ecc9361316f0ed1,1100000011000100100001001000010010010100100101000111100011010100,sha:e43ccdb7e23714a8f0860fcc8e5301eb424f42c069e392414ecc9361316f0ed1,train
data/raw/malignant/102.jpg,malignant\102.jpg,102.jpg,malignant,1,f65ce2c0c226bbfbdd628b5e81fcb10697cd8fd8bce6a5a5be7d436e2e9df0dd,1111000011100000110011001100110011001100110010001111000011011000,sha:f65ce2c0c226bbfbdd628b5e81fcb10697cd8fd8bce6a5a5be7d436e2e9df0dd,train
data/raw/malignant/103.jpg,malignant\103.jpg,103.jpg,malignant,1,3d4151b63fd7c65d0e5af5237d2dec9d90bdc4064dbaaf45d53a72feeecceba7,1001010000011101000011110001001100010011000001111000111110001110,sha:3d4151b63fd7c65d0e5af5237d2dec9d90bdc4064dbaaf45d53a72feeecceba7,train
data/raw/malignant/104.jpg,malignant\104.jpg,104.jpg,malignant,1,32cc07c438ec9a4f95c622914f0846f0205885b261f05c811bb8188623a15611,1000011110000111100100110001000100110000001100010011101100111110,sha:32cc07c438ec9a4f95c622914f0846f0205885b261f05c811bb8188623a15611,train
data/raw/malignant/106.jpg,malignant\106.jpg,106.jpg,malignant,1,3e0e13df8de71d7ee873a45301a1e5fed5d1b9b1184269ca7b282e9058367dcf,1100110011001100110011101000111010011110100111101100110011001000,sha:3e0e13df8de71d7ee873a45301a1e5fed5d1b9b1184269ca7b282e9058367dcf,train
data/raw/malignant/107.jpg,malignant\107.jpg,107.jpg,malignant,1,d2e5dfd4b4c087e57ee76a8c712caa1dceb039c8b0bba4aea129909fea5033ed,1110010011100100110111001101010011010010110000101110010011100000,sha:d2e5dfd4b4c087e57ee76a8c712caa1dceb039c8b0bba4aea129909fea5033ed,train
data/raw/malignant/109.jpg,malignant\109.jpg,109.jpg,malignant,1,58f0c15f101d151eff17584e5d8ccce94e55fe0d26304e3e323c7bc899146269,1110000010010000101101100000011100000001101000011110000111110000,sha:58f0c15f101d151eff17584e5d8ccce94e55fe0d26304e3e323c7bc899146269,train
data/raw/malignant/11.jpg,malignant\11.jpg,11.jpg,malignant,1,c9e89b1951e62f71b56dae65334a532b3e0b374bb7f44f086f49721580647cd9,1000111110000110110010101001110001010110010000000100100001100000,sha:c9e89b1951e62f71b56dae65334a532b3e0b374bb7f44f086f49721580647cd9,train
data/raw/malignant/113.jpg,malignant\113.jpg,113.jpg,malignant,1,00e3bc328be3773f991b0c208f2096371807afc128c3f46ae1b5d5493aad7974,1111000010010100110000100110101000111000001110000110100011110000,sha:00e3bc328be3773f991b0c208f2096371807afc128c3f46ae1b5d5493aad7974,train
data/raw/malignant/116.jpg,malignant\116.jpg,116.jpg,malignant,1,705b023abfa164cd467b353802090214aca7cea1708e9e5edd9c8770c56c3c14,1100110011001110100001110001011100011011000110111001111110011010,sha:705b023abfa164cd467b353802090214aca7cea1708e9e5edd9c8770c56c3c14,train
data/raw/malignant/117.jpg,malignant\117.jpg,117.jpg,malignant,1,3084d51f0438422a33c651052067bbcc718a7b128d638368e9b9e995c1a0c356,1100000011000110001001110010001100000011000011101001110011111000,sha:3084d51f0438422a33c651052067bbcc718a7b128d638368e9b9e995c1a0c356,train
data/raw/malignant/118.jpg,malignant\118.jpg,118.jpg,malignant,1,361f21f7d51e6bb844661b58441f995c9fb0e471a70847d1a94a056e036addcd,1101110000011110001111100011100110011111000101100001001010010010,sha:361f21f7d51e6bb844661b58441f995c9fb0e471a70847d1a94a056e036addcd,train
data/raw/malignant/119.jpg,malignant\119.jpg,119.jpg,malignant,1,4dace8c6b651609a49c632bdbb826568e95dd98368b35872aa85cbf3ce8e560d,1111000011001110110011111000110110001100110011001100110011101100,sha:4dace8c6b651609a49c632bdbb826568e95dd98368b35872aa85cbf3ce8e560d,train
data/raw/malignant/120.jpg,malignant\120.jpg,120.jpg,malignant,1,84f6f38deb9d0aaca570f967781ce348724489cfc1ebb7a6dd5bae6359953ee9,1100011110000011010000011100000110000001010000110100001111100111,sha:84f6f38deb9d0aaca570f967781ce348724489cfc1ebb7a6dd5bae6359953ee9,train
data/raw/malignant/121.jpg,malignant\121.jpg,121.jpg,malignant,1,47b38a1194aeedac712ef46e170755fbba795044592b0dcb406659b2c82ff98c,1110000011101100110011001100000011000000110001001000011010100010,sha:47b38a1194aeedac712ef46e170755fbba795044592b0dcb406659b2c82ff98c,train
data/raw/malignant/122.jpg,malignant\122.jpg,122.jpg,malignant,1,4913668c6f9e63d0604fe3759157a063d0fc083939cf4b31571f2374f17a9698,1100100011001100100011001000111011001110110011001100100011000000,sha:4913668c6f9e63d0604fe3759157a063d0fc083939cf4b31571f2374f17a9698,train
data/raw/malignant/123.jpg,malignant\123.jpg,123.jpg,malignant,1,2603060115c5e336646257c59453299829b2ccc8e8c6de96c8ae61429c747a87,1111000010011000100010001100110011001100110001001100110011000000,sha:2603060115c5e336646257c59453299829b2ccc8e8c6de96c8ae61429c747a87,train
data/raw/malignant/124.jpg,malignant\124.jpg,124.jpg,malignant,1,19e60daa6e8f70d8b794e24a78d10a8bdb72f8c8faf679cc3d3638a646c2498f,1111101011000110101000101011000011100001111000011111000011110000,sha:19e60daa6e8f70d8b794e24a78d10a8bdb72f8c8faf679cc3d3638a646c2498f,train
data/raw/malignant/125.jpg,malignant\125.jpg,125.jpg,malignant,1,1c5a2dd416fdfcf44668fd113e4af098bac600eb8b41a55da7338f6ad462bc9f,1000100010001000110001001001011010011010100111001101100011010000,sha:1c5a2dd416fdfcf44668fd113e4af098bac600eb8b41a55da7338f6ad462bc9f,train
data/raw/malignant/126.jpg,malignant\126.jpg,126.jpg,malignant,1,c2ead0094dc7bae010fb5b8bbc0a5e522b68eac54840a8730a80770135658004,1111000010001010000011110100001101010011000110110000101111100000,sha:c2ead0094dc7bae010fb5b8bbc0a5e522b68eac54840a8730a80770135658004,train
data/raw/malignant/128.jpg,malignant\128.jpg,128.jpg,malignant,1,c43a7c711221cf54bd05044e71cbafaba16ed94f2e3d5398bcc266819800cb3c,1001001011001100100011100001011000001110100011001100110011100000,sha:c43a7c711221cf54bd05044e71cbafaba16ed94f2e3d5398bcc266819800cb3c,train
data/raw/malignant/130.jpg,malignant\130.jpg,130.jpg,malignant,1,bb579055bd9b840c35ad117ae65dd00156ec68a28a33a33dd332417ece68703a,1111000011010000111100001110110011100100111001001111000011110000,sha:bb579055bd9b840c35ad117ae65dd00156ec68a28a33a33dd332417ece68703a,train
data/raw/malignant/131.jpg,malignant\131.jpg,131.jpg,malignant,1,1117770e48e443104759f72a03f83954287674b95d15a20e9bb1d69e5286f9c8,1110000011100000111000001110100110011001000100010011001100110011,sha:1117770e48e443104759f72a03f83954287674b95d15a20e9bb1d69e5286f9c8,train
data/raw/malignant/132.jpg,malignant\132.jpg,132.jpg,malignant,1,383edd2694af19598537fc2339b010cdfcd716db1e6844829fb630b778659d74,1100000011000000110100001100110010001110110011101100011011000000,sha:383edd2694af19598537fc2339b010cdfcd716db1e6844829fb630b778659d74,train
data/raw/malignant/133.jpg,malignant\133.jpg,133.jpg,malignant,1,a3394c68e9ab71d80b91bb0f40ee0525848941f50b1d9ba24d908a2a6ae6ca4e,1100110010001100000111100001111000011110000111100011110000111000,sha:a3394c68e9ab71d80b91bb0f40ee0525848941f50b1d9ba24d908a2a6ae6ca4e,train
data/raw/malignant/134.jpg,malignant\134.jpg,134.jpg,malignant,1,cad120211e868ecf165a7e79dfc3faaf49a5be7250d80651b4161c2906677ccc,1110010011000110111001101010011010111010111110001111100011111000,sha:cad120211e868ecf165a7e79dfc3faaf49a5be7250d80651b4161c2906677ccc,train
data/raw/malignant/135.jpg,malignant\135.jpg,135.jpg,malignant,1,a16f53209113276c571110ff902be2779b1dfc5b61209d5c7f1c857f434f09c3,1101110010111000111011000110010001100001011000011110000011110000,sha:a16f53209113276c571110ff902be2779b1dfc5b61209d5c7f1c857f434f09c3,train
data/raw/malignant/136.jpg,malignant\136.jpg,136.jpg,malignant,1,dd4f987caf95b914b5c66d15afbef2bdfbee1995622e4f2ba4c98190380e5b97,1111000011110000111011001100110011000110111001001111000011100000,sha:dd4f987caf95b914b5c66d15afbef2bdfbee1995622e4f2ba4c98190380e5b97,train
data/raw/malignant/137.jpg,malignant\137.jpg,137.jpg,malignant,1,a9295c3aa36cc5dcd286017ae0267563e4bbdba45a9c6341d629e461fd9bde8e,1111000011111000111110001110100011101000111100001111000011110000,sha:84878d64aaf578ee2268c7ad607e22b872edc1758f1c0b6c1bad8c357808ff7b,train
data/raw/malignant/138.jpg,malignant\138.jpg,138.jpg,malignant,1,5b1f3cf2ff644059b82469eab2b51c48ac602181504516f12546c37860f253d8,1100000011010000111000001101001010110000101000001110000011100000,sha:5b1f3cf2ff644059b82469eab2b51c48ac602181504516f12546c37860f253d8,train
data/raw/malignant/14.jpg,malignant\14.jpg,14.jpg,malignant,1,da53a5bb2738e78f7adb7cadf55a426a2501ec4dc4538a1a36d3929a43070b6f,1110010011110000111110001111100011010010110001111100000111110000,sha:da53a5bb2738e78f7adb7cadf55a426a2501ec4dc4538a1a36d3929a43070b6f,train
data/raw/malignant/140.jpg,malignant\140.jpg,140.jpg,malignant,1,f3ae36847effc7389b68e015a004ef36c2db1ebe2f3a7b04ebe6d2249f1a7e4e,1110000011101000101011000010111000011110001111101110001011100000,sha:f3ae36847effc7389b68e015a004ef36c2db1ebe2f3a7b04ebe6d2249f1a7e4e,train
data/raw/malignant/141.jpg,malignant\141.jpg,141.jpg,malignant,1,b37e48a9053f5ae3898ad1be9e4e0c2ffb13d9d4e98f4dc1008a6fb865a7de69,1100010011000100101101001011110000011000000111001011010010110100,sha:b37e48a9053f5ae3898ad1be9e4e0c2ffb13d9d4e98f4dc1008a6fb865a7de69,train
data/raw/malignant/142.jpg,malignant\142.jpg,142.jpg,malignant,1,943ae97d8fc0b16b3976067d9634648e2687113b7df141bb3cfe6ba28fa9d549,1001001100010011000110110001110000001100000011110001111100111111,sha:943ae97d8fc0b16b3976067d9634648e2687113b7df141bb3cfe6ba28fa9d549,train
data/raw/malignant/143.jpg,malignant\143.jpg,143.jpg,malignant,1,fb9802d123a00dc2456eda5b7b955346a199b8cb92df09d233bf450962bf35ed,1110000011000000110011001100110011101100111000001111000011110000,sha:fb9802d123a00dc2456eda5b7b955346a199b8cb92df09d233bf450962bf35ed,train
data/raw/malignant/144.jpg,malignant\144.jpg,144.jpg,malignant,1,19abdc3a677729ec3e6265143a035d22946a3677e28fad36596a199fe1d73cd9,1110010011000110100001101000011011101110001110000011110011111000,sha:19abdc3a677729ec3e6265143a035d22946a3677e28fad36596a199fe1d73cd9,train
data/raw/malignant/145.jpg,malignant\145.jpg,145.jpg,malignant,1,79016c98de3842405d282875ba69376c94a4da38740e34d6df61b56854898353,1111001001101010010010011100100111010010111100001001000010110000,sha:79016c98de3842405d282875ba69376c94a4da38740e34d6df61b56854898353,train
data/raw/malignant/148.jpg,malignant\148.jpg,148.jpg,malignant,1,750f01c91738a52e6567c18a64529234c34676d085c7ce7d219ac3b003ec7262,0000011100010111000110110000001100011111000110110001111100000111,sha:750f01c91738a52e6567c18a64529234c34676d085c7ce7d219ac3b003ec7262,train
data/raw/malignant/149.jpg,malignant\149.jpg,149.jpg,malignant,1,55376de4334178d10c81cb0064a21d39ffda683853baa14220127af6d8fe71c9,1110010011100110110001101100111011001110110011001110000011110000,sha:55376de4334178d10c81cb0064a21d39ffda683853baa14220127af6d8fe71c9,train
data/raw/malignant/15.jpg,malignant\15.jpg,15.jpg,malignant,1,c26469b9ad7714630647aba1afec1892f0c3b066b1f825c29578609493ae8d2b,1101100011011000110110000001110000110100101101001110010101100001,sha:c26469b9ad7714630647aba1afec1892f0c3b066b1f825c29578609493ae8d2b,train
data/raw/malignant/150.jpg,malignant\150.jpg,150.jpg,malignant,1,83807b33b16209ef9236cd918bceac57521cfc13bf2152f70f328ec3064fc38b,1101111011110010101110010100110001001101100010111000000101000000,sha:83807b33b16209ef9236cd918bceac57521cfc13bf2152f70f328ec3064fc38b,train
data/raw/malignant/151.jpg,malignant\151.jpg,151.jpg,malignant,1,f23917e35b9834442063addac3f0cf99efd7824cd37745d47da43897432cebe5,1010110001001111000111110011111110011110110111101101111011010010,sha:f23917e35b9834442063addac3f0cf99efd7824cd37745d47da43897432cebe5,train
data/raw/malignant/152.jpg,malignant\152.jpg,152.jpg,malignant,1,054eb22ca302f0dbc592d80b67d706a480a7998d69182a2a95e0489a6d121ec2,1101100010011100000111000001110010011100100111001101110011010100,sha:054eb22ca302f0dbc592d80b67d706a480a7998d69182a2a95e0489a6d121ec2,train
data/raw/malignant/154.jpg,malignant\154.jpg,154.jpg,malignant,1,22c525f3b99944ca2eb9e6532907546cf526a427285aa92c8cdf577a415d9d33,1110000011001100100011001000110010001100100011101010011010011000,sha:22c525f3b99944ca2eb9e6532907546cf526a427285aa92c8cdf577a415d9d33,train
data/raw/malignant/157.jpg,malignant\157.jpg,157.jpg,malignant,1,8df17559a21fd562f1b773a039915ef3876e95b5d71c93d6fa20b26665fa3d1f,1110010011100110110001111100011111001111110011101110100011110000,sha:8df17559a21fd562f1b773a039915ef3876e95b5d71c93d6fa20b26665fa3d1f,train
data/raw/malignant/158.jpg,malignant\158.jpg,158.jpg,malignant,1,0795b9074935941807c8c5fa312546197b1934844bf10de928c9e33d19e5a2c5,1111000011001000110011001100110011001100110011001100100011100000,sha:0795b9074935941807c8c5fa312546197b1934844bf10de928c9e33d19e5a2c5,train
data/raw/malignant/159.jpg,malignant\159.jpg,159.jpg,malignant,1,836e849851064bb0b102454616b4241927da0d815cb17f2fe1ff28adb66b3bcd,1100100010001100100011100000011110001111100001111100001011100000,sha:836e849851064bb0b102454616b4241927da0d815cb17f2fe1ff28adb66b3bcd,train
data/raw/malignant/16.jpg,malignant\16.jpg,16.jpg,malignant,1,a1ade61bf143970f86748135264945cb12793d498cd60a4dd046e1935050a0cf,1100000011010000110100001101100000001000000011000100111001110000,sha:a1ade61bf143970f86748135264945cb12793d498cd60a4dd046e1935050a0cf,train
data/raw/malignant/160.jpg,malignant\160.jpg,160.jpg,malignant,1,35a47c1318178f42c86f9713c4eaa9c6b5d43faa7db17ca99aecac0a1149e516,1001110010110000101100001111000111110000111101101111011010111000,sha:35a47c1318178f42c86f9713c4eaa9c6b5d43faa7db17ca99aecac0a1149e516,train
data/raw/malignant/162.jpg,malignant\162.jpg,162.jpg,malignant,1,97ba4fa7953ed1c3c845d64146e09e5c3b147476217509afc24fbbd6142a320b,1110000011100000100001001000110011001100110010001110000011100000,sha:97ba4fa7953ed1c3c845d64146e09e5c3b147476217509afc24fbbd6142a320b,train
data/raw/malignant/163.jpg,malignant\163.jpg,163.jpg,malignant,1,a0f614f5f6f7e2bc2900fd75e21b263e085c34bfe9b0de415a29434a49876ce1,1111000011110000110011001100110011101000110111001101110011111000,sha:a0f614f5f6f7e2bc2900fd75e21b263e085c34bfe9b0de415a29434a49876ce1,train
data/raw/malignant/164.jpg,malignant\164.jpg,164.jpg,malignant,1,a5b9bfe9b897fcb2e4b76faa6966937f1ca9718c0d346c5b4b0a7d0735dbda88,0111111011101111111010111101100111111001111100111111000011100001,sha:a5b9bfe9b897fcb2e4b76faa6966937f1ca9718c0d346c5b4b0a7d0735dbda88,train
data/raw/malignant/167.jpg,malignant\167.jpg,167.jpg,malignant,1,447f0a530f1e9f82e51a062b89e6644587b891084acc8f7ffc55343eef807685,1111000011110000001100100111001000001010100010011111000011110000,sha:447f0a530f1e9f82e51a062b89e6644587b891084acc8f7ffc55343eef807685,train
data/raw/malignant/168.jpg,malignant\168.jpg,168.jpg,malignant,1,27487fd7fa7dc8821cbfcc63df9e65c8b6ee895bc16b83606c72ee29baa761f3,1110000011000000110110001000110010001110110011001110000011100000,sha:27487fd7fa7dc8821cbfcc63df9e65c8b6ee895bc16b83606c72ee29baa761f3,train
data/raw/malignant/170.jpg,malignant\170.jpg,170.jpg,malignant,1,f2e02aa1a80a5db066133a7e0f3c51e3639208480c18eb1d46473ec7de8012a2,1101100011011100110011001100111011001110110001101110001011111000,sha:f2e02aa1a80a5db066133a7e0f3c51e3639208480c18eb1d46473ec7de8012a2,train
data/raw/malignant/172.jpg,malignant\172.jpg,172.jpg,malignant,1,8f6b9ebd807794f123f32bbdcdd4bc3045584e1facdbdc8e0f615206b73124c2,1101000011000100000011100000111000001110100011101000110011000000,sha:8f6b9ebd807794f123f32bbdcdd4bc3045584e1facdbdc8e0f615206b73124c2,train
data/raw/malignant/174.jpg,malignant\174.jpg,174.jpg,malignant,1,a54d4ab3720cc72113359acb504ba7a437ec08d511f1b74b92407533615482e6,1110000111100001111100001111000011110000111100001111100011111000,sha:a54d4ab3720cc72113359acb504ba7a437ec08d511f1b74b92407533615482e6,train
data/raw/malignant/176.jpg,malignant\176.jpg,176.jpg,malignant,1,87951fbf0f3fe733ef232a0c6547a5414455bee21621688630e7a2bb49350ac1,1110000010010000000110010001100110011001101100001111000011111000,sha:87951fbf0f3fe733ef232a0c6547a5414455bee21621688630e7a2bb49350ac1,train
data/raw/malignant/177.jpg,malignant\177.jpg,177.jpg,malignant,1,bc3f3b6c7c3811bc1c0c50ed645253845c19f72107c378367dbd5387ba766c98,1111000011110000110101001100110011101100111001001110010011110000,sha:bc3f3b6c7c3811bc1c0c50ed645253845c19f72107c378367dbd5387ba766c98,train
data/raw/malignant/178.jpg,malignant\178.jpg,178.jpg,malignant,1,06c538f9ced09d4d0ca9105b5bc9cdd2070864fab0be6eb80257a62ffbc71e96,1100110011001110100011100001111000001100000011000001110000111100,sha:06c538f9ced09d4d0ca9105b5bc9cdd2070864fab0be6eb80257a62ffbc71e96,train
data/raw/malignant/180.jpg,malignant\180.jpg,180.jpg,malignant,1,1809b33dee67416fd4a4af724ff9e4a70a12c6e58d994c823b6bc986184144ed,1111100011011100101111001111110011111000101100001111000011110000,sha:1809b33dee67416fd4a4af724ff9e4a70a12c6e58d994c823b6bc986184144ed,train
data/raw/malignant/187.jpg,malignant\187.jpg,187.jpg,malignant,1,d10e331f7ea73598a502b6db97bcddea14446df9026564f529295d610584a328,1111000010011000100111001000111010001110100011101100110010111000,sha:d10e331f7ea73598a502b6db97bcddea14446df9026564f529295d610584a328,train
data/raw/malignant/19.jpg,malignant\19.jpg,19.jpg,malignant,1,483275e8082f6dbecef852754b72a401a8b8e1236952db6e722436cc474c64e3,0111000010011000111000001100000011010001110001001000000011101001,sha:483275e8082f6dbecef852754b72a401a8b8e1236952db6e722436cc474c64e3,train
data/raw/malignant/191.jpg,malignant\191.jpg,191.jpg,malignant,1,35280d6e63a5ae2a719bd573fbc67086e5d9b5673364730066754cdc6ddec0f5,1110000011100000100111001001110010010110110101001110000011100000,sha:35280d6e63a5ae2a719bd573fbc67086e5d9b5673364730066754cdc6ddec0f5,train
data/raw/malignant/192.jpg,malignant\192.jpg,192.jpg,malignant,1,f0ee7ff38531376208764a8c04be2753f3f6a527afc4e089865916f59a8f11f5,0111000000111000001111000001111000011110000010010000100011001000,sha:f0ee7ff38531376208764a8c04be2753f3f6a527afc4e089865916f59a8f11f5,train
data/raw/malignant/194.jpg,malignant\194.jpg,194.jpg,malignant,1,969e0af86a6b85ef8e6e1d7f237629b6211ddd697047e53ab6353b6c4b67388a,1111000011010000100011101001110010001100100011101100010011100100,sha:969e0af86a6b85ef8e6e1d7f237629b6211ddd697047e53ab6353b6c4b67388a,train
data/raw/malignant/197.jpg,malignant\197.jpg,197.jpg,malignant,1,fe43b511d1be071822fcdf80b79638a8cbc4d47917de42bd9f7fce03b1ab1478,1111100011110100101101101001011010000110110001111100011111101110,sha:fe43b511d1be071822fcdf80b79638a8cbc4d47917de42bd9f7fce03b1ab1478,train
data/raw/malignant/2.jpg,malignant\2.jpg,2.jpg,malignant,1,5f071733c760af36a1b9a3da0ec060fc54eb590a947e1fc73fd3dd3a19dc07e9,1110000011100000111000001111000011110000111100001101100011010000,sha:5f071733c760af36a1b9a3da0ec060fc54eb590a947e1fc73fd3dd3a19dc07e9,train
data/raw/malignant/20.jpg,malignant\20.jpg,20.jpg,malignant,1,533734c7d4602e563b31db53267c6ff17fcddeb7d0e5ba6a68cc17410ec383f9,1111000011110000111000001101010010011100110010001101000011100000,sha:533734c7d4602e563b31db53267c6ff17fcddeb7d0e5ba6a68cc17410ec383f9,train
data/raw/malignant/201.jpg,malignant\201.jpg,201.jpg,malignant,1,e9ec5e45ab84646eae73fbf08889fedfb804d4663a2c3062c30dedefa01f6039,1110000011100000111011001100011011001110110011001100100011001000,sha:e9ec5e45ab84646eae73fbf08889fedfb804d4663a2c3062c30dedefa01f6039,train
data/raw/malignant/202.jpg,malignant\202.jpg,202.jpg,malignant,1,3bdd032e1f2fd87b2ea178693f1cb646241b823eb01141ea793fb477c3d7ad5c,1111000001110100011111100111111000111100100110001001000010110000,sha:3bdd032e1f2fd87b2ea178693f1cb646241b823eb01141ea793fb477c3d7ad5c,train
data/raw/malignant/203.jpg,malignant\203.jpg,203.jpg,malignant,1,50caa946d32bad509fc4f57e43365d2d9fb75282bab51ea265f1ae6d0943036e,1111000000110100000011100000001100011110100110000111000011110000,sha:50caa946d32bad509fc4f57e43365d2d9fb75282bab51ea265f1ae6d0943036e,train
data/raw/malignant/204.jpg,malignant\204.jpg,204.jpg,malignant,1,ac14832931fc931537895b28d1f1cc2a28c263e284ea451f6004b9da5440d942,1000001110100011101001011100010111000100110001010101000100100011,sha:ac14832931fc931537895b28d1f1cc2a28c263e284ea451f6004b9da5440d942,train
data/raw/malignant/205.jpg,malignant\205.jpg,205.jpg,malignant,1,40a3b6d631bd2d124d1a195071e737625fe886aa06a4705cd8913c60c76bfda0,1101100010010011111100100011001100110011001100100011101000111010,sha:40a3b6d631bd2d124d1a195071e737625fe886aa06a4705cd8913c60c76bfda0,train
data/raw/malignant/207.jpg,malignant\207.jpg,207.jpg,malignant,1,088d3f2af6a47adbb553cccd991306498d2c3359702feb5b1e577d572c0497ed,1011000010011100100111001001101110011011001100100010010001100100,sha:088d3f2af6a47adbb553cccd991306498d2c3359702feb5b1e577d572c0497ed,train
data/raw/malignant/209.jpg,malignant\209.jpg,209.jpg,malignant,1,4fc6e0e4e6763e64931f4c2a3a5929ca22dc11211e90d2bdd568df7436829f56,1000110010001100000111100001111000010111000001111001111111011000,sha:4fc6e0e4e6763e64931f4c2a3a5929ca22dc11211e90d2bdd568df7436829f56,train
data/raw/malignant/210.jpg,malignant\210.jpg,210.jpg,malignant,1,2d3a4f8c11db14e31fde121aa6b21d9aa3113ffc237daf2509652efb9ded7fc2,1101110000011010001110110011111100110111001011110011111100111111,sha:2d3a4f8c11db14e31fde121aa6b21d9aa3113ffc237daf2509652efb9ded7fc2,train
data/raw/malignant/212.jpg,malignant\212.jpg,212.jpg,malignant,1,1ed31740d3c3eb4c4f6d8c1d3a01d3fb9531be7774e573070e86ee12d64a78b0,1110001011000011110001111100011110000011100000111100001111000111,sha:1ed31740d3c3eb4c4f6d8c1d3a01d3fb9531be7774e573070e86ee12d64a78b0,train
data/raw/malignant/214.jpg,malignant\214.jpg,214.jpg,malignant,1,1de3c8b90b6c9aa2af1b2abc40890423515a70e3c5bfb647febb76ae7bb24cc4,1000111010111110100111001011100010111001100111000011110000101100,sha:1de3c8b90b6c9aa2af1b2abc40890423515a70e3c5bfb647febb76ae7bb24cc4,train
data/raw/malignant/215.jpg,malignant\215.jpg,215.jpg,malignant,1,728b62bfea45791fa07e37ddcf32f2dd5562b0435dfa6b07e1b5f1461d94674c,1111000010010100000111100001011100010010100111101100110011100000,sha:728b62bfea45791fa07e37ddcf32f2dd5562b0435dfa6b07e1b5f1461d94674c,train
data/raw/malignant/217.jpg,malignant\217.jpg,217.jpg,malignant,1,11455b164cb4abafc47543db62b53cb57fbae0a7893e5032969b28c6e51fc961,1100011010000110001000110011000100111001001100111000001111101001,sha:11455b164cb4abafc47543db62b53cb57fbae0a7893e5032969b28c6e51fc961,train
data/raw/malignant/220.jpg,malignant\220.jpg,220.jpg,malignant,1,06c24b3bf83881ef16fbe4bb7bb98c6203ad556ba8a29a3af4351085cbe184dc,1001000000011000000110011001111010110100001111000011110010011100,sha:06c24b3bf83881ef16fbe4bb7bb98c6203ad556ba8a29a3af4351085cbe184dc,train
data/raw/malignant/221.jpg,malignant\221.jpg,221.jpg,malignant,1,c24f4e2774d6e3ce10dc60ea6d36efb3164910c0accad04787dcdaecc4dadbdd,1110000011100000011001000011100000011000100001101000000110000001,sha:c24f4e2774d6e3ce10dc60ea6d36efb3164910c0accad04787dcdaecc4dadbdd,train
data/raw/malignant/222.jpg,malignant\222.jpg,222.jpg,malignant,1,0168f6a08084d907ef46c3f07cc868f10d3ece7ad5abc3b8e187d1c9cafb07b8,1001100010011100100011001100110011101100111111001110110011101000,sha:0168f6a08084d907ef46c3f07cc868f10d3ece7ad5abc3b8e187d1c9cafb07b8,train
data/raw/malignant/223.jpg,malignant\223.jpg,223.jpg,malignant,1,13dd0c081063985c0da203da69c3e0c364af168aa0bbb771acdd8c3e8337d7b7,1100110010000111100001110000011100000111100111111000011011000110,sha:13dd0c081063985c0da203da69c3e0c364af168aa0bbb771acdd8c3e8337d7b7,train
data/raw/malignant/224.jpg,malignant\224.jpg,224.jpg,malignant,1,fc56dbe5ebd77fac2f5e3c3c5f6bdd305aacb9c69c311c4c227ed525cbf65daa,1100100010001100000011100001111000011110100111101110100011101000,sha:fc56dbe5ebd77fac2f5e3c3c5f6bdd305aacb9c69c311c4c227ed525cbf65daa,train
data/raw/malignant/227.jpg,malignant\227.jpg,227.jpg,malignant,1,1e9e7c4d1e58d1434fd31efcfde3299b8479d573243548ff653ff2e3f22f5396,1110100011101100110001100101111000011110000101100001011100110001,sha:1e9e7c4d1e58d1434fd31efcfde3299b8479d573243548ff653ff2e3f22f5396,train
data/raw/malignant/228.jpg,malignant\228.jpg,228.jpg,malignant,1,cd3dfc8457a6b15a489595d24e5791e4e9b3e71036ce62bd58683d6dbe4f5ba9,1100110110000011101100110011001101111011011110111001100001011000,sha:cd3dfc8457a6b15a489595d24e5791e4e9b3e71036ce62bd58683d6dbe4f5ba9,train
data/raw/malignant/230.jpg,malignant\230.jpg,230.jpg,malignant,1,51ef08ead878f6c458d27e9a0357ae3b112cfa12d9a14697bc6840159c81a1c8,0000001110000011000000110100011101100011101000111011001101100011,sha:51ef08ead878f6c458d27e9a0357ae3b112cfa12d9a14697bc6840159c81a1c8,train
data/raw/malignant/233.jpg,malignant\233.jpg,233.jpg,malignant,1,3b285e6028f62322595eea0ae0f5ffb85f424d3ca2d8c44e7a40ed01f5f85b1f,0000011100001001000110010011000000110001001010010000100101001001,sha:3b285e6028f62322595eea0ae0f5ffb85f424d3ca2d8c44e7a40ed01f5f85b1f,train
data/raw/malignant/234.jpg,malignant\234.jpg,234.jpg,malignant,1,3522e8c205ec0bcf369790da640348348a1ea84c2d3a8ecfe13a4dc733a86c8f,0000111100010011001100110011010100110011000010110100101101001011,sha:3522e8c205ec0bcf369790da640348348a1ea84c2d3a8ecfe13a4dc733a86c8f,train
data/raw/malignant/235.jpg,malignant\235.jpg,235.jpg,malignant,1,cfd3867d74fe5d8833d1678329d7a1e8dbade6e5488a37b030744935d0c12ce7,0001110000011110000111110001101100010011000001110000111100001110,sha:cfd3867d74fe5d8833d1678329d7a1e8dbade6e5488a37b030744935d0c12ce7,train
data/raw/malignant/236.jpg,malignant\236.jpg,236.jpg,malignant,1,13fdbb2b92fd8149228a9534c6c411e48410a419f1ca619a438da20716e66cfc,1001110000011110000111110001101100010011000001110000111000001110,sha:cfd3867d74fe5d8833d1678329d7a1e8dbade6e5488a37b030744935d0c12ce7,train
data/raw/malignant/239.jpg,malignant\239.jpg,239.jpg,malignant,1,b52d9932c88f2d0cc2b08720c11f7a4ea58db2a76eb710727a436e3a0341afc9,0101110000001110000011110010011100000111000011110001111000011000,sha:b52d9932c88f2d0cc2b08720c11f7a4ea58db2a76eb710727a436e3a0341afc9,train
data/raw/malignant/240.jpg,malignant\240.jpg,240.jpg,malignant,1,b642c77444637d60292b94be8da82703a6ab7cbe7b90cc641d466573e6659aaa,0100111000001110000011110010011100000111000111110001111010011000,sha:b642c77444637d60292b94be8da82703a6ab7cbe7b90cc641d466573e6659aaa,train
data/raw/malignant/241.jpg,malignant\241.jpg,241.jpg,malignant,1,8daff0cb3fc3c7917f0cd5d7f109be6cd79564f29b7991039eb6e689f31e4339,0001001000011111000111100000111000001111100011101001110011010000,sha:8daff0cb3fc3c7917f0cd5d7f109be6cd79564f29b7991039eb6e689f31e4339,train
data/raw/malignant/243.jpg,malignant\243.jpg,243.jpg,malignant,1,f355a1cdb8da48482a87dd3bc0baf9982f6c6c0e9a0c14b2230825bb518cce07,1101110011001100110011101100011011001110110011001111100011110000,sha:f355a1cdb8da48482a87dd3bc0baf9982f6c6c0e9a0c14b2230825bb518cce07,train
data/raw/malignant/244.jpg,malignant\244.jpg,244.jpg,malignant,1,8613cb89bd1d52695ad594b161163967d33f3502b685e74450e5f81c58695ae1,1100110010001101100001110100011111001110110011101110100011100001,sha:8613cb89bd1d52695ad594b161163967d33f3502b685e74450e5f81c58695ae1,train
data/raw/malignant/245.jpg,malignant\245.jpg,245.jpg,malignant,1,18c8793a99ba2a47662f4e9bb53162220cc5a0953d60496f3b39947795a37fa3,0000111011001100100011101000011110000111000101110001011100111001,sha:18c8793a99ba2a47662f4e9bb53162220cc5a0953d60496f3b39947795a37fa3,train
data/raw/malignant/246.jpg,malignant\246.jpg,246.jpg,malignant,1,ed1852a7585654c6004a4eb726a97920d591c61fcd9148625e364948b1ffb5aa,0101101010011110000110100011101100101111000011110000111101100010,sha:ed1852a7585654c6004a4eb726a97920d591c61fcd9148625e364948b1ffb5aa,train
data/raw/malignant/248.jpg,malignant\248.jpg,248.jpg,malignant,1,51c0b206414276386094c3bf06550864e0b20efa4b18f46cec1fef7d6033cbd8,1000001111000011011000110110101100001111000011111001110110010001,sha:51c0b206414276386094c3bf06550864e0b20efa4b18f46cec1fef7d6033cbd8,train
data/raw/malignant/249.jpg,malignant\249.jpg,249.jpg,malignant,1,b187d656dc98119f8cc6ec0af4da854ff595c22e471135a32f08f244797a3902,1001110010001110000100111110001101100011010110110001011000010010,sha:b187d656dc98119f8cc6ec0af4da854ff595c22e471135a32f08f244797a3902,train
data/raw/malignant/25.jpg,malignant\25.jpg,25.jpg,malignant,1,8cabc04af04bf69f31cdef306a1180ccea6804464bde92be864ee354561ac30f,1100100011001000100011001001111010011100100111001100100011101000,sha:8cabc04af04bf69f31cdef306a1180ccea6804464bde92be864ee354561ac30f,train
data/raw/malignant/250.jpg,malignant\250.jpg,250.jpg,malignant,1,c0a220e485d0fbf728ed23b17a675ba69b4ba239153e3f8030deb1d9a8f605a2,0001100011001100110011101000111110001111100011001000110010100000,sha:c0a220e485d0fbf728ed23b17a675ba69b4ba239153e3f8030deb1d9a8f605a2,train
data/raw/malignant/251.jpg,malignant\251.jpg,251.jpg,malignant,1,4b669e37e6f48728dbf29a27f56e858eff94272d9cbbe17fedf1d19ff101ce35,1000110000001101000111100000111000001111000011100000111010001010,sha:4b669e37e6f48728dbf29a27f56e858eff94272d9cbbe17fedf1d19ff101ce35,train
data/raw/malignant/252.jpg,malignant\252.jpg,252.jpg,malignant,1,f20630948b93a15658d92c265a51f4b556c7676c79daeacbf5177fbdb727459a,1101000100000011000011110000111100000111000001111100011111100010,sha:f20630948b93a15658d92c265a51f4b556c7676c79daeacbf5177fbdb727459a,train
data/raw/malignant/254.jpg,malignant\254.jpg,254.jpg,malignant,1,34e0e867301190cfac72a5394fedae4df2ffc1a28c711e40a6eb6f04f343127c,0100110101011111000111110000111000001110001011100011010011110110,sha:34e0e867301190cfac72a5394fedae4df2ffc1a28c711e40a6eb6f04f343127c,train
data/raw/malignant/259.jpg,malignant\259.jpg,259.jpg,malignant,1,b26f75bd7bd632a1b5ab3f2e1f91c7151b5e06ae480ecfeba6c477c4eb48c8f6,1101110000011100000111100001111000010110000111100001100001010010,sha:b26f75bd7bd632a1b5ab3f2e1f91c7151b5e06ae480ecfeba6c477c4eb48c8f6,train
data/raw/malignant/26.jpg,malignant\26.jpg,26.jpg,malignant,1,f8212ac5e9504fcd079bbbc283083a324cef287e73960baf7817e9b328883fdf,1000000110001111100000110001001100111011001000011100010011000000,sha:f8212ac5e9504fcd079bbbc283083a324cef287e73960baf7817e9b328883fdf,train
data/raw/malignant/261.jpg,malignant\261.jpg,261.jpg,malignant,1,9d0c70012041f1551a0ce7e728c8762b1191866cc8e9e2843f2a4e6526ce1649,1110101011111110100110111001101110010111101001110010111100001111,sha:9d0c70012041f1551a0ce7e728c8762b1191866cc8e9e2843f2a4e6526ce1649,train
data/raw/malignant/262.jpg,malignant\262.jpg,262.jpg,malignant,1,199c3c30b365451c1456d1487b10073c0a7547f0f62ce44a6bc7deab98e1b6b2,0111000000001100000011100000111100011111000100111010001110000011,sha:199c3c30b365451c1456d1487b10073c0a7547f0f62ce44a6bc7deab98e1b6b2,train
data/raw/malignant/263.jpg,malignant\263.jpg,263.jpg,malignant,1,3ec3f4bc47a19614196242b14ac08033be345e4ed7faeb4c35dc139d657dede9,1101100000001111000111110000111100000111110001111100011011100000,sha:3ec3f4bc47a19614196242b14ac08033be345e4ed7faeb4c35dc139d657dede9,train
data/raw/malignant/265.jpg,malignant\265.jpg,265.jpg,malignant,1,2c459cf9b34215217b71aa5782efd70725078f82b2a34654279217b9ada6a731,0100110010001100100011100000111000100011000000110000011101001110,sha:2c459cf9b34215217b71aa5782efd70725078f82b2a34654279217b9ada6a731,train
data/raw/malignant/266.jpg,malignant\266.jpg,266.jpg,malignant,1,9a7db7957adda652b0004e42d0b1ee6df2c577abb2ba3c9dd637778ffb0735c2,1111110011001101100011110001111100011111000111111000111110001110,sha:9a7db7957adda652b0004e42d0b1ee6df2c577abb2ba3c9dd637778ffb0735c2,train
data/raw/malignant/267.jpg,malignant\267.jpg,267.jpg,malignant,1,4588e04270c6d7c5f83d8741bf62fd4c9ca38c99a04c879a5cc189b962161a57,0111110011101101100010111001111100011111100111111000111110001110,sha:4588e04270c6d7c5f83d8741bf62fd4c9ca38c99a04c879a5cc189b962161a57,train
data/raw/malignant/268.jpg,malignant\268.jpg,268.jpg,malignant,1,e18a417c986ba829f2e7de19a14718ceb813151dc96c71fc0908a8e37344bb59,1101101010011010000111100011111100111001100110011000001111000011,sha:e18a417c986ba829f2e7de19a14718ceb813151dc96c71fc0908a8e37344bb59,train
data/raw/malignant/27.jpg,malignant\27.jpg,27.jpg,malignant,1,dfd382c348ad3757650d4894f0d5cc407521c244003688e42e262ea7060ed6d7,1100111011001110100111101000111000101100001111000111100011110000,sha:dfd382c348ad3757650d4894f0d5cc407521c244003688e42e262ea7060ed6d7,train
data/raw/malignant/272.jpg,malignant\272.jpg,272.jpg,malignant,1,b14a6884b42d14c84c246c47c4f45b119c0bd22bbc403ee5b5af6e9d5e94d614,1001011100010111000111110001110100011100000111100000111000001110,sha:b14a6884b42d14c84c246c47c4f45b119c0bd22bbc403ee5b5af6e9d5e94d614,train
data/raw/malignant/273.jpg,malignant\273.jpg,273.jpg,malignant,1,8ef63698101af71d6a52a690f904dec7dfe7d4bea41a2f322aae289d9a31352c,1111010110111110100111100001111100011101100111101001100011111000,sha:8ef63698101af71d6a52a690f904dec7dfe7d4bea41a2f322aae289d9a31352c,train
data/raw/malignant/274.jpg,malignant\274.jpg,274.jpg,malignant,1,c879c511555c3efed7f4c2937b2f4aeefa77d5af77f0befd64791f7f0cdcb7b3,1000111000001111000011110011111100011011000110110000111100011100,sha:c879c511555c3efed7f4c2937b2f4aeefa77d5af77f0befd64791f7f0cdcb7b3,train
data/raw/malignant/278.jpg,malignant\278.jpg,278.jpg,malignant,1,941cc95204822f1714428eecb60e229d92344f03d68cde8556bf03faa7261db3,1010001110100011100000110001000100000011000000110000001111000011,sha:941cc95204822f1714428eecb60e229d92344f03d68cde8556bf03faa7261db3,train
data/raw/malignant/279.jpg,malignant\279.jpg,279.jpg,malignant,1,75b87a49ef0b84a1dd8305f006f25b188cb32932fccef7cdb267b7c856da4214,1001111010010111100001110000011100000111001001110001011101011011,sha:75b87a49ef0b84a1dd8305f006f25b188cb32932fccef7cdb267b7c856da4214,train
data/raw/malignant/280.jpg,malignant\280.jpg,280.jpg,malignant,1,031680241ef1ba620d2ffcbb409625612b6127fca53e1a9b2efcd1536195c33d,0101110100111111000111110001111100101111010011110100111111100110,sha:031680241ef1ba620d2ffcbb409625612b6127fca53e1a9b2efcd1536195c33d,train
data/raw/malignant/281.jpg,malignant\281.jpg,281.jpg,malignant,1,9a88d6557de201ce4ad3b8653e310b21f3e09554c2e533f5ed1711d5ffee169b,0111100010101000100011000000111100001111000111100000111001101100,sha:9a88d6557de201ce4ad3b8653e310b21f3e09554c2e533f5ed1711d5ffee169b,train
data/raw/malignant/283.jpg,malignant\283.jpg,283.jpg,malignant,1,0a00ae0408d64a34498dbbce8aae35abe9d787842ee4d3cac2ace96d657d396c,0101111001001110000011110011011100110111000111110001000100100001,sha:0a00ae0408d64a34498dbbce8aae35abe9d787842ee4d3cac2ace96d657d396c,train
data/raw/malignant/284.jpg,malignant\284.jpg,284.jpg,malignant,1,203e1f624d4ece57674e2d28869be2a96fe62ab9cadb7d8abaf388410b323395,0000111101100111011000110111001101110111000111110000011100000111,sha:203e1f624d4ece57674e2d28869be2a96fe62ab9cadb7d8abaf388410b323395,train
data/raw/malignant/285.jpg,malignant\285.jpg,285.jpg,malignant,1,0d3d540deb59d3b4cce61a95010dea943e11c914e5f2ef8b2f546fd8c4702b1c,0100111101100111011000110111011101110111000111110000011100000111,sha:203e1f624d4ece57674e2d28869be2a96fe62ab9cadb7d8abaf388410b323395,train
data/raw/malignant/286.jpg,malignant\286.jpg,286.jpg,malignant,1,8830516e0677d9b08ddafed5fc2b915875f0b130413c10d5e90a925b1565f34c,0010011100100111001101110011001100110011000101110000011110000111,sha:8830516e0677d9b08ddafed5fc2b915875f0b130413c10d5e90a925b1565f34c,train
data/raw/malignant/287.jpg,malignant\287.jpg,287.jpg,malignant,1,6e126c83d91f834abdf7ef38a3f319db45c6d8261e0f996f86292fd2a61c812a,0100011100000111001011110011001100110011001100110001011100001111,sha:6e126c83d91f834abdf7ef38a3f319db45c6d8261e0f996f86292fd2a61c812a,train
data/raw/malignant/289.jpg,malignant\289.jpg,289.jpg,malignant,1,6c94a4b3293a0fd09343f54021742845dd4cd7161b4fc7f7050a6c6f5091047d,1011110010100111000001110001011100011111000011000101110001101001,sha:6c94a4b3293a0fd09343f54021742845dd4cd7161b4fc7f7050a6c6f5091047d,train
data/raw/malignant/290.jpg,malignant\290.jpg,290.jpg,malignant,1,8c940b6eb9b7d602c3a1d0a27e1668430c5fb4dffb887033e9e80de6aea0689e,1111110010111100101001111000001100010111100011101000111010101100,sha:8c940b6eb9b7d602c3a1d0a27e1668430c5fb4dffb887033e9e80de6aea0689e,train
data/raw/malignant/293.jpg,malignant\293.jpg,293.jpg,malignant,1,1decdd8ccde3cb0bd60060433e4cddc8ffd2cb503deb58d3e93bfa9e305ef280,1100000101000001000010010000110100001100000011000001110000111000,sha:1decdd8ccde3cb0bd60060433e4cddc8ffd2cb503deb58d3e93bfa9e305ef280,train
data/raw/malignant/294.jpg,malignant\294.jpg,294.jpg,malignant,1,b74a03cec4f8f0b4de63e1a82c1865e5627ba1aa85f028477e371750c7d4819b,0100000100000001000010010000110100001100000011000001110000001000,sha:87c977d0767bb59bd7f34538e751927def59da72e67120ea00dd11d30d9750b5,train
data/raw/malignant/295.jpg,malignant\295.jpg,295.jpg,malignant,1,f7e924d961fad700d1b713727c99d5c5d6135b3c206a3cb3a81f1ed00379f66d,0100000100000001000010010000110100001100000011000001110000001000,sha:87c977d0767bb59bd7f34538e751927def59da72e67120ea00dd11d30d9750b5,train
data/raw/malignant/296.jpg,malignant\296.jpg,296.jpg,malignant,1,e17b1d0cd4212eeeb04bd37209c76a99dfde092f5ef9c86655cbb9ba3e7b5f55,0100000100000001000010010000110100001100000011000001110000001000,sha:87c977d0767bb59bd7f34538e751927def59da72e67120ea00dd11d30d9750b5,train
data/raw/malignant/297.jpg,malignant\297.jpg,297.jpg,malignant,1,87c977d0767bb59bd7f34538e751927def59da72e67120ea00dd11d30d9750b5,0100000100000001000010010000110000001100000011000001110000001000,sha:87c977d0767bb59bd7f34538e751927def59da72e67120ea00dd11d30d9750b5,train
data/raw/malignant/298.jpg,malignant\298.jpg,298.jpg,malignant,1,006c6006728f4d398bfb89312d5f1f8dfcba34d63aa321f5886e8baa2ff1078f,0100000100000001000010010000110000001100000011100001110000101000,sha:87c977d0767bb59bd7f34538e751927def59da72e67120ea00dd11d30d9750b5,train
data/raw/malignant/299.jpg,malignant\299.jpg,299.jpg,malignant,1,04e3e364b6f589066cb5b51c410c6333f71116389efe33e6970aa133f4e0af9b,1010001100000111001001110000011100001111000011110000111111100111,sha:04e3e364b6f589066cb5b51c410c6333f71116389efe33e6970aa133f4e0af9b,train
data/raw/malignant/301.jpg,malignant\301.jpg,301.jpg,malignant,1,566f710905fb28ce7e22101ca5524d091b44e6ef7f32fc98673f0a604cbbc81e,1001111000011101000011010000111100001101100011010100110011101000,sha:566f710905fb28ce7e22101ca5524d091b44e6ef7f32fc98673f0a604cbbc81e,train
data/raw/malignant/302.jpg,malignant\302.jpg,302.jpg,malignant,1,5fd2066a7eaee6ae29aea35d18e356c86759d55104cdbb15ae1448490acfd40a,1000011110000111000001110000111100001111000011110000111110001101,sha:5fd2066a7eaee6ae29aea35d18e356c86759d55104cdbb15ae1448490acfd40a,train
data/raw/malignant/304.jpg,malignant\304.jpg,304.jpg,malignant,1,8ce41ebc56f0b1b1d0c882d0dc424b77467f73219ad502377c34407c4e3c4088,1001000010000100000101101001011110000111100011111100100011010000,sha:8ce41ebc56f0b1b1d0c882d0dc424b77467f73219ad502377c34407c4e3c4088,train
data/raw/malignant/306.jpg,malignant\306.jpg,306.jpg,malignant,1,1371919c83bb1db1d8654c2dd7bd98654c33741e44da7b461a60fc65c9c2ac0f,1011101100101110000011110000111000001111000011110000111110011101,sha:1371919c83bb1db1d8654c2dd7bd98654c33741e44da7b461a60fc65c9c2ac0f,train
data/raw/malignant/308.jpg,malignant\308.jpg,308.jpg,malignant,1,dfbb0863214a9945a406c3bcb3cd68cb1f5f0ed8dbaf4157506b70db978ab3ac,0111000011100001100011000000111000001110000001110000011110110100,sha:dfbb0863214a9945a406c3bcb3cd68cb1f5f0ed8dbaf4157506b70db978ab3ac,train
data/raw/malignant/309.jpg,malignant\309.jpg,309.jpg,malignant,1,d5bc3c7d6dd4958dea2d6ed630934c234a666c30f2477fe6937092d42916984e,0011100000011100000011100000111100011110000111100001110001001000,sha:d5bc3c7d6dd4958dea2d6ed630934c234a666c30f2477fe6937092d42916984e,train
data/raw/malignant/31.jpg,malignant\31.jpg,31.jpg,malignant,1,020a8e5f06d855da79772a269dc3e9a4564033a8f107f3839bd8a997bb34d4c9,1010100000110110111001111100011101001110011011100110010010110000,sha:020a8e5f06d855da79772a269dc3e9a4564033a8f107f3839bd8a997bb34d4c9,train
data/raw/malignant/311.jpg,malignant\311.jpg,311.jpg,malignant,1,2310f8d937ccb075c5b78eabfd1dc02d5976d87e3f1bec5992bd93dace044998,0000111000001111000001110001001100010011001000110001111100011110,sha:28144bcab41cca592fa12a34cb577f072464bc4522a2b2d6e9eb8fec50d41451,train
data/raw/malignant/312.jpg,malignant\312.jpg,312.jpg,malignant,1,1311f42e85566b7e1ffa55347b8b8bc9c2098906946985b5cef41514dec8f631,0100111000001111000001110001001100010011001000110011111100011110,sha:28144bcab41cca592fa12a34cb577f072464bc4522a2b2d6e9eb8fec50d41451,train
data/raw/malignant/313.jpg,malignant\313.jpg,313.jpg,malignant,1,638c73b7cc50a9f0ea527c9627e3dd3027914384d39f1f6f155cf18f01bab793,0000111000001111000001110001001100010011001000110011111100011110,sha:28144bcab41cca592fa12a34cb577f072464bc4522a2b2d6e9eb8fec50d41451,train
data/raw/malignant/314.jpg,malignant\314.jpg,314.jpg,malignant,1,e553f5d7134fe595348a0f7a0e1a86a2a8699fe94af8685fafca2a38788d8f45,0100111000001111000001110001001100010011001000110001111100011110,sha:28144bcab41cca592fa12a34cb577f072464bc4522a2b2d6e9eb8fec50d41451,train
data/raw/malignant/315.jpg,malignant\315.jpg,315.jpg,malignant,1,28144bcab41cca592fa12a34cb577f072464bc4522a2b2d6e9eb8fec50d41451,0000111000001111000001110001001100010011001000110001111100011110,sha:28144bcab41cca592fa12a34cb577f072464bc4522a2b2d6e9eb8fec50d41451,train
data/raw/malignant/316.jpg,malignant\316.jpg,316.jpg,malignant,1,0e043913b6dcd20de8e1dd4408845d2023028feb9f684720ec9be518ccb96071,0000111000001111000001110001011100010011001000110001111100011110,sha:28144bcab41cca592fa12a34cb577f072464bc4522a2b2d6e9eb8fec50d41451,train
data/raw/malignant/319.jpg,malignant\319.jpg,319.jpg,malignant,1,ac5f97f668c4971b40437ebb4d7e7e01acf07c177f79f42b313c77db7bc30e5a,0100111000001111000001110001011100010011000000110011111100011110,sha:28144bcab41cca592fa12a34cb577f072464bc4522a2b2d6e9eb8fec50d41451,train
data/raw/malignant/320.jpg,malignant\320.jpg,320.jpg,malignant,1,ea402970e314a1bed73376971f509d3cfef83b469213f3391e196b06be357bac,1100111000001111000011110001011100010011000000110011111100011110,sha:28144bcab41cca592fa12a34cb577f072464bc4522a2b2d6e9eb8fec50d41451,train
data/raw/malignant/321.jpg,malignant\321.jpg,321.jpg,malignant,1,f488ba5620f35e43a5b946eed208b1595a942cf5d65157a26c40f2e533e381b3,1100111000001111000001110001011100010011000000110011111100011110,sha:28144bcab41cca592fa12a34cb577f072464bc4522a2b2d6e9eb8fec50d41451,train
data/raw/malignant/324.jpg,malignant\324.jpg,324.jpg,malignant,1,37eeeb66f5ecb43adc9a4ebd3747a85e0b56172d4142f0050c525b200c70940a,1101011110000111000001110000111100000111000111110001011010011110,sha:37eeeb66f5ecb43adc9a4ebd3747a85e0b56172d4142f0050c525b200c70940a,train
data/raw/malignant/325.jpg,malignant\325.jpg,325.jpg,malignant,1,e75932c7b163ca3b2c8dac96f0aaafe63cd7da9e1cd1c31300355069181efe5b,1100010010000100000011100000111000001110000011100000111000001100,sha:e75932c7b163ca3b2c8dac96f0aaafe63cd7da9e1cd1c31300355069181efe5b,train
data/raw/malignant/326.jpg,malignant\326.jpg,326.jpg,malignant,1,596dcccb47831b0f2d12d5ddd29d06877109f64b93a3d4a11651be5c25695f07,0001110100001110000011110000111100001111000111110001111100011111,sha:596dcccb47831b0f2d12d5ddd29d06877109f64b93a3d4a11651be5c25695f07,train
data/raw/malignant/327.jpg,malignant\327.jpg,327.jpg,malignant,1,60e12aacfd4dd757a435c0622271d61d2e3031150709023c971a2781d00f3748,1111110010011001100001111000011100000111000000111000001110100011,sha:60e12aacfd4dd757a435c0622271d61d2e3031150709023c971a2781d00f3748,train
data/raw/malignant/328.jpg,malignant\328.jpg,328.jpg,malignant,1,f102f232585cd98fdcca68a0e35af2e04412315617eff355c599a7075603c4e8,1101111100011111000111110000011100010111000011110000111110001011,sha:f102f232585cd98fdcca68a0e35af2e04412315617eff355c599a7075603c4e8,train
data/raw/malignant/329.jpg,malignant\329.jpg,329.jpg,malignant,1,7c6689d2bd50f38cfbc50140ef8edb8068c8b3c735fb1fda7f165d6fcb9cdca7,1100101011001010010011110000001100110011001100111001111111011010,sha:7c6689d2bd50f38cfbc50140ef8edb8068c8b3c735fb1fda7f165d6fcb9cdca7,train
data/raw/malignant/330.jpg,malignant\330.jpg,330.jpg,malignant,1,a56689f484168760f92cc75120c9d7c9fd2156ea72018e6e072db5adf8f75f1f,1110011011000111100101111001111110000111110001101100011011100111,sha:a56689f484168760f92cc75120c9d7c9fd2156ea72018e6e072db5adf8f75f1f,train
data/raw/malignant/331.jpg,malignant\331.jpg,331.jpg,malignant,1,aab3e28ecf68c2e6151aeced316fe86d17da8fca426ea0b0a0fdb907e60dbb8d,0010111100001111010011110010011100000111000001111001110110001100,sha:aab3e28ecf68c2e6151aeced316fe86d17da8fca426ea0b0a0fdb907e60dbb8d,train
data/raw/malignant/332.jpg,malignant\332.jpg,332.jpg,malignant,1,59056f0e75e7542bfb04ef60a50a04504d65ddb4abc5e52eb8da0c7e16c1209f,1011001100110011001100010011100100111111001100110010000110100001,sha:59056f0e75e7542bfb04ef60a50a04504d65ddb4abc5e52eb8da0c7e16c1209f,train
data/raw/malignant/333.jpg,malignant\333.jpg,333.jpg,malignant,1,1a276d327764bcbce8e0d01dc1e88364727c52e7a017623014850eaa7c84dfe0,0011000100110001001111110011001100100001101000011110000110110100,sha:1a276d327764bcbce8e0d01dc1e88364727c52e7a017623014850eaa7c84dfe0,train
data/raw/malignant/334.jpg,malignant\334.jpg,334.jpg,malignant,1,70b462182a76e0038b2255a5e4a13bce7a71501865624e1f7f3d9f65ffce4b8d,0000111101001111010011010000111100111110011001100110001100101001,sha:70b462182a76e0038b2255a5e4a13bce7a71501865624e1f7f3d9f65ffce4b8d,train
data/raw/malignant/335.jpg,malignant\335.jpg,335.jpg,malignant,1,940d5cefbcffb4e253f07cab314e491b1102e2c5f11ee4c4c0d7db94e61f08e4,1111100110011001000111100001110000011100000111010001111100110011,sha:940d5cefbcffb4e253f07cab314e491b1102e2c5f11ee4c4c0d7db94e61f08e4,train
data/raw/malignant/336.jpg,malignant\336.jpg,336.jpg,malignant,1,09128f0c966dd46834d7bf45ee80dd54aba9e4ba0adb681d10b4df0a65013e7f,1101110010001101100011011000111010011110000111100001110000010011,sha:09128f0c966dd46834d7bf45ee80dd54aba9e4ba0adb681d10b4df0a65013e7f,train
data/raw/malignant/337.jpg,malignant\337.jpg,337.jpg,malignant,1,05e087aa06c76102b706f5a307b0ae00423b67ed0a9fdd56ee6cdf870c33a452,0111111010110111101101110011011100110011001111110011111100100111,sha:05e087aa06c76102b706f5a307b0ae00423b67ed0a9fdd56ee6cdf870c33a452,train
data/raw/malignant/339.jpg,malignant\339.jpg,339.jpg,malignant,1,e0bbd5275304b0a9d146f70024a2594a2b6637f02ac1413ae3a9ee97049f8d41,0110110100100110010001100000011000010110100001100000111000011000,sha:e0bbd5275304b0a9d146f70024a2594a2b6637f02ac1413ae3a9ee97049f8d41,train
data/raw/malignant/341.jpg,malignant\341.jpg,341.jpg,malignant,1,6c99df1301b8c1eb3232de4e1c8bcd66bb5fad7e9b4fa5c42e6f68ce7341154a,0011110100111111001101110011011100110111001101110011001100110000,sha:6c99df1301b8c1eb3232de4e1c8bcd66bb5fad7e9b4fa5c42e6f68ce7341154a,train
data/raw/malignant/345.jpg,malignant\345.jpg,345.jpg,malignant,1,f907b331e3d75eae5154680bcb13bedf746451c1f9ae3a421ff725cd727c66b3,1100000011111000110111001101110011011100110011001100110011011100,sha:f907b331e3d75eae5154680bcb13bedf746451c1f9ae3a421ff725cd727c66b3,train
data/raw/malignant/346.jpg,malignant\346.jpg,346.jpg,malignant,1,d996c08ab589ca3271f14d47bdb04d80e79832beb62d4bd6f28256dc6fe2dfa1,1100110011001100110011001100110011111100111111001101110011011100,sha:d996c08ab589ca3271f14d47bdb04d80e79832beb62d4bd6f28256dc6fe2dfa1,train
data/raw/malignant/347.jpg,malignant\347.jpg,347.jpg,malignant,1,8618cff9e944539db713679008386b8c4d0f7ae2015f529024dce3d666f62d0f,1110010011000100110000001100000011000100110001001100110011001100,sha:8618cff9e944539db713679008386b8c4d0f7ae2015f529024dce3d666f62d0f,train
data/raw/malignant/349.jpg,malignant\349.jpg,349.jpg,malignant,1,5d97640a57de0bac23feb7d7557676ba0d1ac9de629110ccd2586b401438ee1f,1000100010011000000111000001110000101101000011101001011010010100,sha:5d97640a57de0bac23feb7d7557676ba0d1ac9de629110ccd2586b401438ee1f,train
data/raw/malignant/35.jpg,malignant\35.jpg,35.jpg,malignant,1,6314b042b5e7b30ff8b08fae0b4dfd23b3b4c28e09fcce0e41d97b041c23a936,0011011000110010000100100001100010001000100000001100000011000000,sha:6314b042b5e7b30ff8b08fae0b4dfd23b3b4c28e09fcce0e41d97b041c23a936,train
data/raw/malignant/351.jpg,malignant\351.jpg,351.jpg,malignant,1,a6ab95e18321399b40c36fae971ceb2740ee164789439fba78001a09564a01fa,1011111100111111001101110111001101110001001100011011100110111111,sha:a6ab95e18321399b40c36fae971ceb2740ee164789439fba78001a09564a01fa,train
data/raw/malignant/353.jpg,malignant\353.jpg,353.jpg,malignant,1,7f73e7ef869f63fd21ad698cd799b1f904e3c4028392057746c1e3986ed4b296,1100110010001110000011110000011100001111000111101001110010110000,sha:7f73e7ef869f63fd21ad698cd799b1f904e3c4028392057746c1e3986ed4b296,train
data/raw/malignant/354.jpg,malignant\354.jpg,354.jpg,malignant,1,eaf04467423ea5fef6b34b07b88d05008f59fc454eb1a76a12b446f773e5e555,1100111010001110000011110000011100001111000011101001110010110000,sha:7f73e7ef869f63fd21ad698cd799b1f904e3c4028392057746c1e3986ed4b296,train
data/raw/malignant/358.jpg,malignant\358.jpg,358.jpg,malignant,1,961d651e090ac086eb63a6e506aa2ed38db1efc38283f4e903c05d2a8b854508,1011010100111101001111100011111000111110001111100011111000110110,sha:961d651e090ac086eb63a6e506aa2ed38db1efc38283f4e903c05d2a8b854508,train
data/raw/malignant/359.jpg,malignant\359.jpg,359.jpg,malignant,1,0e526a70fae080d5c590c8521cde704316335339f31204b34ce557938a05158e,0011000100111101001111100011111000111110001111100011101000110000,sha:0e526a70fae080d5c590c8521cde704316335339f31204b34ce557938a05158e,train
data/raw/malignant/361.jpg,malignant\361.jpg,361.jpg,malignant,1,616dbebb3928f59c9dac287be6e03bffd8cbba1b07f263dca3b1a23843a233a2,0100011110000111100001111000111100011111100111111000111101111000,sha:616dbebb3928f59c9dac287be6e03bffd8cbba1b07f263dca3b1a23843a233a2,train
data/raw/malignant/362.jpg,malignant\362.jpg,362.jpg,malignant,1,58fe324ea7c58ac401ef2114635994c1e74aaf529dd529da04a1173a2d035ddf,1110011110000111100001110000111100011110100111111000111111111100,sha:58fe324ea7c58ac401ef2114635994c1e74aaf529dd529da04a1173a2d035ddf,train
data/raw/malignant/363.jpg,malignant\363.jpg,363.jpg,malignant,1,32b8ee18a1f4b1a7fd04fc045aa4d951746cc39ff8f216156e92d4cfc7ecb754,0011000010001111000011111000111110001111010011101100010011011100,sha:32b8ee18a1f4b1a7fd04fc045aa4d951746cc39ff8f216156e92d4cfc7ecb754,train
data/raw/malignant/365.jpg,malignant\365.jpg,365.jpg,malignant,1,9dd3e3392650aff9c29ca1482dbd8bbfb77d710ef4d900dd89b3728ab9757032,0011110100111111001110110011111100111111001111110011111100111111,sha:9dd3e3392650aff9c29ca1482dbd8bbfb77d710ef4d900dd89b3728ab9757032,train
data/raw/malignant/366.jpg,malignant\366.jpg,366.jpg,malignant,1,c8fc5a8b6de789f86bb436896c9452c7bca4113db2c12193f56873feac51343d,1111111010111010110111101000011110000011110101111100111001011110,sha:c8fc5a8b6de789f86bb436896c9452c7bca4113db2c12193f56873feac51343d,train
data/raw/malignant/369.jpg,malignant\369.jpg,369.jpg,malignant,1,a91180af70e123fdc5fd175223cefc78685dae96b0d437114717838524241724,1101000111010000010011100000111000011110000011101100111011100000,sha:a91180af70e123fdc5fd175223cefc78685dae96b0d437114717838524241724,train
data/raw/malignant/37.jpg,malignant\37.jpg,37.jpg,malignant,1,93429e4bfe954977252764def6e890c6ead7643571c7a977577e892718895a40,0111000011110010111100001110010010011000001100001011000011100000,sha:93429e4bfe954977252764def6e890c6ead7643571c7a977577e892718895a40,train
data/raw/malignant/370.jpg,malignant\370.jpg,370.jpg,malignant,1,262e115316289c9eeeb9c94ba0f8593953e87803315da3d71ac4371ff28bb0e9,1101010011110010010011100000111000011110000011101100111011101010,sha:262e115316289c9eeeb9c94ba0f8593953e87803315da3d71ac4371ff28bb0e9,train
data/raw/malignant/371.jpg,malignant\371.jpg,371.jpg,malignant,1,f79f15fa84330f3818d4cc209554cc8cbcfb261a6f004dbb8be3864347844834,1101000111000110010011101100111101100110110011100110111001101110,sha:f79f15fa84330f3818d4cc209554cc8cbcfb261a6f004dbb8be3864347844834,train
data/raw/malignant/372.jpg,malignant\372.jpg,372.jpg,malignant,1,b240478502810b9e89a30799dd3174cfe207272bd24b5b317d90a29bbadd23d1,0001110000001100110001110000001000000010100000111101001110011000,sha:b240478502810b9e89a30799dd3174cfe207272bd24b5b317d90a29bbadd23d1,train
data/raw/malignant/374.jpg,malignant\374.jpg,374.jpg,malignant,1,eba075ce10ee9f9f3e015c4e7d5e1e63ceb502707e43574046a4967c97a26c66,0001111100001111000011110000011100001111000011110000111100001111,sha:88ef7ca1b036d9997ec626b7edba5fe72e5363b6af4bd00bd207e11488981955,train
data/raw/malignant/376.jpg,malignant\376.jpg,376.jpg,malignant,1,fcee9b8bfd9f9623463074c41113f26616ba284aeffc2796e96a18dbc7f35297,0000111100001111000011110000111100001111000011110000111100000111,sha:fcee9b8bfd9f9623463074c41113f26616ba284aeffc2796e96a18dbc7f35297,train
data/raw/malignant/378.jpg,malignant\378.jpg,378.jpg,malignant,1,08cf315049e512c7a3858625fb7215ff6ff96e2c8bc9c83c8fe656d80ab4c5a6,0000111100001111000011110000111100000111000001110000111100011110,sha:08cf315049e512c7a3858625fb7215ff6ff96e2c8bc9c83c8fe656d80ab4c5a6,train
data/raw/malignant/38.jpg,malignant\38.jpg,38.jpg,malignant,1,b0ec28aeceb6718df5e232726ec6d5c36ad6f07a61a1c7e093fad73cb40d8b05,1101100010010011100100110011000100100001000011100110110001100100,sha:b0ec28aeceb6718df5e232726ec6d5c36ad6f07a61a1c7e093fad73cb40d8b05,train
data/raw/malignant/380.jpg,malignant\380.jpg,380.jpg,malignant,1,88ef7ca1b036d9997ec626b7edba5fe72e5363b6af4bd00bd207e11488981955,0000111100001111000011110000011100001111000011110000111100011111,sha:88ef7ca1b036d9997ec626b7edba5fe72e5363b6af4bd00bd207e11488981955,train
data/raw/malignant/383.jpg,malignant\383.jpg,383.jpg,malignant,1,dea493897a29de7abf401202624b1fcebd17fb9b4403cf3623666d4c62005120,1011110000001110010011100000110000001101110000111100001011000000,sha:dea493897a29de7abf401202624b1fcebd17fb9b4403cf3623666d4c62005120,train
data/raw/malignant/385.jpg,malignant\385.jpg,385.jpg,malignant,1,4e1e25a0a1f255422dd4016fea35e38af38dc5f855cbff91cbf5fd4853e9089a,0000011000011111001111110010111000101110100011101010000011100000,sha:4e1e25a0a1f255422dd4016fea35e38af38dc5f855cbff91cbf5fd4853e9089a,train
data/raw/malignant/386.jpg,malignant\386.jpg,386.jpg,malignant,1,0be6a321b50339d7dececd51caa79a6fbbb163dd8bcc9294f0048d98b552711f,1110010111001101000111110001111100001110000111100001110001001000,sha:0be6a321b50339d7dececd51caa79a6fbbb163dd8bcc9294f0048d98b552711f,train
data/raw/malignant/387.jpg,malignant\387.jpg,387.jpg,malignant,1,096d540849062d1062e4d848db3c2c4aee26805ca4af1625702e0b4628a02060,1000011000100110001001100000011100001111100011111000011111000110,sha:096d540849062d1062e4d848db3c2c4aee26805ca4af1625702e0b4628a02060,train
data/raw/malignant/392.jpg,malignant\392.jpg,392.jpg,malignant,1,0799125c50df1d7da0fec96b13c7d8e207d2de7cb3159490249671b85b162693,1000111010001100000011100010011000101100001011000010110000101001,sha:0799125c50df1d7da0fec96b13c7d8e207d2de7cb3159490249671b85b162693,train
data/raw/malignant/393.jpg,malignant\393.jpg,393.jpg,malignant,1,70daf94eda62485fe41329080dc0cf70a6387d377550ad6407dc735d34a0ceb3,1001111100110111111101111101100101011001010010011100010111110001,sha:70daf94eda62485fe41329080dc0cf70a6387d377550ad6407dc735d34a0ceb3,train
data/raw/malignant/395.jpg,malignant\395.jpg,395.jpg,malignant,1,602a5392bf78f21adf215cf32144b9e0a1d9b85fb1705152edb32c5c9968d63a,1001100110011111000011100000011100000111000001111000011011000110,sha:602a5392bf78f21adf215cf32144b9e0a1d9b85fb1705152edb32c5c9968d63a,train
data/raw/malignant/396.jpg,malignant\396.jpg,396.jpg,malignant,1,ab7dfa41ee9a42750f87c2ab24c5eee91b6d12a68350728ce10b4e005f9b90bf,1101100110011111000011110000011100000111000001111000011110000110,sha:ab7dfa41ee9a42750f87c2ab24c5eee91b6d12a68350728ce10b4e005f9b90bf,train
data/raw/malignant/397.jpg,malignant\397.jpg,397.jpg,malignant,1,cab95cc49340e20f81f126f76477c4f82c47a14a20d333db5df80f8099e9fef9,1001110000011100000111100000111000000110000001100100011001000100,sha:cab95cc49340e20f81f126f76477c4f82c47a14a20d333db5df80f8099e9fef9,train
data/raw/malignant/398.jpg,malignant\398.jpg,398.jpg,malignant,1,aa2a36522f81fc7568003a174c7562a5c0078e9737ea7567d3fb62f2dc33c358,1001110000011100000111100001111000000110000001100100011001001100,sha:cab95cc49340e20f81f126f76477c4f82c47a14a20d333db5df80f8099e9fef9,train
data/raw/malignant/40.jpg,malignant\40.jpg,40.jpg,malignant,1,8ee13045c8b8c369b64bd25e00b5c069dacde983663ea814a55aca5d60558cc0,1110000011000110100011101000111010011110110110001111000011110000,sha:8ee13045c8b8c369b64bd25e00b5c069dacde983663ea814a55aca5d60558cc0,train
data/raw/malignant/400.jpg,malignant\400.jpg,400.jpg,malignant,1,01bdeedbd0dd87269f79eef301f3434723fa20065867623a950e516f6b12f9a1,1001110100011100000111100000111100001111000001111000001110000011,sha:01bdeedbd0dd87269f79eef301f3434723fa20065867623a950e516f6b12f9a1,train
data/raw/malignant/403.jpg,malignant\403.jpg,403.jpg,malignant,1,59e3ba08fb1e59755d0e6c720895954963fd1ae3faa37e8cff47550c0dc2ec5f,1001100010001000100011100000111000000110000011100000111010000110,sha:59e3ba08fb1e59755d0e6c720895954963fd1ae3faa37e8cff47550c0dc2ec5f,train
data/raw/malignant/404.jpg,malignant\404.jpg,404.jpg,malignant,1,89835609a3cf7905d167cc216f9c96b7b5f2b081e2d1b3c74a0774a9c6f12d01,0000011000000110010011110100011100100111000101110010011100101110,sha:89835609a3cf7905d167cc216f9c96b7b5f2b081e2d1b3c74a0774a9c6f12d01,train
data/raw/malignant/406.jpg,malignant\406.jpg,406.jpg,malignant,1,4c988eade59ca6e10a9955c73e3654038ae257396972b568971713526b3fd977,1111000011100000100010100000111110001111100111101101111011000110,sha:4c988eade59ca6e10a9955c73e3654038ae257396972b568971713526b3fd977,train
data/raw/malignant/41.jpg,malignant\41.jpg,41.jpg,malignant,1,34fd8bd2c9594bd0a155ef5220abe2eda384847cbaf43717037fefb51f46e97f,1110000011010100110001001000111010001110110011001111100011110000,sha:34fd8bd2c9594bd0a155ef5220abe2eda384847cbaf43717037fefb51f46e97f,train
data/raw/malignant/410.jpg,malignant\410.jpg,410.jpg,malignant,1,5ef021454d7d4772a9a5b629324202d2976fea5e7912c0f16b67421dc8533673,0111100011001100110011001001110010011100110011001110110011111100,sha:5ef021454d7d4772a9a5b629324202d2976fea5e7912c0f16b67421dc8533673,train
data/raw/malignant/412.jpg,malignant\412.jpg,412.jpg,malignant,1,965b98946a1f0e2c9e09d21542a5b37dcb2a1baf61f0fd0c1a27221fa1714b96,1100110010001110000100110110001101100011001100110000011111000110,sha:965b98946a1f0e2c9e09d21542a5b37dcb2a1baf61f0fd0c1a27221fa1714b96,train
data/raw/malignant/413.jpg,malignant\413.jpg,413.jpg,malignant,1,81fbfbe20c14c3cab58491f1d083ee0a9245c1196b1a2c5cef4a9460d826ca36,1111100011001101100011011000111010001110100111001001110001110100,sha:81fbfbe20c14c3cab58491f1d083ee0a9245c1196b1a2c5cef4a9460d826ca36,train
data/raw/malignant/417.jpg,malignant\417.jpg,417.jpg,malignant,1,b47f5258d71ca79033d04c666428a678a37725954875ec825aeaef0626fab7fe,1100100010001111100011101000111000001111100011111000111011001110,sha:b47f5258d71ca79033d04c666428a678a37725954875ec825aeaef0626fab7fe,train
data/raw/malignant/418.jpg,malignant\418.jpg,418.jpg,malignant,1,5b785e954f3f0688e9bdc4226518c3d1e5a35f26111ce2a283b588ecf37f0beb,0110011011100110110001100100011111000111110001101110001011100010,sha:5b785e954f3f0688e9bdc4226518c3d1e5a35f26111ce2a283b588ecf37f0beb,train
data/raw/malignant/420.jpg,malignant\420.jpg,420.jpg,malignant,1,1faef0c24194a63c8d00c9fdcdb12bc704b42d72ed94c7336cfde23169545ba1,1100110110000111000001110000111110001111100010101100101011100001,sha:1faef0c24194a63c8d00c9fdcdb12bc704b42d72ed94c7336cfde23169545ba1,train
data/raw/malignant/422.jpg,malignant\422.jpg,422.jpg,malignant,1,77f78b5c5d994571c0f278bab9e41fe1c5ab4291b052d5783b2ae882e626d785,1100110110000111000001110000111110001111100010101110001011100001,sha:1faef0c24194a63c8d00c9fdcdb12bc704b42d72ed94c7336cfde23169545ba1,train
data/raw/malignant/43.jpg,malignant\43.jpg,43.jpg,malignant,1,9d23be887c92d3409b51796db78bbbd61e35a87b94df08755f46d5eae0781189,1110000010001110100111100001011000010111000001111000111011001100,sha:9d23be887c92d3409b51796db78bbbd61e35a87b94df08755f46d5eae0781189,train
data/raw/malignant/431.jpg,malignant\431.jpg,431.jpg,malignant,1,929f3931bad7083af5eec1fde8ff64aab1cfa85bcbf7df81dae0e42d44c84533,1010100010001111000010110000011100000111000001110000011110000110,sha:929f3931bad7083af5eec1fde8ff64aab1cfa85bcbf7df81dae0e42d44c84533,train
data/raw/malignant/432.jpg,malignant\432.jpg,432.jpg,malignant,1,36615b89739a37173a94ae8a45139e10338c1e4ec4e6b4c8e262724f20f3e714,0110011101100111001001100000011100000111000001010000000100010001,sha:36615b89739a37173a94ae8a45139e10338c1e4ec4e6b4c8e262724f20f3e714,train
data/raw/malignant/433.jpg,malignant\433.jpg,433.jpg,malignant,1,7cc83087d3407bfea5124d68114aa1d87820851dc3b65764f8f513d6ed809f5c,1000110010001100000011000000111010001100100000101000011010001100,sha:7cc83087d3407bfea5124d68114aa1d87820851dc3b65764f8f513d6ed809f5c,train
data/raw/malignant/434.jpg,malignant\434.jpg,434.jpg,malignant,1,94554b7f158369a01d52552b6a4b871c8ad8c76367fb448fe97b913bdb137841,0111100101101000000011111000110110001101100011010100011100011010,sha:94554b7f158369a01d52552b6a4b871c8ad8c76367fb448fe97b913bdb137841,train
data/raw/malignant/435.jpg,malignant\435.jpg,435.jpg,malignant,1,bd416998d6327a3cba2d5a63699af02309c99824e35e11d3f812cb33b46ff722,1110000101000111010001110000011110000111000111100001111000011110,sha:bd416998d6327a3cba2d5a63699af02309c99824e35e11d3f812cb33b46ff722,train
data/raw/malignant/438.jpg,malignant\438.jpg,438.jpg,malignant,1,1252ad94d694bba930faba275952a5aa6ca5cc53ec0347616244e87a7ffc50c3,0110001011000001110010010100110011001010110100010000100010010100,sha:1252ad94d694bba930faba275952a5aa6ca5cc53ec0347616244e87a7ffc50c3,train
data/raw/malignant/439.jpg,malignant\439.jpg,439.jpg,malignant,1,f5e9843b69562599f5c3be6fb107ab46c5b2257e40682be8aceb66d29906e932,1100001110000011000101110000011100000111001001110000111100011110,sha:f5e9843b69562599f5c3be6fb107ab46c5b2257e40682be8aceb66d29906e932,train
data/raw/malignant/442.jpg,malignant\442.jpg,442.jpg,malignant,1,faec8f8f3c7d1324dd5600e5e365f335eb70ea0268790e36e8e22cfcd70758d6,1101110110011111000111110000111100001111100011111000111101001110,sha:faec8f8f3c7d1324dd5600e5e365f335eb70ea0268790e36e8e22cfcd70758d6,train
data/raw/malignant/443.jpg,malignant\443.jpg,443.jpg,malignant,1,a0e3ff418c8c664ebcb31fcbd23f816d7b985e616d460705aa34577466d494e0,1011000010001000110011001100110011001100000011001001100010010001,sha:a0e3ff418c8c664ebcb31fcbd23f816d7b985e616d460705aa34577466d494e0,train
data/raw/malignant/444.jpg,malignant\444.jpg,444.jpg,malignant,1,fcfd27d0b80c198fb79657c3965b258db22714135048aee88a869480f6017775,1000111010001111000001110001111100011111000111111000111010101110,sha:fcfd27d0b80c198fb79657c3965b258db22714135048aee88a869480f6017775,train
data/raw/malignant/446.jpg,malignant\446.jpg,446.jpg,malignant,1,f85d6e70cfc33b5d812fe24d48cd831fe74b83c36691732fd592366ff7c17f21,0010011100001111000011100000111000001111001011110011111101011100,sha:f85d6e70cfc33b5d812fe24d48cd831fe74b83c36691732fd592366ff7c17f21,train
data/raw/malignant/447.jpg,malignant\447.jpg,447.jpg,malignant,1,19417c4ceadf2ce6fc1802bdeec306596a4260bcd25d9d4b328f95ed2ee464df,1001001111010011100110011001100110000000000001000000110110001000,sha:19417c4ceadf2ce6fc1802bdeec306596a4260bcd25d9d4b328f95ed2ee464df,train
data/raw/malignant/448.jpg,malignant\448.jpg,448.jpg,malignant,1,efe40652021461def81fdf3a12a7d4450c735a9789972ad781882c165e09a84a,1100011010011110110111111000011110000111100001111000011011001101,sha:efe40652021461def81fdf3a12a7d4450c735a9789972ad781882c165e09a84a,train
data/raw/malignant/452.jpg,malignant\452.jpg,452.jpg,malignant,1,d0fd6747a17b5395014aa44183adb768d372deeb61da7011a483f4be314acab0,1110001011100100110011001100111011001110101011101001100000110100,sha:d0fd6747a17b5395014aa44183adb768d372deeb61da7011a483f4be314acab0,train
data/raw/malignant/453.jpg,malignant\453.jpg,453.jpg,malignant,1,3050dfc9f42f42fded26a7d1695084848bdfa9271e74e1d199f8bc28f3347277,1101110011001000110011001100110011001100111011101001111010001110,sha:3050dfc9f42f42fded26a7d1695084848bdfa9271e74e1d199f8bc28f3347277,train
data/raw/malignant/454.jpg,malignant\454.jpg,454.jpg,malignant,1,5ed65733ee239542cae0be6336a847761289c51c4862ef1c9098fa4cbbe60ea4,0101110010001110000011100010111000001101000111101001101011000110,sha:5ed65733ee239542cae0be6336a847761289c51c4862ef1c9098fa4cbbe60ea4,train
data/raw/malignant/455.jpg,malignant\455.jpg,455.jpg,malignant,1,a8e83895f9956158919620f815f0f3058a6692f11e577db6f11f81331bbaef35,0110110011001110100011101000111010001110000111101000111010000110,sha:a8e83895f9956158919620f815f0f3058a6692f11e577db6f11f81331bbaef35,train
data/raw/malignant/457.jpg,malignant\457.jpg,457.jpg,malignant,1,f60314eb17bae9571a9582bac73db0d78101f01ea0eff47fee957cea502b17e5,1000011010010101000011010000111110001110100011011000100100000001,sha:f60314eb17bae9571a9582bac73db0d78101f01ea0eff47fee957cea502b17e5,train
data/raw/malignant/462.jpg,malignant\462.jpg,462.jpg,malignant,1,fb536fc492cdf5fb361947ca129f4eb49043c9a2d06565e2dd72e14a43bf2ba9,1110000010010000100011001000110011101100111000001011000010010000,sha:fb536fc492cdf5fb361947ca129f4eb49043c9a2d06565e2dd72e14a43bf2ba9,train
data/raw/malignant/464.jpg,malignant\464.jpg,464.jpg,malignant,1,11018c280734fb22e29a89ef4a8cbfcba8d4f115d1538fc152b2c072d0da2168,1100011011001110110011100010011000110111001100100011011000101100,sha:11018c280734fb22e29a89ef4a8cbfcba8d4f115d1538fc152b2c072d0da2168,train
data/raw/malignant/465.jpg,malignant\465.jpg,465.jpg,malignant,1,e1eec80b7c846c8f97f6b97f3e576bd863a3d4c85181b3a41d303132b8a34baa,1111010011011100000011100000111000001110000011100000111001001100,sha:e1eec80b7c846c8f97f6b97f3e576bd863a3d4c85181b3a41d303132b8a34baa,train
data/raw/malignant/466.jpg,malignant\466.jpg,466.jpg,malignant,1,3614f7ec9c8df3d038d50d50a03cc57783b795e9a7ab37172cf0888425172cf0,1000100010011000000011000000111000001110000011011000011000001000,sha:3614f7ec9c8df3d038d50d50a03cc57783b795e9a7ab37172cf0888425172cf0,train
data/raw/malignant/468.jpg,malignant\468.jpg,468.jpg,malignant,1,ff7f33c7f55cb0fbee8ea6e9f7209ad746ea1540b2c6602669c8183ec56c4c6d,0001011000010111000101110000111100000111000011111100111111000011,sha:ff7f33c7f55cb0fbee8ea6e9f7209ad746ea1540b2c6602669c8183ec56c4c6d,train
data/raw/malignant/469.jpg,malignant\469.jpg,469.jpg,malignant,1,99160633c2e52ca31f7097afd817bfce2a718b9596d095580fb0918f12c54d14,1100110011001100100011101100111010001110100011001000011011001100,sha:99160633c2e52ca31f7097afd817bfce2a718b9596d095580fb0918f12c54d14,train
data/raw/malignant/471.jpg,malignant\471.jpg,471.jpg,malignant,1,1ca247071e19fba8a1fc10c82a4c1304fc00c0ac19d368cac4d350320a6ef8b4,1111001010100110101011101000111010001110101001101000111010111100,sha:1ca247071e19fba8a1fc10c82a4c1304fc00c0ac19d368cac4d350320a6ef8b4,train
data/raw/malignant/472.jpg,malignant\472.jpg,472.jpg,malignant,1,c0e1f3e3cb307441c92303adde726e7f61956cddccd5073646d21a0368a24fcc,1110110010001100100111101001111010011110100011101000110010001100,sha:c0e1f3e3cb307441c92303adde726e7f61956cddccd5073646d21a0368a24fcc,train
data/raw/malignant/475.jpg,malignant\475.jpg,475.jpg,malignant,1,af54439307c60305c13791d8911bbe37ddf6f2618328bb12f903c2ecb8683a5e,1111001111011011100011111000111100001110100011101000100110000010,sha:af54439307c60305c13791d8911bbe37ddf6f2618328bb12f903c2ecb8683a5e,train
data/raw/malignant/476.jpg,malignant\476.jpg,476.jpg,malignant,1,cf18f1988d428f339db1474183ab7a4cd27aef44c72d1a38fff0b3ab8e18bcec,1101001010000111000001110001111000001111100011010000110100000110,sha:cf18f1988d428f339db1474183ab7a4cd27aef44c72d1a38fff0b3ab8e18bcec,train
data/raw/malignant/477.jpg,malignant\477.jpg,477.jpg,malignant,1,5f91d3247f13448b9eab5ef3cef4ea698616958817147ec345be47f3a3868b78,1000110010001110000011110000111100001111000011100000111000001100,sha:5f91d3247f13448b9eab5ef3cef4ea698616958817147ec345be47f3a3868b78,train
data/raw/malignant/480.jpg,malignant\480.jpg,480.jpg,malignant,1,d169590e49bb2c7c5ced48a407c04585b03e9b677a9f32f89e50fdd6154cb0d2,1100110000100110001101100010001100101011001100110011011010001110,sha:d169590e49bb2c7c5ced48a407c04585b03e9b677a9f32f89e50fdd6154cb0d2,train
data/raw/malignant/485.jpg,malignant\485.jpg,485.jpg,malignant,1,5f517f1fb27adcf396c649ac7e702f43ce77895651d768757cdcaaa494842aa7,1101110011010110000111110000111100001111000111110001011000011010,sha:5f517f1fb27adcf396c649ac7e702f43ce77895651d768757cdcaaa494842aa7,train
data/raw/malignant/487.jpg,malignant\487.jpg,487.jpg,malignant,1,41885b07204e15a4f739cfa3e248c110079e2c8f794e63080fdf5f2635455bbe,1100011111001011100111101000110110001111100010111000001110001100,sha:41885b07204e15a4f739cfa3e248c110079e2c8f794e63080fdf5f2635455bbe,train
data/raw/malignant/49.jpg,malignant\49.jpg,49.jpg,malignant,1,8965ffac8408762668856fc45c2ea8f7b1c7f1b72b5f556f5ebb8e415c96f895,1110100011001110100011101000111010011110100111101000110011000000,sha:8965ffac8408762668856fc45c2ea8f7b1c7f1b72b5f556f5ebb8e415c96f895,train
data/raw/malignant/490.jpg,malignant\490.jpg,490.jpg,malignant,1,390a68c6e283fe582fdca293698fe4e2da68c3cbedee4b98cbff48dcd710f529,1100001010110110101011100100111101001111000011100010011010011100,sha:390a68c6e283fe582fdca293698fe4e2da68c3cbedee4b98cbff48dcd710f529,train
data/raw/malignant/493.jpg,malignant\493.jpg,493.jpg,malignant,1,860a70c721e36fea3b93da69ad0cc6db684b0f90908a807e1f0c81e1e51ce2c0,1000011000100010101010010000110100001101000010010001001100001110,sha:860a70c721e36fea3b93da69ad0cc6db684b0f90908a807e1f0c81e1e51ce2c0,train
data/raw/malignant/494.jpg,malignant\494.jpg,494.jpg,malignant,1,c549938948be5a40136d74dd3650728681e2422246939d736e8e9026ae2d6516,1100011000000110000001100000111100011111000011111000111110011110,sha:c549938948be5a40136d74dd3650728681e2422246939d736e8e9026ae2d6516,train
data/raw/malignant/495.jpg,malignant\495.jpg,495.jpg,malignant,1,7f4ef5d3a32febf0765c548a1cdee7823be5c55cc3b371f80d4c118c3713c810,1100010011011000111010101100111011001110111011101111111001011110,sha:7f4ef5d3a32febf0765c548a1cdee7823be5c55cc3b371f80d4c118c3713c810,train
data/raw/malignant/498.jpg,malignant\498.jpg,498.jpg,malignant,1,610b2b26ff0b187100d62814aaa3d3d08021dcdb2e79cdcea5879495200d18ec,0001111000111011000111110000111100001111000011110000111110011110,sha:610b2b26ff0b187100d62814aaa3d3d08021dcdb2e79cdcea5879495200d18ec,train
data/raw/malignant/499.jpg,malignant\499.jpg,499.jpg,malignant,1,d4fcafd6bf73f24f2872088e68a6e3b6cd936a12ec9430cac7195280d73b2bfe,1110011011000010100010111000011110000101100010001001111010011110,sha:d4fcafd6bf73f24f2872088e68a6e3b6cd936a12ec9430cac7195280d73b2bfe,train
data/raw/malignant/500.jpg,malignant\500.jpg,500.jpg,malignant,1,56008e33055e4e33f05788dd7e4fe2caec7ff7b95e22130d68299c206527518b,1110010100010100000011001000111010001100100011001010000010011100,sha:56008e33055e4e33f05788dd7e4fe2caec7ff7b95e22130d68299c206527518b,train
data/raw/malignant/503.jpg,malignant\503.jpg,503.jpg,malignant,1,3eb395e735439a8ac8261291d20554a3729512bcca093e2f6b69d5e57ea60fab,1100110010001100100011100000111100001101100011101000111010010110,sha:3eb395e735439a8ac8261291d20554a3729512bcca093e2f6b69d5e57ea60fab,train
data/raw/malignant/505.jpg,malignant\505.jpg,505.jpg,malignant,1,9f3ec057daa2731d3d62918606b6956cbe6cf4f000ca7ab26c73513c661c86c9,1110110010011000000110001000110000001100000010101001010011010110,sha:9f3ec057daa2731d3d62918606b6956cbe6cf4f000ca7ab26c73513c661c86c9,train
data/raw/malignant/506.jpg,malignant\506.jpg,506.jpg,malignant,1,f2e7573af0abf32182818d034fc417318514a4a11b5181a0c1323f7e6f96d7a2,1100110010101110001011110000111100001111000111111000111110001110,sha:f2e7573af0abf32182818d034fc417318514a4a11b5181a0c1323f7e6f96d7a2,train
data/raw/malignant/509.jpg,malignant\509.jpg,509.jpg,malignant,1,da8b3d4120bec88032cd8ff42a6bf959401e997b7b4459de21077e3306efc5a9,1100110010001100000011100000111000001110110011101100011000001100,sha:da8b3d4120bec88032cd8ff42a6bf959401e997b7b4459de21077e3306efc5a9,train
data/raw/malignant/51.jpg,malignant\51.jpg,51.jpg,malignant,1,42fd08b2d0f6c0293a29a4f4e48c2a17d26ce8efa5d3ff6086717becc23fd6e0,1111000011100000110001001100011010000110100011101100100011110000,sha:42fd08b2d0f6c0293a29a4f4e48c2a17d26ce8efa5d3ff6086717becc23fd6e0,train
data/raw/malignant/510.jpg,malignant\510.jpg,510.jpg,malignant,1,d5871f46df9d18c2b5b26946055472f3f8e2072668e92bb58b584f7f1eb34b9c,1001110010100110001000100100111100001101010011100000110010001000,sha:d5871f46df9d18c2b5b26946055472f3f8e2072668e92bb58b584f7f1eb34b9c,train
data/raw/malignant/513.jpg,malignant\513.jpg,513.jpg,malignant,1,f527fdedb5854e042f7f41d2d367f3bab661b6a99a8bcccb130e76f94535bc00,1101010010011100000111000001110000001110100111100001011010011100,sha:f527fdedb5854e042f7f41d2d367f3bab661b6a99a8bcccb130e76f94535bc00,train
data/raw/malignant/514.jpg,malignant\514.jpg,514.jpg,malignant,1,eb647bb6362eb57d5e5335e41002e3333726654192fa361fd8f1e360e9587423,1111100010010100100011000000111010010100100001001000010010001000,sha:eb647bb6362eb57d5e5335e41002e3333726654192fa361fd8f1e360e9587423,train
data/raw/malignant/515.jpg,malignant\515.jpg,515.jpg,malignant,1,041325f832a8f745dff173293fea1978aa3d453d0e04cf38093c3d7f66f7d9a4,1100110010001110000011100000111110001111000001100000011000000000,sha:041325f832a8f745dff173293fea1978aa3d453d0e04cf38093c3d7f66f7d9a4,train
data/raw/malignant/516.jpg,malignant\516.jpg,516.jpg,malignant,1,bf87fd939a95a950692695fb22a90ee5fea7356e45d1d240acc135c9307cf067,1001000010000000100011001000111011001100110000101100011011001100,sha:bf87fd939a95a950692695fb22a90ee5fea7356e45d1d240acc135c9307cf067,train
data/raw/malignant/517.jpg,malignant\517.jpg,517.jpg,malignant,1,ae784da0c91d57550af5e3d7f8417141b76149f158a6d1cf50d919a9cd03605d,1110010011000010110010000101110011001100011011001110000011011100,sha:ae784da0c91d57550af5e3d7f8417141b76149f158a6d1cf50d919a9cd03605d,train
data/raw/malignant/520.jpg,malignant\520.jpg,520.jpg,malignant,1,86d662d8c5c7d8e4510cd6ae31c1d1c2279aba4d97a478da7c700403afda0f01,1010110010001110100011101000111110011111000011101000111000010011,sha:86d662d8c5c7d8e4510cd6ae31c1d1c2279aba4d97a478da7c700403afda0f01,train
data/raw/malignant/521.jpg,malignant\521.jpg,521.jpg,malignant,1,1877f0d08b2c9c16617429c8ae1116a0765df6696ac09a5b0fac94096d6b036d,1100111010011110000011110000111100001111000011110000111010011110,sha:1877f0d08b2c9c16617429c8ae1116a0765df6696ac09a5b0fac94096d6b036d,train
data/raw/malignant/522.jpg,malignant\522.jpg,522.jpg,malignant,1,3ed1edbe0d36554478f799a73daa4563430f3dffea29afa92f9381d65d74fd3a,1101000010010100100000011000101100001111000000110000001010001110,sha:3ed1edbe0d36554478f799a73daa4563430f3dffea29afa92f9381d65d74fd3a,train
data/raw/malignant/523.jpg,malignant\523.jpg,523.jpg,malignant,1,7407fe386d0fe27130cc0350bef37356d02d0b0833c50e38c3250d62ba06bb8c,0111100010000110000001100000111100001100100111001001101010110110,sha:7407fe386d0fe27130cc0350bef37356d02d0b0833c50e38c3250d62ba06bb8c,train
data/raw/malignant/527.jpg,malignant\527.jpg,527.jpg,malignant,1,684aeeb773dc3722bb84bf8fe43d7eb6cd2bcfc4c872f283c9d5a6cae08c382f,1101100010010010100000100100110001001101000011111011111011000110,sha:684aeeb773dc3722bb84bf8fe43d7eb6cd2bcfc4c872f283c9d5a6cae08c382f,train
data/raw/malignant/529.jpg,malignant\529.jpg,529.jpg,malignant,1,d02676cefad43bf8d9ab18203a2cdad49f18073136e4d0544181932b453c799e,1100110101011011000110010000100100001001000010000001110000011100,sha:d02676cefad43bf8d9ab18203a2cdad49f18073136e4d0544181932b453c799e,train
data/raw/malignant/530.jpg,malignant\530.jpg,530.jpg,malignant,1,bb3aff867b8e05dba50f3773e9e87fde64e0ff01592f7ac9dd9bf44864f921bb,1100000111101000101011001010100011101000110010001101010000110100,sha:bb3aff867b8e05dba50f3773e9e87fde64e0ff01592f7ac9dd9bf44864f921bb,train
data/raw/malignant/531.jpg,malignant\531.jpg,531.jpg,malignant,1,e71393110f80398ca167e1ad59094aae0fee0f91416eb0dc3d20f49f93a51c9c,1011011000110110000011011000111100011011000011110010001010010010,sha:e71393110f80398ca167e1ad59094aae0fee0f91416eb0dc3d20f49f93a51c9c,train
data/raw/malignant/533.jpg,malignant\533.jpg,533.jpg,malignant,1,f09631a5df015580114a2234cf123d168695d7401574b9c051f0092a019664af,1000110010011110000111100000111000001111000011111100011011000110,sha:f09631a5df015580114a2234cf123d168695d7401574b9c051f0092a019664af,train
data/raw/malignant/534.jpg,malignant\534.jpg,534.jpg,malignant,1,443629e30d90c088d92a21588bd3e0ed3e6ffb868f7ba30d4c7bac81ef5e85a3,1111100011011100111110001100110010001100100011101000110010000000,sha:443629e30d90c088d92a21588bd3e0ed3e6ffb868f7ba30d4c7bac81ef5e85a3,train
data/raw/malignant/535.jpg,malignant\535.jpg,535.jpg,malignant,1,49b42d01f571611967f669a5f44afc661a5747833f693a90b962794772f77d92,1011000010100000001011000010110000101101001110011011000110111100,sha:49b42d01f571611967f669a5f44afc661a5747833f693a90b962794772f77d92,train
data/raw/malignant/537.jpg,malignant\537.jpg,537.jpg,malignant,1,f9432ebb3e9409b32d6b5219cfcb54095296bebfd3b86137e20138674ccebb36,1000110000001100000011000000110000001101100011001000111010001100,sha:f9432ebb3e9409b32d6b5219cfcb54095296bebfd3b86137e20138674ccebb36,train
data/raw/malignant/538.jpg,malignant\538.jpg,538.jpg,malignant,1,6c90d32446936d4de3ed3eb7d871907cf036c82fbe6a5f7421043d8c407ac02e,1100010010001111000011110000111100010111000010110000101110000010,sha:6c90d32446936d4de3ed3eb7d871907cf036c82fbe6a5f7421043d8c407ac02e,train
data/raw/malignant/539.jpg,malignant\539.jpg,539.jpg,malignant,1,381848970b1c54de91f11d68aa127e134472e8c6bcd796f084deeef901da8eac,1000010010010000000010000000110001001110100000001000111010110100,sha:381848970b1c54de91f11d68aa127e134472e8c6bcd796f084deeef901da8eac,train
data/raw/malignant/541.jpg,malignant\541.jpg,541.jpg,malignant,1,0036e4f304ed4a0c40e5160455614b4085841113554696098f81852f907a9eaf,1100110010001100100001101000011010001110100011101000111010001100,sha:0036e4f304ed4a0c40e5160455614b4085841113554696098f81852f907a9eaf,train
data/raw/malignant/543.jpg,malignant\543.jpg,543.jpg,malignant,1,5fee49e3f385bc2fc62ca611ad62a759c0afea14b1ca84822d5ddc70307bdda5,1001001100010101000101110011001101110011011000110100011100010100,sha:5fee49e3f385bc2fc62ca611ad62a759c0afea14b1ca84822d5ddc70307bdda5,train
data/raw/malignant/544.jpg,malignant\544.jpg,544.jpg,malignant,1,86d6dda3d9c1098cf067c0a524ce0c5df42412f559b34dcbbccc49f11cada43a,1100000010010100100010001010000110001111100010111000011011001100,sha:86d6dda3d9c1098cf067c0a524ce0c5df42412f559b34dcbbccc49f11cada43a,train
data/raw/malignant/545.jpg,malignant\545.jpg,545.jpg,malignant,1,83198a2180661314a59b4856b36a054faee55cdd17d9f092edf8526a41bac686,1001111010001111000111110010111000001110100011101000110010001100,sha:83198a2180661314a59b4856b36a054faee55cdd17d9f092edf8526a41bac686,train
data/raw/malignant/547.jpg,malignant\547.jpg,547.jpg,malignant,1,02f897879e3becf69c9c73c530ccb854234254572dc9f7b068590156c269addd,1111011011111110111011101000110010001110000011000011000000011000,sha:02f897879e3becf69c9c73c530ccb854234254572dc9f7b068590156c269addd,train
data/raw/malignant/548.jpg,malignant\548.jpg,548.jpg,malignant,1,5cb21bf706497955c8684ab8dd316ba27ede89eb641bd1918095aed00a8bb712,1001110110010110100001101000101000001100010011001000110001010101,sha:5cb21bf706497955c8684ab8dd316ba27ede89eb641bd1918095aed00a8bb712,train
data/raw/malignant/549.jpg,malignant\549.jpg,549.jpg,malignant,1,3794e79a0315af070cc2d75231c07c34fb007c5515d2d35c5f4d009372ecd2b2,1100011010111011000110110000110110001101110011110100101000101110,sha:3794e79a0315af070cc2d75231c07c34fb007c5515d2d35c5f4d009372ecd2b2,train
data/raw/malignant/55.jpg,malignant\55.jpg,55.jpg,malignant,1,38de7521bfd3447b86c5f5d927a92009cbadce185b098abe04e8647a83688cdf,1111000011001100100011001000110011001100110000001110000011100000,sha:38de7521bfd3447b86c5f5d927a92009cbadce185b098abe04e8647a83688cdf,train
data/raw/malignant/550.jpg,malignant\550.jpg,550.jpg,malignant,1,eb669e982fab51cad0c42842d936a6dbf01d86ce87585262d1878949f1262fa2,1110100011000000110000001000110010001110100011101000110010010100,sha:eb669e982fab51cad0c42842d936a6dbf01d86ce87585262d1878949f1262fa2,train
data/raw/malignant/551.jpg,malignant\551.jpg,551.jpg,malignant,1,5d4367eaefd47017a042e404a64fccdefaeefaafd0ca29462b03ad84687718ca,1110110000001111000011100000111100000111000011111000111010001110,sha:5d4367eaefd47017a042e404a64fccdefaeefaafd0ca29462b03ad84687718ca,train
data/raw/malignant/555.jpg,malignant\555.jpg,555.jpg,malignant,1,b8fa45ec17eb5b10c7dca8c7e4bb22718848ad737405a32c342aea95ab4f5ee9,0110011100010110000011100000111000001110000011100000110010000100,sha:b8fa45ec17eb5b10c7dca8c7e4bb22718848ad737405a32c342aea95ab4f5ee9,train
data/raw/malignant/557.jpg,malignant\557.jpg,557.jpg,malignant,1,b501481700edd9957791f123c6d20dc00ed1fef2b355563409f5d7a95381504d,1100000011000000101000001000001111000011100000111000001001100010,sha:b501481700edd9957791f123c6d20dc00ed1fef2b355563409f5d7a95381504d,train
data/raw/malignant/559.jpg,malignant\559.jpg,559.jpg,malignant,1,819302d9d99017decf2d123168d1baa4478bb4501b8d9a82798f85f2d515299e,1010000111101001111010001100100011001100110011001010010011010010,sha:819302d9d99017decf2d123168d1baa4478bb4501b8d9a82798f85f2d515299e,train
data/raw/malignant/56.jpg,malignant\56.jpg,56.jpg,malignant,1,34a6a8a93ec35cae2a80a07978c0c070daba4fb7521dbb44003c4bc71c997cf4,1001101000011011000110110001101100111011010000110000101110001001,sha:34a6a8a93ec35cae2a80a07978c0c070daba4fb7521dbb44003c4bc71c997cf4,train
data/raw/malignant/561.jpg,malignant\561.jpg,561.jpg,malignant,1,1cac2beeaf743b4c59c9ceb7d3aec1d53786daaa98a6db66526b4d8353b86201,1111011011110110111001001110110011100100110001101100011011101100,sha:1cac2beeaf743b4c59c9ceb7d3aec1d53786daaa98a6db66526b4d8353b86201,train
data/raw/malignant/563.jpg,malignant\563.jpg,563.jpg,malignant,1,3a6f49f63547373359c63ae104588d35c89f1c37eaa64480eec5d630966f376c,1111100010101000001011101010111000101100001001110001101000011110,sha:3a6f49f63547373359c63ae104588d35c89f1c37eaa64480eec5d630966f376c,train
data/raw/malignant/564.jpg,malignant\564.jpg,564.jpg,malignant,1,04100bbd3cb0f553c159e86244062e09e3f1945f5c3e5d5c396de1ec92b67e19,1101110011011110110011101100111011001110110011101100111011001100,sha:04100bbd3cb0f553c159e86244062e09e3f1945f5c3e5d5c396de1ec92b67e19,train
data/raw/malignant/565.jpg,malignant\565.jpg,565.jpg,malignant,1,5c41ef6114d7cc7cdcd406ef979ffb37621bbecd08b08916057ec386db08e903,1111010010110110100111101001111010011110101111001000110011011100,sha:5c41ef6114d7cc7cdcd406ef979ffb37621bbecd08b08916057ec386db08e903,train
data/raw/malignant/566.jpg,malignant\566.jpg,566.jpg,malignant,1,99607c29d21be685b6b4b77f5ad987f37f0837cfc49900dcb35dc7f3e69a5c1d,1110100001111100010111101000110001001110000110101001101010001110,sha:99607c29d21be685b6b4b77f5ad987f37f0837cfc49900dcb35dc7f3e69a5c1d,train
data/raw/malignant/569.jpg,malignant\569.jpg,569.jpg,malignant,1,ceb0b6d65c31e29e76e19806080d6af3560b94a27a76b1c2ce95adfe6f873e8a,0101000110000001110100011101100110000000110001001100101001010010,sha:ceb0b6d65c31e29e76e19806080d6af3560b94a27a76b1c2ce95adfe6f873e8a,train
data/raw/malignant/571.jpg,malignant\571.jpg,571.jpg,malignant,1,7fffde283d74062652014c80e08a5e612622a50ee262c76c5d57dcb99f064804,1001110000001110000011110000111000001111000011010011010110001101,sha:7fffde283d74062652014c80e08a5e612622a50ee262c76c5d57dcb99f064804,train
data/raw/malignant/574.jpg,malignant\574.jpg,574.jpg,malignant,1,5835c39f901a23b000d42bf4a49a16a269cd0ab7654bcd01bcbab82cb3deddfe,1111100011100100100010001000111010001110010010001100100010100100,sha:5835c39f901a23b000d42bf4a49a16a269cd0ab7654bcd01bcbab82cb3deddfe,train
data/raw/malignant/576.jpg,malignant\576.jpg,576.jpg,malignant,1,e6f3c710c828006bd70e0b320c760121ad5b111f484a24f95769d63e719470df,1100010010000110100010100000101000001100000011010000111010011110,sha:e6f3c710c828006bd70e0b320c760121ad5b111f484a24f95769d63e719470df,train
data/raw/malignant/578.jpg,malignant\578.jpg,578.jpg,malignant,1,bd30414ef83cbbb0d3417cc33e7358409c3b843fe11d948395ccb83613c9118d,1101101011011100110111001000110011001110100011101000011011000100,sha:bd30414ef83cbbb0d3417cc33e7358409c3b843fe11d948395ccb83613c9118d,train
data/raw/malignant/580.jpg,malignant\580.jpg,580.jpg,malignant,1,047fa86d59ac74e62173e985ec57b946aada5e4ef1ca97798e2242e07f6f494f,1100000010000000100001010000010100000111000011010001110110010000,sha:047fa86d59ac74e62173e985ec57b946aada5e4ef1ca97798e2242e07f6f494f,train
data/raw/malignant/583.jpg,malignant\583.jpg,583.jpg,malignant,1,0bc4791f400d7ec9913b5041e1eb429c31f6d17a3786523717274347e019d0eb,0000100010001100000011000000110000001100000011101000111010001110,sha:0bc4791f400d7ec9913b5041e1eb429c31f6d17a3786523717274347e019d0eb,train
data/raw/malignant/584.jpg,malignant\584.jpg,584.jpg,malignant,1,55c884ba73df6cb530c1c616816164b63f683714e382ed4f7cce816c4884970c,1110110011011110100011110000111110001111100001111000011010000110,sha:55c884ba73df6cb530c1c616816164b63f683714e382ed4f7cce816c4884970c,train
data/raw/malignant/585.jpg,malignant\585.jpg,585.jpg,malignant,1,6810f970bfbe16d53a3c03cac526f94ef598902169cfb39609ba3d93fb22e305,1110000011110000111011101110111011001100100011001000110010010000,sha:6810f970bfbe16d53a3c03cac526f94ef598902169cfb39609ba3d93fb22e305,train
data/raw/malignant/587.jpg,malignant\587.jpg,587.jpg,malignant,1,071d5ab01bb4c46f7c55e3743ea39fe6aaf49809a262743cb7003a192bb79fc4,1110010011001100110011100001110010011000100000001000000010100010,sha:071d5ab01bb4c46f7c55e3743ea39fe6aaf49809a262743cb7003a192bb79fc4,train
data/raw/malignant/589.jpg,malignant\589.jpg,589.jpg,malignant,1,fbbea179580d9e852981a59abd279102c6dffd13832b542da16d02267938172d,0000111000011110000111100001111100011110000000111010011011100010,sha:fbbea179580d9e852981a59abd279102c6dffd13832b542da16d02267938172d,train
data/raw/malignant/59.jpg,malignant\59.jpg,59.jpg,malignant,1,ccea1521bfcbe2d4fafe0909b67077e5b685521e3c9cd11a96731757348826d5,1111000011100100111001001100011011000110111000101110000011101000,sha:ccea1521bfcbe2d4fafe0909b67077e5b685521e3c9cd11a96731757348826d5,train
data/raw/malignant/594.jpg,malignant\594.jpg,594.jpg,malignant,1,232914bc8078228e80d9c5ae634e151976cf9885d43315b2dc6e699f697a1e38,1101100011000100100001101000011000000011001100100010000001100000,sha:232914bc8078228e80d9c5ae634e151976cf9885d43315b2dc6e699f697a1e38,train
data/raw/malignant/597.jpg,malignant\597.jpg,597.jpg,malignant,1,04ce3684ff302693d381670494d81efc33b5c400e7422166e9f32b666c303242,1000010010100000010011001000110010001100110011001001011011011110,sha:04ce3684ff302693d381670494d81efc33b5c400e7422166e9f32b666c303242,train
data/raw/malignant/598.jpg,malignant\598.jpg,598.jpg,malignant,1,2b18757747dd1a7853f93195c095d50f473f198217f096db628fd7493a1a0c44,1100110010001110100011001000011000000110001000111000001111000010,sha:2b18757747dd1a7853f93195c095d50f473f198217f096db628fd7493a1a0c44,train
data/raw/malignant/599.jpg,malignant\599.jpg,599.jpg,malignant,1,43d0ed0ff97e66314eeb2ba1e13103b4e6d268fb1395d699622acbd59bbcdde9,1000011001011110010111110100111100001111000001100010011010100110,sha:43d0ed0ff97e66314eeb2ba1e13103b4e6d268fb1395d699622acbd59bbcdde9,train
data/raw/malignant/60.jpg,malignant\60.jpg,60.jpg,malignant,1,2a98d4a6174b9205b7358148202c007af7bbc155b4f76c117a179379fbb290ef,1101100001011000010011101100111001001110010011101011110000111100,sha:2a98d4a6174b9205b7358148202c007af7bbc155b4f76c117a179379fbb290ef,train
data/raw/malignant/600.jpg,malignant\600.jpg,600.jpg,malignant,1,2427d9b2be0605608e79f838bc1452b76aaf26b8df4e93e611dec652e51916c4,1100011010000111000010110000011100001111000011111000011110001110,sha:2427d9b2be0605608e79f838bc1452b76aaf26b8df4e93e611dec652e51916c4,train
data/raw/malignant/601.jpg,malignant\601.jpg,601.jpg,malignant,1,c398d4f104e91d5e286a1a38516d4caeae5fcd745ba9c1127a29029d88e95677,1011110110111100111011001101110010001100100011101100110010000000,sha:c398d4f104e91d5e286a1a38516d4caeae5fcd745ba9c1127a29029d88e95677,train
data/raw/malignant/604.jpg,malignant\604.jpg,604.jpg,malignant,1,06985f92af30799ae6a06d9833a38db8232637292c69330e5b63b6e5d5bfc245,1111100011011000110011001100110010001100100011001000110010000110,sha:06985f92af30799ae6a06d9833a38db8232637292c69330e5b63b6e5d5bfc245,train
data/raw/malignant/608.jpg,malignant\608.jpg,608.jpg,malignant,1,2c05b7eb703dd190c59c68c47eb7a31340a7fb8a51353c1ed990f3eeb5ba721b,1000000010010000100001001000111010001110100001101000011010000000,sha:2c05b7eb703dd190c59c68c47eb7a31340a7fb8a51353c1ed990f3eeb5ba721b,train
data/raw/malignant/609.jpg,malignant\609.jpg,609.jpg,malignant,1,16726871304f3f42a1c984aa712b00b96b78e3b259b7ec315dbc02357e3832ff,1110010011001100000011001100011011001100110011001000010000100000,sha:16726871304f3f42a1c984aa712b00b96b78e3b259b7ec315dbc02357e3832ff,train
data/raw/malignant/610.jpg,malignant\610.jpg,610.jpg,malignant,1,6da446da9de5edff1c69d8ec15ada9eb42077c332c866f9e50b3ae8974419b76,1000111010001100000011100100111110001110100111000001111010001100,sha:6da446da9de5edff1c69d8ec15ada9eb42077c332c866f9e50b3ae8974419b76,train
data/raw/malignant/611.jpg,malignant\611.jpg,611.jpg,malignant,1,27ce4fc9dd89f0dce23014b7bc13d26d9e953fd47a00ae6c2a0f59ab56cb95e0,1100011011101000110011000101110010001100010011101000110010100100,sha:27ce4fc9dd89f0dce23014b7bc13d26d9e953fd47a00ae6c2a0f59ab56cb95e0,train
data/raw/malignant/612.jpg,malignant\612.jpg,612.jpg,malignant,1,0dbae6e18e24140b09536287a72b8974f98cf241d77266354286b83bffc7a615,1100110011001100100011101000111010001110110010101001111010000110,sha:0dbae6e18e24140b09536287a72b8974f98cf241d77266354286b83bffc7a615,train
data/raw/malignant/613.jpg,malignant\613.jpg,613.jpg,malignant,1,18cc05c75394de72363d7310d061e36c6e8dbb69196e8925f6b5c260a7638224,1000110011001100100011000000100010001110110001101000010010010000,sha:18cc05c75394de72363d7310d061e36c6e8dbb69196e8925f6b5c260a7638224,train
data/raw/malignant/621.jpg,malignant\621.jpg,621.jpg,malignant,1,0490144f155230cfc294c7e841cf8eff16d0e78bd71e4c9b12f85f2202ff45c3,1100100010001110000011010001111000011101000011011000111010001100,sha:0490144f155230cfc294c7e841cf8eff16d0e78bd71e4c9b12f85f2202ff45c3,train
data/raw/malignant/624.jpg,malignant\624.jpg,624.jpg,malignant,1,25aae6959f233b8ce9511b74c938c8d65f7b3108b5c1a1c4cad19e0635304156,1111110011111100111110001100110011001100110011001000111010000100,sha:25aae6959f233b8ce9511b74c938c8d65f7b3108b5c1a1c4cad19e0635304156,train
data/raw/malignant/626.jpg,malignant\626.jpg,626.jpg,malignant,1,6ef2b226c64d168e1b05a4ca4eb46a97e23b044ad89e5a4ed317f1f40c1a0dc8,1101111011001110100011101000111011001010110001101100011010010100,sha:6ef2b226c64d168e1b05a4ca4eb46a97e23b044ad89e5a4ed317f1f40c1a0dc8,train
data/raw/malignant/627.jpg,malignant\627.jpg,627.jpg,malignant,1,16ed02e8b2c2e41a98ff1bd948a63a2434f15a803d0b80a6c3cca9f663286bed,1100100010000100100011001000110010001100100001001100010011000000,sha:16ed02e8b2c2e41a98ff1bd948a63a2434f15a803d0b80a6c3cca9f663286bed,train
data/raw/malignant/629.jpg,malignant\629.jpg,629.jpg,malignant,1,f0454bdc4485d767968b95dfd19269fbdfd04a87079e256baadf7829dcee1864,1101010011010100100001101000110010001100110011001000110010101000,sha:f0454bdc4485d767968b95dfd19269fbdfd04a87079e256baadf7829dcee1864,train
data/raw/malignant/63.jpg,malignant\63.jpg,63.jpg,malignant,1,a9d9807124b6f442876d58db1ec1e651c5d67eaadf98b02b387ec024fc2dc326,1111000011000100110011001100100011101000111100001110000011100000,sha:a9d9807124b6f442876d58db1ec1e651c5d67eaadf98b02b387ec024fc2dc326,train
data/raw/malignant/630.jpg,malignant\630.jpg,630.jpg,malignant,1,b296a11d27addea20ca4dcc594745d81e02eb9e9e5f1608f91936fe1265b9cd1,1111010011111101010110001100110111001101011010011101100011001000,sha:b296a11d27addea20ca4dcc594745d81e02eb9e9e5f1608f91936fe1265b9cd1,train
data/raw/malignant/632.jpg,malignant\632.jpg,632.jpg,malignant,1,aef769e1590c1fd0b97b3d08a5f270421df60e099706a2cf904683ae9a93cb1a,1100010010010100100011001000111110000111110001101110110011010100,sha:aef769e1590c1fd0b97b3d08a5f270421df60e099706a2cf904683ae9a93cb1a,train
data/raw/malignant/633.jpg,malignant\633.jpg,633.jpg,malignant,1,fce25fb8043d4ae19c1452440766ea3a1f1a7fc3ee6d5b31752db87c8ab1e7af,1000111010000110100011101000011010000110100001101001011010000110,sha:fce25fb8043d4ae19c1452440766ea3a1f1a7fc3ee6d5b31752db87c8ab1e7af,train
data/raw/malignant/635.jpg,malignant\635.jpg,635.jpg,malignant,1,5b3e10467cfcc57e129fa28c38eeb95aa8ee8e840d834cbae00375da7e3a32d7,1000110010001110000001100000111100001111000001101000111010100100,sha:5b3e10467cfcc57e129fa28c38eeb95aa8ee8e840d834cbae00375da7e3a32d7,train
data/raw/malignant/636.jpg,malignant\636.jpg,636.jpg,malignant,1,b67d25a57e7a282bde1eee64cc8644338f5ae9e0ac239dceb3ee5256893b3842,0100100010000100000001101000011000000110100011101000100010011000,sha:b67d25a57e7a282bde1eee64cc8644338f5ae9e0ac239dceb3ee5256893b3842,train
data/raw/malignant/639.jpg,malignant\639.jpg,639.jpg,malignant,1,0fbc4bb80e0253bf8c7f48eaac318ed17259ff6c5a0d173ec72cf5cf1a241307,1100000010000000000000010000011100000111011001101001001010011000,sha:0fbc4bb80e0253bf8c7f48eaac318ed17259ff6c5a0d173ec72cf5cf1a241307,train
data/raw/malignant/64.jpg,malignant\64.jpg,64.jpg,malignant,1,e6ccb3662dceb2170583bdd0e85baff5af92bbef42f71913fe9d74e2c1ea9813,0111100000111100001101110011001100100011000011111000110011001100,sha:e6ccb3662dceb2170583bdd0e85baff5af92bbef42f71913fe9d74e2c1ea9813,train
data/raw/malignant/642.jpg,malignant\642.jpg,642.jpg,malignant,1,170b09af520df7be18c0867967a8b2435294ba02394dbb8d5bf13b7a16cb4250,1111110011111100111111001001110010011110100111001000111010000100,sha:170b09af520df7be18c0867967a8b2435294ba02394dbb8d5bf13b7a16cb4250,train
data/raw/malignant/644.jpg,malignant\644.jpg,644.jpg,malignant,1,8984289d146a6ab8519ad2ff84a30595771326b15374369a13ed103f538f4022,1110000011100000000001100010011100001110000011010000111100001110,sha:8984289d146a6ab8519ad2ff84a30595771326b15374369a13ed103f538f4022,train
data/raw/malignant/645.jpg,malignant\645.jpg,645.jpg,malignant,1,79f0340ecbc32a6232a21bf2c91cd78477c4078907f97d005fb53e0369b2fa12,1100010010010100000011000001111000011010000010110000100010001100,sha:79f0340ecbc32a6232a21bf2c91cd78477c4078907f97d005fb53e0369b2fa12,train
data/raw/malignant/646.jpg,malignant\646.jpg,646.jpg,malignant,1,ebc1914dffbc4d66d83b1d3a85f49ebc2f0a40ffe32ca06cf5afecefdcc02f17,1001110000001110000011100000111100001111100011111100111010000110,sha:ebc1914dffbc4d66d83b1d3a85f49ebc2f0a40ffe32ca06cf5afecefdcc02f17,train
data/raw/malignant/647.jpg,malignant\647.jpg,647.jpg,malignant,1,fb2b4a62508793fe3347886ac9d87d5be33138d211ab1e96acada0615917a680,1001011010010111000011110000110000001101000010010001100100011111,sha:fb2b4a62508793fe3347886ac9d87d5be33138d211ab1e96acada0615917a680,train
data/raw/malignant/649.jpg,malignant\649.jpg,649.jpg,malignant,1,1018db3389541ffb26dc449483dcfc016a5904cf0b0bddbe7cf2237bd577e53a,1000110100011111000111110001111100100111001000110011001100000011,sha:1018db3389541ffb26dc449483dcfc016a5904cf0b0bddbe7cf2237bd577e53a,train
data/raw/malignant/650.jpg,malignant\650.jpg,650.jpg,malignant,1,09deb1ca4471515718f55ee5686614aa57920d7f62f724ff2812ba8217d8b263,1011000101101011001000010010100000011010000010100011001000110010,sha:09deb1ca4471515718f55ee5686614aa57920d7f62f724ff2812ba8217d8b263,train
data/raw/malignant/651.jpg,malignant\651.jpg,651.jpg,malignant,1,aa1d90661398ce526708062d84dbf725a2f351549eef4eb0bc9181ea876e0559,1111110001110110011001110000011100000111000001110000011110100110,sha:aa1d90661398ce526708062d84dbf725a2f351549eef4eb0bc9181ea876e0559,train
data/raw/malignant/652.jpg,malignant\652.jpg,652.jpg,malignant,1,40e252e392466f98d7a529a3df106f8ae5bb8f81c5b5c2ca5ebc05e0621edc2e,0001100100011001000111110000111100001110000011010010111100111010,sha:40e252e392466f98d7a529a3df106f8ae5bb8f81c5b5c2ca5ebc05e0621edc2e,train
data/raw/malignant/654.jpg,malignant\654.jpg,654.jpg,malignant,1,67d81645d1dea1812b2575dc30597a35b2442f76b16fc92f31e06e188789b047,1010000110101001001111000000111000001110000001100001010000010100,sha:67d81645d1dea1812b2575dc30597a35b2442f76b16fc92f31e06e188789b047,train
data/raw/malignant/655.jpg,malignant\655.jpg,655.jpg,malignant,1,dc1b5b1740cd01c763c81cc7491509e0fa2f93d34e7aae46008294e94ae1aaa2,0001011100000111000001110000111100001111000111110011111100111111,sha:dc1b5b1740cd01c763c81cc7491509e0fa2f93d34e7aae46008294e94ae1aaa2,train
data/raw/malignant/656.jpg,malignant\656.jpg,656.jpg,malignant,1,5a944d313054bd9bd36979fe0fc59c679a1c320701c7c3e57bc9a79efb960036,0011100000011101000011000000110100011110000111001001110001000000,sha:5a944d313054bd9bd36979fe0fc59c679a1c320701c7c3e57bc9a79efb960036,train
data/raw/malignant/659.jpg,malignant\659.jpg,659.jpg,malignant,1,1dfc54cc0bf4e976b2daa83f32842640623e79f05ee90262369f206c0ed3a4aa,1100010111001111100011110000011100000011000001110000110001111100,sha:1dfc54cc0bf4e976b2daa83f32842640623e79f05ee90262369f206c0ed3a4aa,train
data/raw/malignant/661.jpg,malignant\661.jpg,661.jpg,malignant,1,ebf404a9e97fe638e65a9f3f6b00761906815df39ece4b6251fc6a650a5b5f49,0110011000111101100101101001111000001110000011110000111100001110,sha:ebf404a9e97fe638e65a9f3f6b00761906815df39ece4b6251fc6a650a5b5f49,train
data/raw/malignant/662.jpg,malignant\662.jpg,662.jpg,malignant,1,ca27b3467de164b81e002fb0cca30cc5e97b7c4389a50bca22d7905af5d96a45,1100110100001111000011111000011110001111000011100000011011010000,sha:ca27b3467de164b81e002fb0cca30cc5e97b7c4389a50bca22d7905af5d96a45,train
data/raw/malignant/664.jpg,malignant\664.jpg,664.jpg,malignant,1,37d0fee50e8e9dc628164b143624f4c91c2d982eba660e2eb52574c133aa0698,0000110000001111001100110011001100110111000101110000011100000101,sha:37d0fee50e8e9dc628164b143624f4c91c2d982eba660e2eb52574c133aa0698,train
data/raw/malignant/665.jpg,malignant\665.jpg,665.jpg,malignant,1,4659b869e2a4a7ad25f12be1a20aa890f068c4ffd1c1730c2361940514c855c7,1110001010000110000001100010011000010110100111101001111011101100,sha:4659b869e2a4a7ad25f12be1a20aa890f068c4ffd1c1730c2361940514c855c7,train
data/raw/malignant/666.jpg,malignant\666.jpg,666.jpg,malignant,1,2d69a2be309783baef05b38486f3e711f4c6bef68ab2faede6a8bdfc69f1801a,1000011010000011100010110011101100111011101110011001000110000011,sha:2d69a2be309783baef05b38486f3e711f4c6bef68ab2faede6a8bdfc69f1801a,train
data/raw/malignant/668.jpg,malignant\668.jpg,668.jpg,malignant,1,67fcfe2b47e59832ee5eabf1f224993cd5b00601efe174ea6f3911af976127e2,0011100111001100110011001100110010100110101101100001111001001110,sha:67fcfe2b47e59832ee5eabf1f224993cd5b00601efe174ea6f3911af976127e2,train
data/raw/malignant/671.jpg,malignant\671.jpg,671.jpg,malignant,1,72660ee3ed79fc78fad235ac2275694a35a24e74b1d5a5a3cf4d3eefc2b15fa4,1110100011100110110001111000111111001111010001111110011011100000,sha:72660ee3ed79fc78fad235ac2275694a35a24e74b1d5a5a3cf4d3eefc2b15fa4,train
data/raw/malignant/673.jpg,malignant\673.jpg,673.jpg,malignant,1,94c1854beebfec465a90af27561ba66647128d521463fa2ff0d4497abd86be15,0101110000001100000011000001111000011110000111010001110000011000,sha:94c1854beebfec465a90af27561ba66647128d521463fa2ff0d4497abd86be15,train
data/raw/malignant/677.jpg,malignant\677.jpg,677.jpg,malignant,1,ca7620cb2b8b1995af60a95d8ff594aeda44acc6b968ad68db0d644c6daf2b16,1101101001001110001011000011111000011110000011110000111101010011,sha:ca7620cb2b8b1995af60a95d8ff594aeda44acc6b968ad68db0d644c6daf2b16,train
data/raw/malignant/680.jpg,malignant\680.jpg,680.jpg,malignant,1,9eadfb97788752a0f9cb7df428a6bbfd9b6f8afca7d307527076b3ebf3d8c589,1001110000011111000001110000011100000111000001110001101100010011,sha:9eadfb97788752a0f9cb7df428a6bbfd9b6f8afca7d307527076b3ebf3d8c589,train
data/raw/malignant/681.jpg,malignant\681.jpg,681.jpg,malignant,1,bb68ec896a83a0885b1a614debd6480517ed12823e9836bd279e83beb5b8a596,0001100101011001010110011100110101001101000011110000001100000011,sha:bb68ec896a83a0885b1a614debd6480517ed12823e9836bd279e83beb5b8a596,train
data/raw/malignant/682.jpg,malignant\682.jpg,682.jpg,malignant,1,0eab9d8f972927724d45964d29493c68f6b88d7f578da84cc5f65657df10e0af,1000111100011111000111110001111100011111000011110000111110001111,sha:0eab9d8f972927724d45964d29493c68f6b88d7f578da84cc5f65657df10e0af,train
data/raw/malignant/683.jpg,malignant\683.jpg,683.jpg,malignant,1,bed222131c7745aaf4a1e8cce5d42adec6d17d136a2b69ced1ac3c705ff1d751,0101100100011001110010000101100000110001011000001110100010111000,sha:bed222131c7745aaf4a1e8cce5d42adec6d17d136a2b69ced1ac3c705ff1d751,train
data/raw/malignant/687.jpg,malignant\687.jpg,687.jpg,malignant,1,73d0299ecf8416e7261660ce29098e1d5533969db3d5ba38fd0c31ab37c54ab2,1101100011000110110001101000011010001111000011100100110001100000,sha:73d0299ecf8416e7261660ce29098e1d5533969db3d5ba38fd0c31ab37c54ab2,train
data/raw/malignant/688.jpg,malignant\688.jpg,688.jpg,malignant,1,d54c0f118945edc90ececabdb5a38ada58dea3329c7c965987989e26fc3079be,0110011001100110110011100100011001000110110001101100001011100010,sha:d54c0f118945edc90ececabdb5a38ada58dea3329c7c965987989e26fc3079be,train
data/raw/malignant/692.jpg,malignant\692.jpg,692.jpg,malignant,1,00bf6c7606e4c3c83a5ab99764aa38f2cd77c5809208912b8424114147a741e5,1001100000011000000111100010001100000011000011111000111110001110,sha:00bf6c7606e4c3c83a5ab99764aa38f2cd77c5809208912b8424114147a741e5,train
data/raw/malignant/693.jpg,malignant\693.jpg,693.jpg,malignant,1,f712dfb30bbf59b4029b447d29c1ee01adbf5fed65a1af2179b22ba8b9bf32b1,1001110100111111011101110111000101111001000110010001100110110011,sha:f712dfb30bbf59b4029b447d29c1ee01adbf5fed65a1af2179b22ba8b9bf32b1,train
data/raw/malignant/695.jpg,malignant\695.jpg,695.jpg,malignant,1,1a076c7f4cbeba481c6db4da9bfd80e2cec1931731a468c25bcf33ef720eb2b0,1001100010011100000111100000111010001110000011100100110010000000,sha:1a076c7f4cbeba481c6db4da9bfd80e2cec1931731a468c25bcf33ef720eb2b0,train
data/raw/malignant/697.jpg,malignant\697.jpg,697.jpg,malignant,1,de0b4e8055a78b5e7bff0b944cb56b93be693f3b674bc052f09d1c22a7d09ea7,1000101110001111000011110000111100001111000011110000111110001110,sha:de0b4e8055a78b5e7bff0b944cb56b93be693f3b674bc052f09d1c22a7d09ea7,train
data/raw/malignant/699.jpg,malignant\699.jpg,699.jpg,malignant,1,2946ff1ae66c8348b1a4108a8dea258f6bac987ece8ef709feda872ad2d7d64a,1011101000111110000111100011111100011111000101111000011111000111,sha:2946ff1ae66c8348b1a4108a8dea258f6bac987ece8ef709feda872ad2d7d64a,train
data/raw/malignant/7.jpg,malignant\7.jpg,7.jpg,malignant,1,b64bb3d5e77c2199ab97f06d84c702a73b07a104d0e63012c11e98fcb0c6f3ab,1001100010011100000111000001111000011100100011001001110011011000,sha:b64bb3d5e77c2199ab97f06d84c702a73b07a104d0e63012c11e98fcb0c6f3ab,train
data/raw/malignant/70.jpg,malignant\70.jpg,70.jpg,malignant,1,060d50e0a17d8e1903324ab6c0a4912e2c21f6efcb614dd435c96cf76bf06787,1111000011110000100101101011011000111100001111001011100011111000,sha:060d50e0a17d8e1903324ab6c0a4912e2c21f6efcb614dd435c96cf76bf06787,train
data/raw/malignant/700.jpg,malignant\700.jpg,700.jpg,malignant,1,5cf1124e2704adcaf339270b653683f663f6259cf63d903741b52a7ee9c33ed4,0011011000111101001100110001111100011011000100110000001101000111,sha:5cf1124e2704adcaf339270b653683f663f6259cf63d903741b52a7ee9c33ed4,train
data/raw/malignant/701.jpg,malignant\701.jpg,701.jpg,malignant,1,bd7e6f3ea0cac413da4fd1399f4b431dbe558a7a2c2b945f2b448b3d44a5c9bc,1011100100011111000101110011011100110111001101100001111010011111,sha:bd7e6f3ea0cac413da4fd1399f4b431dbe558a7a2c2b945f2b448b3d44a5c9bc,train
data/raw/malignant/702.jpg,malignant\702.jpg,702.jpg,malignant,1,b327c70d44ff4bfb702802d98cb05206d135192f5c164c96560e491c74e2f770,1110010010001110100011100000111000011110000111101001100011110000,sha:b327c70d44ff4bfb702802d98cb05206d135192f5c164c96560e491c74e2f770,train
data/raw/malignant/703.jpg,malignant\703.jpg,703.jpg,malignant,1,b7383e5efd2c52463661cbb5f6de6feba630249f15fe98109c3de4be257ab327,1100110011001110000011100000111000001111000001111000111110001111,sha:b7383e5efd2c52463661cbb5f6de6feba630249f15fe98109c3de4be257ab327,train
data/raw/malignant/704.jpg,malignant\704.jpg,704.jpg,malignant,1,13be28c370a0f5c087227bc866fbd8a2b8ce356438aed7c98a44451ae95f8451,1110110011100110111001111100011111100111111001111111001111110001,sha:13be28c370a0f5c087227bc866fbd8a2b8ce356438aed7c98a44451ae95f8451,train
data/raw/malignant/705.jpg,malignant\705.jpg,705.jpg,malignant,1,5e08edb810359881a5c302f798c2f4a07288283bd432545c80119f5ab765e5fd,0110100000011101000111110001111100011111100111111000111110001101,sha:5e08edb810359881a5c302f798c2f4a07288283bd432545c80119f5ab765e5fd,train
data/raw/malignant/707.jpg,malignant\707.jpg,707.jpg,malignant,1,103001ac501db19d94d142e2a950081172cdc6a583d68acdb860a7459a959a12,1111100011111000000110000011101100110111000110111100111111000111,sha:103001ac501db19d94d142e2a950081172cdc6a583d68acdb860a7459a959a12,train
data/raw/malignant/71.jpg,malignant\71.jpg,71.jpg,malignant,1,eee9d9b8f8663cfc45e87e271ee8b90ced368ec820d4c09b648486e5280d6ed1,1001011000110110001110110110101101110001011110010011100010111000,sha:eee9d9b8f8663cfc45e87e271ee8b90ced368ec820d4c09b648486e5280d6ed1,train
data/raw/malignant/710.jpg,malignant\710.jpg,710.jpg,malignant,1,0883c4a7e91afbe17bc517e956bcf7f5c43f3690ea0a71030c49fabd187af42c,1011101100111111001111110011111100101111000010110100101111011001,sha:0883c4a7e91afbe17bc517e956bcf7f5c43f3690ea0a71030c49fabd187af42c,train
data/raw/malignant/711.jpg,malignant\711.jpg,711.jpg,malignant,1,dac61b0a67282951a10b45e035bafbc7eb3adf96f34aa58b059cf00421592c4d,1001000110000100000111100001111000011111001001111011001111110000,sha:dac61b0a67282951a10b45e035bafbc7eb3adf96f34aa58b059cf00421592c4d,train
data/raw/malignant/712.jpg,malignant\712.jpg,712.jpg,malignant,1,92eddf163e3f01aa81d70af4f537a5ed3bed356fe98ee40a7f65d4683b772a12,1000111100001111100011110001111100001111100011111000111101001110,sha:92eddf163e3f01aa81d70af4f537a5ed3bed356fe98ee40a7f65d4683b772a12,train
data/raw/malignant/714.jpg,malignant\714.jpg,714.jpg,malignant,1,a5bcc85495a0622d51e983e245c2e8dee7d19d36876cc46c4c0fee33a385345e,0010011100000111001001110000011100001111000011110100011111100111,sha:a5bcc85495a0622d51e983e245c2e8dee7d19d36876cc46c4c0fee33a385345e,train
data/raw/malignant/715.jpg,malignant\715.jpg,715.jpg,malignant,1,1a0774b04b8fbc3bd4f6ce0023d1b341d84ebceaee2fc4f715eb314ff52b15fa,0001110100000111000001110000011100000111000001110000111101000100,sha:1a0774b04b8fbc3bd4f6ce0023d1b341d84ebceaee2fc4f715eb314ff52b15fa,train
data/raw/malignant/717.jpg,malignant\717.jpg,717.jpg,malignant,1,5b4796ed83e2c8f19d8feec8f5646d8ce1f96214eefcd7bfc000ebfd67d6f6bb,1000100100001111000011110000111100001111000001110000011100010110,sha:5b4796ed83e2c8f19d8feec8f5646d8ce1f96214eefcd7bfc000ebfd67d6f6bb,train
data/raw/malignant/718.jpg,malignant\718.jpg,718.jpg,malignant,1,ca21e97a16a082e3820d0c06365d4e09532ddc85b3244051630f2fd838093aac,1000110110001100100011100100111010001100100011001111000011100000,sha:ca21e97a16a082e3820d0c06365d4e09532ddc85b3244051630f2fd838093aac,train
data/raw/malignant/719.jpg,malignant\719.jpg,719.jpg,malignant,1,d86244ae154b3e2c155285aff843befa67900caaefa6194e78089787ff35397f,1100000010001100100101100001011100010111000101111000111010011100,sha:d86244ae154b3e2c155285aff843befa67900caaefa6194e78089787ff35397f,train
data/raw/malignant/72.jpg,malignant\72.jpg,72.jpg,malignant,1,87d283af8dbede29d01e05634fe963dd4b61cefd7ae6732c5f1aa308c1ff4b3b,1001000010011000100111101000011011000110111000001110000011100000,sha:87d283af8dbede29d01e05634fe963dd4b61cefd7ae6732c5f1aa308c1ff4b3b,train
data/raw/malignant/720.jpg,malignant\720.jpg,720.jpg,malignant,1,7c1996abae594a690db35524c9a6b5cf3a96589a3410b023801a22ed167e509f,0001111100001111000011110000111100001011000011100001111100010111,sha:7c1996abae594a690db35524c9a6b5cf3a96589a3410b023801a22ed167e509f,train
data/raw/malignant/721.jpg,malignant\721.jpg,721.jpg,malignant,1,08c4479c29c9bed830e91062e2620167f15a03668e6a0f7c2a5ee5c56223add7,0010111101001111000011110000011100000111000011110000110110001100,sha:08c4479c29c9bed830e91062e2620167f15a03668e6a0f7c2a5ee5c56223add7,train
data/raw/malignant/722.jpg,malignant\722.jpg,722.jpg,malignant,1,53e4ac06076757e7c8c91980baf4b59236b116bb2c23764868e2f9708236c858,1000111100011111000111110001111100011111000111110001101010011000,sha:53e4ac06076757e7c8c91980baf4b59236b116bb2c23764868e2f9708236c858,train
data/raw/malignant/723.jpg,malignant\723.jpg,723.jpg,malignant,1,ee02e94ac3b5e088a3f1fbac25b860e00def73b0a5960948d40ef443b31c7a86,0000100100111001001111000011111000111110001111100011100000111100,sha:ee02e94ac3b5e088a3f1fbac25b860e00def73b0a5960948d40ef443b31c7a86,train
data/raw/malignant/725.jpg,malignant\725.jpg,725.jpg,malignant,1,e16e052355be89a260056b3c78f7a2cbc37df1247275dc56d5f21e9a90826feb,1100001011100001110000011100100110000001100110011100000011111000,sha:e16e052355be89a260056b3c78f7a2cbc37df1247275dc56d5f21e9a90826feb,train
data/raw/malignant/726.jpg,malignant\726.jpg,726.jpg,malignant,1,5415c634a09f9a36d4f3fa4859a431b570e5fdbafafcccd0baf7c6a9e3e77721,1111000011111000011010001100110011001100111000101110000011110000,sha:5415c634a09f9a36d4f3fa4859a431b570e5fdbafafcccd0baf7c6a9e3e77721,train
data/raw/malignant/727.jpg,malignant\727.jpg,727.jpg,malignant,1,b2920f77333867a02a7f850e25fa60efdf1d582d67be3bce8a9ba45f25375661,1100011010001110000011100000111000010110000011000000110001010000,sha:b2920f77333867a02a7f850e25fa60efdf1d582d67be3bce8a9ba45f25375661,train
data/raw/malignant/728.jpg,malignant\728.jpg,728.jpg,malignant,1,0070577232a498fb611db0b4ff2d541885698e3d4913fa4765053f7daa99240c,1101000010011000101110001011110011101100111110001111100011110000,sha:0070577232a498fb611db0b4ff2d541885698e3d4913fa4765053f7daa99240c,train
data/raw/malignant/729.jpg,malignant\729.jpg,729.jpg,malignant,1,0ca0fc21aee62dd8ce979b1ca06dc15dffee92740d95cf6af8270be5a72619aa,1101100011001001110011011000111010001111100011111000111000111110,sha:0ca0fc21aee62dd8ce979b1ca06dc15dffee92740d95cf6af8270be5a72619aa,train
data/raw/malignant/731.jpg,malignant\731.jpg,731.jpg,malignant,1,efaac7d4ddfea68bd7bda9dd2290dfa70b224ff122d6d67457266ca7500e814d,1111100011110000111111111111100011111000111100001111100001110000,sha:efaac7d4ddfea68bd7bda9dd2290dfa70b224ff122d6d67457266ca7500e814d,train
data/raw/malignant/733.jpg,malignant\733.jpg,733.jpg,malignant,1,ad92df3f5e645cfc50d927e50a5682eeaec6a462426330e1fd4c4fbc76fa3938,0011100000111000011100001111000111100001111000001100000011000000,sha:ad92df3f5e645cfc50d927e50a5682eeaec6a462426330e1fd4c4fbc76fa3938,train
data/raw/malignant/734.jpg,malignant\734.jpg,734.jpg,malignant,1,71d79ee87bfe852efc72db345e8fa97b32d74db963ddbdff5a7bd6c3d86a4a05,1111100011111000111100001110100011101000111000000110000011110000,sha:71d79ee87bfe852efc72db345e8fa97b32d74db963ddbdff5a7bd6c3d86a4a05,train
data/raw/malignant/736.jpg,malignant\736.jpg,736.jpg,malignant,1,9a3aebb2c343c5462eb1cb9b6609a7829395e8b63c826a191dc23967de12658f,0001001000000010000001100000111000001110000011100000111000001110,sha:9a3aebb2c343c5462eb1cb9b6609a7829395e8b63c826a191dc23967de12658f,train
data/raw/malignant/737.jpg,malignant\737.jpg,737.jpg,malignant,1,09205873dd94eebdc796ff1b5327f5dc82abe1f69c904baa69e44f4251b103a5,1000000000000000000000001000100001001000000000001000000011110000,sha:09205873dd94eebdc796ff1b5327f5dc82abe1f69c904baa69e44f4251b103a5,train
data/raw/malignant/738.jpg,malignant\738.jpg,738.jpg,malignant,1,9fc988b30dd35caf0202028a8f80dbb74bd184b20e002a8f0e5fe7584dd716ef,1100100011001010110000111100100011001100110010001100100011000100,sha:9fc988b30dd35caf0202028a8f80dbb74bd184b20e002a8f0e5fe7584dd716ef,train
data/raw/malignant/741.jpg,malignant\741.jpg,741.jpg,malignant,1,f1787994ca225861c782c6fdd594ea0f1fa9b0af86b1d9a01a616aba138fcb5f,1111100001111110001101110010111011101110111001101100001011010011,sha:f1787994ca225861c782c6fdd594ea0f1fa9b0af86b1d9a01a616aba138fcb5f,train
data/raw/malignant/742.jpg,malignant\742.jpg,742.jpg,malignant,1,f762afa6d553e335c1ab9e6d5de3c6d2c4bea0be481a14fe8a9d99c7110efaaa,1110000011000000110110001000100011011000110100001110000011100000,sha:f762afa6d553e335c1ab9e6d5de3c6d2c4bea0be481a14fe8a9d99c7110efaaa,train
data/raw/malignant/748.jpg,malignant\748.jpg,748.jpg,malignant,1,1dff6d38b2af68d1941aa279974cf24426ce3f4320439586bbaa4e82b77177dc,1001111110001110000111000011111100011111100111101000110010010100,sha:1dff6d38b2af68d1941aa279974cf24426ce3f4320439586bbaa4e82b77177dc,train
data/raw/malignant/75.jpg,malignant\75.jpg,75.jpg,malignant,1,3e821555f1cfabc0da0d6f4f2e4331df0e7906a3334c9d867b46b6a2e1944b05,1111010011001100111011001100011111001100110010001111001011110000,sha:3e821555f1cfabc0da0d6f4f2e4331df0e7906a3334c9d867b46b6a2e1944b05,train
data/raw/malignant/750.jpg,malignant\750.jpg,750.jpg,malignant,1,5b0b80123eecbc68dba512d0ea8cb9422f6fba2c99914d1cdc34fe85a205956c,1000000110100011100000100000101010001100000001100110000000100000,sha:5b0b80123eecbc68dba512d0ea8cb9422f6fba2c99914d1cdc34fe85a205956c,train
data/raw/malignant/752.jpg,malignant\752.jpg,752.jpg,malignant,1,6977e0adef9ff0b6d255c59d0ce617df315051c8a148d19c7d5a35cb72c3e103,1101100000110000000010100000110100001101010011001110100000101000,sha:6977e0adef9ff0b6d255c59d0ce617df315051c8a148d19c7d5a35cb72c3e103,train
data/raw/malignant/753.jpg,malignant\753.jpg,753.jpg,malignant,1,92ac4faed5f6c321a457248efc1f097207b7b103c12def43f39df218d42e06a3,0110110001001100101011101001111110011111110011110100011111100111,sha:92ac4faed5f6c321a457248efc1f097207b7b103c12def43f39df218d42e06a3,train
data/raw/malignant/754.jpg,malignant\754.jpg,754.jpg,malignant,1,0fc9fe7cb45f945e6881d72652b4a2534b2c5855f65ac199983b887b073c5d61,0111100101111001011000011110110011111100111100001111000011000001,sha:0fc9fe7cb45f945e6881d72652b4a2534b2c5855f65ac199983b887b073c5d61,train
data/raw/malignant/755.jpg,malignant\755.jpg,755.jpg,malignant,1,0de3bb5f24151f11b3bb96e619baa1d461fe3ac3512b89a3e8c15edffc32c433,0010111000111111001111110011111000111110011111100111111001111110,sha:0de3bb5f24151f11b3bb96e619baa1d461fe3ac3512b89a3e8c15edffc32c433,train
data/raw/malignant/758.jpg,malignant\758.jpg,758.jpg,malignant,1,212662dd83a92e7b1d8b7787c320c889bc7a606181a0b1b25f3782c620f86e8b,1001101011010000110100001100100011010000000100001001100011110000,sha:212662dd83a92e7b1d8b7787c320c889bc7a606181a0b1b25f3782c620f86e8b,train
data/raw/malignant/760.jpg,malignant\760.jpg,760.jpg,malignant,1,2f396bccf9bdf511df6b2e421e5f9f3fa61a45f2626208cbb977e9cbee2eab82,1111000011100000111000001100100011001000110100001101100011111001,sha:2f396bccf9bdf511df6b2e421e5f9f3fa61a45f2626208cbb977e9cbee2eab82,train
data/raw/malignant/761.jpg,malignant\761.jpg,761.jpg,malignant,1,b9eb55b7ae2e43a4fdeb0aa413c8d58ca3c672aa744d08926669266a1ccf4581,1011001010110010100010001100101001001010100010001000000000100000,sha:b9eb55b7ae2e43a4fdeb0aa413c8d58ca3c672aa744d08926669266a1ccf4581,train
data/raw/malignant/765.jpg,malignant\765.jpg,765.jpg,malignant,1,21335f05c39d992d94d4e345d5845b57ce5d9829fc01e24012a97a523f09eac0,1001000011000000110011001100011011000110110011001100100011010100,sha:21335f05c39d992d94d4e345d5845b57ce5d9829fc01e24012a97a523f09eac0,train
data/raw/malignant/766.jpg,malignant\766.jpg,766.jpg,malignant,1,885cc0cbe2e60b43ef891d9ca60e3ec770d54905bb95682d7f63cb075c38fe74,0000100000001000000011110000111100101111001011110001011001010110,sha:885cc0cbe2e60b43ef891d9ca60e3ec770d54905bb95682d7f63cb075c38fe74,train
data/raw/malignant/768.jpg,malignant\768.jpg,768.jpg,malignant,1,19a74bc9c33324990897b3195d50de40b276e100a31c5262660725c106db664a,0110110001100100001001000010000000010000000100000001000000010000,sha:19a74bc9c33324990897b3195d50de40b276e100a31c5262660725c106db664a,train
data/raw/malignant/769.jpg,malignant\769.jpg,769.jpg,malignant,1,19a74bc9c33324990897b3195d50de40b276e100a31c5262660725c106db664a,0110110001100100001001000010000000010000000100000001000000010000,sha:19a74bc9c33324990897b3195d50de40b276e100a31c5262660725c106db664a,train
data/raw/malignant/77.jpg,malignant\77.jpg,77.jpg,malignant,1,e0855ebf71d73bfb5dd7a8e51c915eefbe998ee26a7d0ade0305c07b545978df,1101100011001000100011001000111010001110100111001000110011101000,sha:e0855ebf71d73bfb5dd7a8e51c915eefbe998ee26a7d0ade0305c07b545978df,train
data/raw/malignant/772.jpg,malignant\772.jpg,772.jpg,malignant,1,fd702bcf609d8ff49a6918c8147febfe0cff5e239af01524305bd6b173041f0a,0001111100011111000011110010111010001110100011100000111101001110,sha:fd702bcf609d8ff49a6918c8147febfe0cff5e239af01524305bd6b173041f0a,train
data/raw/malignant/774.jpg,malignant\774.jpg,774.jpg,malignant,1,d4053457358998e00f475cf2e6e7cbe83a08517047d290b9ea725977c44382d6,1000011011000110000111010100110101001110000011100110000011100001,sha:d4053457358998e00f475cf2e6e7cbe83a08517047d290b9ea725977c44382d6,train
data/raw/malignant/777.jpg,malignant\777.jpg,777.jpg,malignant,1,ce855100567d7b3de09654024e8582cfd49c773b9cfe22c07c09f826448f9943,0111110001111000111110001111000011100000111000001110000111000010,sha:ce855100567d7b3de09654024e8582cfd49c773b9cfe22c07c09f826448f9943,train
data/raw/malignant/779.jpg,malignant\779.jpg,779.jpg,malignant,1,6f839d2bfe947654ad213ebf6b4a39cb1981161a7ca4fe5ba31da00d760c128b,1101001111110110111000001110110011101100111001101110110011101111,sha:6f839d2bfe947654ad213ebf6b4a39cb1981161a7ca4fe5ba31da00d760c128b,train
data/raw/malignant/78.jpg,malignant\78.jpg,78.jpg,malignant,1,be099a9909cecf4a4bdcb99a2dfa5e6833c34bc9c9c8b83d9b49df92efc02918,1111000011111000111110001111100011110000111000001111000011110000,sha:be099a9909cecf4a4bdcb99a2dfa5e6833c34bc9c9c8b83d9b49df92efc02918,train
data/raw/malignant/780.jpg,malignant\780.jpg,780.jpg,malignant,1,abc1bfcf1fa2c9b03217e56c30cba7e429085f52eee69f6cd3e44bfff4a8fced,0111001010111100100111001001110010011100110111100101101001111000,sha:abc1bfcf1fa2c9b03217e56c30cba7e429085f52eee69f6cd3e44bfff4a8fced,train
data/raw/malignant/781.jpg,malignant\781.jpg,781.jpg,malignant,1,d7229f64da1d5f4d0ca55f677661d2889004446ad000e5ef06528d125fd273da,1111000011110000111100001110000011100000111000001110000011100000,sha:d7229f64da1d5f4d0ca55f677661d2889004446ad000e5ef06528d125fd273da,train
data/raw/malignant/783.jpg,malignant\783.jpg,783.jpg,malignant,1,f2fbb781ab31b26109558aae53d5c93ad4a075ef05a86f8158d3d9a3bcc52191,0011100100111001111110001011000110110001001100101111101110111111,sha:f2fbb781ab31b26109558aae53d5c93ad4a075ef05a86f8158d3d9a3bcc52191,train
data/raw/malignant/784.jpg,malignant\784.jpg,784.jpg,malignant,1,d67ae3e8f33abd1844a0cd345f61ff2c4ce2fdb38c85bf370e331bdff5872a62,1111000101110010110100100110111001101111111111011111011111111111,sha:d67ae3e8f33abd1844a0cd345f61ff2c4ce2fdb38c85bf370e331bdff5872a62,train
data/raw/malignant/787.jpg,malignant\787.jpg,787.jpg,malignant,1,d7a6917918a4b98b7d6699b3a29163426af5b82e1fd988b805b8054294a58e5d,1111100011111000110010001100110011001100110100001011000011100000,sha:d7a6917918a4b98b7d6699b3a29163426af5b82e1fd988b805b8054294a58e5d,train
data/raw/malignant/789.jpg,malignant\789.jpg,789.jpg,malignant,1,95c468dc9e5868a094eae97d83adeb333b919e929ea55ea970726d99f88c999f,0010000001100000010000000000100000101000001100000111000111000001,sha:95c468dc9e5868a094eae97d83adeb333b919e929ea55ea970726d99f88c999f,train
data/raw/malignant/79.jpg,malignant\79.jpg,79.jpg,malignant,1,3ba9bd5054627ad7a176ecc50634349cd11953d1b6d6fa203ee6043794f1e04a,1001110000011100000111000001111000011110000011101000111010011100,sha:3ba9bd5054627ad7a176ecc50634349cd11953d1b6d6fa203ee6043794f1e04a,train
data/raw/malignant/790.jpg,malignant\790.jpg,790.jpg,malignant,1,f44e890f8244bdeac9cd13af832de7237711f0fc01daf62b33a4b2978bb63a8b,1111111011110100111001101110100101111010011110100111111000111110,sha:f44e890f8244bdeac9cd13af832de7237711f0fc01daf62b33a4b2978bb63a8b,train
data/raw/malignant/793.jpg,malignant\793.jpg,793.jpg,malignant,1,fcd99c5c0ae49a6ecc9b21d5e8162875e3e5455946711573c09df674dc03ad29,0110110011011010111111101111111011111110111111001111100011111000,sha:fcd99c5c0ae49a6ecc9b21d5e8162875e3e5455946711573c09df674dc03ad29,train
data/raw/malignant/795.jpg,malignant\795.jpg,795.jpg,malignant,1,2d5b7aaca57c92ae2251975403ab1694ac3cf47450ee4b623cb3470ac998f7f8,0111100011111000111100001110100011100000110100001000000000000000,sha:2d5b7aaca57c92ae2251975403ab1694ac3cf47450ee4b623cb3470ac998f7f8,train
data/raw/malignant/799.jpg,malignant\799.jpg,799.jpg,malignant,1,693f18d37452cebb37f2b7425eb5108105a3ac32983b3c683928a08fcc1b294a,1100110011000110110001101100011011001100010011001100110011111000,sha:693f18d37452cebb37f2b7425eb5108105a3ac32983b3c683928a08fcc1b294a,train
data/raw/malignant/80.jpg,malignant\80.jpg,80.jpg,malignant,1,46aad1991ad452221713c724cdf08af8bfe57c79a597fe173a3520adc5692dfd,1111000011110000110011001100110011001100111010001111000011110000,sha:46aad1991ad452221713c724cdf08af8bfe57c79a597fe173a3520adc5692dfd,train
data/raw/malignant/800.jpg,malignant\800.jpg,800.jpg,malignant,1,17292abc4ea16f50dabbc3a3046892de7afdfe7fea5dd5f3a123b0af95a3c014,0000000000000101000011110000111100001111000000110000011110001111,sha:17292abc4ea16f50dabbc3a3046892de7afdfe7fea5dd5f3a123b0af95a3c014,train
data/raw/malignant/801.jpg,malignant\801.jpg,801.jpg,malignant,1,4b91f0adf432b26678be341653eed19bf3d4fac90bd6673474986297d954b2ee,0000000000000000010000001100010011000100111000001111000011111100,sha:4b91f0adf432b26678be341653eed19bf3d4fac90bd6673474986297d954b2ee,train
data/raw/malignant/802.jpg,malignant\802.jpg,802.jpg,malignant,1,280d321788964eb7d8d5de76481f2315e46848509c26720cc3572c0bd6626e00,1011100011111000011110001111110011111100111011101110111011011111,sha:280d321788964eb7d8d5de76481f2315e46848509c26720cc3572c0bd6626e00,train
data/raw/malignant/803.jpg,malignant\803.jpg,803.jpg,malignant,1,764c2d26e8923222f8467b95e1ae51fe888c06ccc2c31772f0e38f56fe5268a2,1000000000000000110000001000001010001000110000001110000011100000,sha:764c2d26e8923222f8467b95e1ae51fe888c06ccc2c31772f0e38f56fe5268a2,train
data/raw/malignant/805.jpg,malignant\805.jpg,805.jpg,malignant,1,71f2994dc23ce6c37bb5c4a1c943efba9ca973e5961d3acd514469f9697c413c,1110010011000110100001101001111110001111100011111001111011001000,sha:71f2994dc23ce6c37bb5c4a1c943efba9ca973e5961d3acd514469f9697c413c,train
data/raw/malignant/806.jpg,malignant\806.jpg,806.jpg,malignant,1,9f0ea7380e71333a6197dbbd68153b2861a8afa4d6cfaa7d07739a16f3fb8901,1001101010001110110011001100111011001110010011000111100011111000,sha:9f0ea7380e71333a6197dbbd68153b2861a8afa4d6cfaa7d07739a16f3fb8901,train
data/raw/malignant/807.jpg,malignant\807.jpg,807.jpg,malignant,1,5fb3b70a9931d7d2e4d90b653b64edd249eb203a41a2ca2f1d4cbb8a2d263769,1111110111111101111101001100110011001100111000001110000011100000,sha:5fb3b70a9931d7d2e4d90b653b64edd249eb203a41a2ca2f1d4cbb8a2d263769,train
data/raw/malignant/809.jpg,malignant\809.jpg,809.jpg,malignant,1,cf2e67bef3b237abd5a62e0b1c2e6e5da1b5e988b5275b0d9a602ef0aa2a5bbf,1111100011110100111101001110110011101100111110001111110011111101,sha:cf2e67bef3b237abd5a62e0b1c2e6e5da1b5e988b5275b0d9a602ef0aa2a5bbf,train
data/raw/malignant/810.jpg,malignant\810.jpg,810.jpg,malignant,1,49372520e603756bb8539e34171f86f3f8ac0c616d7217a20a2982e21ac36574,1111100011111000110000000000100000001101000010000000100000000000,sha:49372520e603756bb8539e34171f86f3f8ac0c616d7217a20a2982e21ac36574,train
data/raw/malignant/811.jpg,malignant\811.jpg,811.jpg,malignant,1,f442ea77828ef4fe90c0bb6471c537ff980d358e77a38eb4a810114df110cdbc,0100000010010000000010000001110000011100000111000001110010001100,sha:f442ea77828ef4fe90c0bb6471c537ff980d358e77a38eb4a810114df110cdbc,train
data/raw/malignant/812.jpg,malignant\812.jpg,812.jpg,malignant,1,5fbb81735fc4d0a141d26224db6d55e7a5dd4546ee92c5cc95c235846c6f1fcd,1111000011110000111100001111000011110000111111001111110011110000,sha:5fbb81735fc4d0a141d26224db6d55e7a5dd4546ee92c5cc95c235846c6f1fcd,train
data/raw/malignant/813.jpg,malignant\813.jpg,813.jpg,malignant,1,76e0a3d9e694d244c81cf59b6d7feac56453c44c0c5c69d8a15825271e9051fa,1111100011111100000101100000111100001110010001101100110011101000,sha:76e0a3d9e694d244c81cf59b6d7feac56453c44c0c5c69d8a15825271e9051fa,train
data/raw/malignant/814.jpg,malignant\814.jpg,814.jpg,malignant,1,0df74d6860b18a803974c47fa854985d11f2f761c7c493dab34a782d92cc5290,1111000011110000110001001000011010001110110011001110000011100000,sha:0df74d6860b18a803974c47fa854985d11f2f761c7c493dab34a782d92cc5290,train
data/raw/malignant/815.jpg,malignant\815.jpg,815.jpg,malignant,1,6793b12d9d31664311df992f36b625acf92e17c0a5f225c6bfe46f63348ad2d5,1111000001100000110011001000110011001100110010001111000011110000,sha:6793b12d9d31664311df992f36b625acf92e17c0a5f225c6bfe46f63348ad2d5,train
data/raw/malignant/816.jpg,malignant\816.jpg,816.jpg,malignant,1,f55cb19b0bca8fd71bdec525089174d82da26d34d8d380e083e3c917934e857e,1101000010111100001101100011011000010110100001101100011011100100,sha:f55cb19b0bca8fd71bdec525089174d82da26d34d8d380e083e3c917934e857e,train
data/raw/malignant/818.jpg,malignant\818.jpg,818.jpg,malignant,1,34ffeb153ec31edff6e2a27ce3d2204607efdbe6259a54827064dfd061e60107,0010110000001111000011110000011100000111000000110010001100000111,sha:34ffeb153ec31edff6e2a27ce3d2204607efdbe6259a54827064dfd061e60107,train
data/raw/malignant/820.jpg,malignant\820.jpg,820.jpg,malignant,1,e8edf6223f3a95c4a699d6c4d2890ebfff584b9e66875f0cbfd15536b75df563,1101111011011110010011100100101101101111001001111001000111010001,sha:e8edf6223f3a95c4a699d6c4d2890ebfff584b9e66875f0cbfd15536b75df563,train
data/raw/malignant/823.jpg,malignant\823.jpg,823.jpg,malignant,1,e3c3955e65fc37cf71704435977e4b798d35e598b5a76ba8961ec0aaf812e5a7,0010111000110110001101110010011100001111000011110001111110001111,sha:e3c3955e65fc37cf71704435977e4b798d35e598b5a76ba8961ec0aaf812e5a7,train
data/raw/malignant/824.jpg,malignant\824.jpg,824.jpg,malignant,1,269dd79fa41bba59c0dd4beadad5f81f8e5764fc9a00ea6e011a7b51db41f2a6,1110000011010000100011001000111011001110110011001110110011100000,sha:269dd79fa41bba59c0dd4beadad5f81f8e5764fc9a00ea6e011a7b51db41f2a6,train
data/raw/malignant/825.jpg,malignant\825.jpg,825.jpg,malignant,1,ec9e456ddd838ca1b712f9fb4032d782bbb667eea2f7697dad82d72f9a489352,1001110010011110000111100000111100001111100011111001111011011000,sha:ec9e456ddd838ca1b712f9fb4032d782bbb667eea2f7697dad82d72f9a489352,train
data/raw/malignant/829.jpg,malignant\829.jpg,829.jpg,malignant,1,9aab657d4dd941dd864d5ab01443dcd68bea3e09c0a98e77cc09c4d90db1a945,1100010011001100110011100001111000011110000011100100011011110010,sha:9aab657d4dd941dd864d5ab01443dcd68bea3e09c0a98e77cc09c4d90db1a945,train
data/raw/malignant/833.jpg,malignant\833.jpg,833.jpg,malignant,1,ef41505ebdb0a229450932e5b5040e835505c68d5fe0e5c4e8d4e11aae27c535,1111100010011000100110011100101111101011101110101011110011111000,sha:ef41505ebdb0a229450932e5b5040e835505c68d5fe0e5c4e8d4e11aae27c535,train
data/raw/malignant/835.jpg,malignant\835.jpg,835.jpg,malignant,1,b3c04af808432f7451eb194b5ed547b0c27b6f7250a7cfb1e52318aca56096b0,1111000011110000111010001100110011001100111000001111000011110000,sha:a7a0905369375b10b76dc0adc2e21488f1217a2c7306e3ae76807fcd5eda78b1,train
data/raw/malignant/84.jpg,malignant\84.jpg,84.jpg,malignant,1,9c028633177ac207e7e76a5ed6e6cb5f0cafd5a593c09603220a5f776f8b0398,1101010010111000101110001111000011110000110100101111001111110000,sha:9c028633177ac207e7e76a5ed6e6cb5f0cafd5a593c09603220a5f776f8b0398,train
data/raw/malignant/840.jpg,malignant\840.jpg,840.jpg,malignant,1,aac27293ef2ca2325f1b3e31915e5d683f62230bd2bea5ce5478e3e256d90ade,1111000011100000111100001111100011110100110111001101110011110000,sha:aac27293ef2ca2325f1b3e31915e5d683f62230bd2bea5ce5478e3e256d90ade,train
data/raw/malignant/842.jpg,malignant\842.jpg,842.jpg,malignant,1,84878d64aaf578ee2268c7ad607e22b872edc1758f1c0b6c1bad8c357808ff7b,1111000011110000111100001110100011101000111100001111000011110000,sha:84878d64aaf578ee2268c7ad607e22b872edc1758f1c0b6c1bad8c357808ff7b,train
data/raw/malignant/843.jpg,malignant\843.jpg,843.jpg,malignant,1,8a2832b659121a22d40d92eaa8e5cb80eea86c0de58d1859fd90b397c37bf2b0,1101010010011000100110101001101110011011101000111110100011101000,sha:8a2832b659121a22d40d92eaa8e5cb80eea86c0de58d1859fd90b397c37bf2b0,train
data/raw/malignant/844.jpg,malignant\844.jpg,844.jpg,malignant,1,15053adba6b4341f56b9d90b059f70b36d245997f9ac05c909d154f4da366975,1001110010011110100011111000111110000111110001111110011111000110,sha:15053adba6b4341f56b9d90b059f70b36d245997f9ac05c909d154f4da366975,train
data/raw/malignant/846.jpg,malignant\846.jpg,846.jpg,malignant,1,d812398749a0f0260848ee450c626fee9a2936a6cda243fe411d061aa09fed47,1000110000001011000000110001011000111110001111100011110000101100,sha:d812398749a0f0260848ee450c626fee9a2936a6cda243fe411d061aa09fed47,train
data/raw/malignant/848.jpg,malignant\848.jpg,848.jpg,malignant,1,f5a1b9788d6f70b2a7caf567f80e91786780419291a3d787a067ce8696861064,1100100011100100100001001000111010001110110011001100100011111000,sha:f5a1b9788d6f70b2a7caf567f80e91786780419291a3d787a067ce8696861064,train
data/raw/malignant/849.jpg,malignant\849.jpg,849.jpg,malignant,1,3b261700cfbded1b52f35b60adc28c270ce987701fe6c6d20196e34521aca9f1,0001110000011110000111100001111000001110000011100000111000001100,sha:3b261700cfbded1b52f35b60adc28c270ce987701fe6c6d20196e34521aca9f1,train
data/raw/malignant/850.jpg,malignant\850.jpg,850.jpg,malignant,1,b1955772908a928b8cbe20e8b928b7260680be59fb63a3368247fd8c8f1eb339,1110000011110100011001100110011010100110110000101110000011100000,sha:b1955772908a928b8cbe20e8b928b7260680be59fb63a3368247fd8c8f1eb339,train
data/raw/malignant/851.jpg,malignant\851.jpg,851.jpg,malignant,1,74137273ddffdf86541ec428a9fd9584e4584d9d2e6d5bf5585a063fcf74bf8e,1001100010011110100011100010001000111000001110000110100111101000,sha:74137273ddffdf86541ec428a9fd9584e4584d9d2e6d5bf5585a063fcf74bf8e,train
data/raw/malignant/853.jpg,malignant\853.jpg,853.jpg,malignant,1,2588f8ae766859cb4934c85df089abc4cba0de530c33780d6f441e918388b361,1111000011110000111000001100110011001000110111001111110011110000,sha:2588f8ae766859cb4934c85df089abc4cba0de530c33780d6f441e918388b361,train
data/raw/malignant/854.jpg,malignant\854.jpg,854.jpg,malignant,1,cf29a8f7145afd015b3a4a2dd4c98cc19dfa8fe723c79c900569781469a92a6d,0110001000001111000011110000111100001111000011100100111010000110,sha:cf29a8f7145afd015b3a4a2dd4c98cc19dfa8fe723c79c900569781469a92a6d,train
data/raw/malignant/857.jpg,malignant\857.jpg,857.jpg,malignant,1,1873c3944994c204f052db046b3fee01d7b4c7dcd1e634739e4683c3756645ab,1100001111000011100011111000111100001111000011110100111101100111,sha:1873c3944994c204f052db046b3fee01d7b4c7dcd1e634739e4683c3756645ab,train
data/raw/malignant/86.jpg,malignant\86.jpg,86.jpg,malignant,1,138dc893207c2c5dbf8767ae1aa5485c397e22d0eae979035f08b45147ef54ef,1111000011100100110011101100111011001110110011101111001011111000,sha:138dc893207c2c5dbf8767ae1aa5485c397e22d0eae979035f08b45147ef54ef,train
data/raw/malignant/860.jpg,malignant\860.jpg,860.jpg,malignant,1,d54eabe75df1c9d9e27c149a7356c2c488bdb4acbf751e11c42e21f5f19d1bcf,1111000011111000110011001100110011001100110011001111100011110000,sha:d54eabe75df1c9d9e27c149a7356c2c488bdb4acbf751e11c42e21f5f19d1bcf,train
data/raw/malignant/862.jpg,malignant\862.jpg,862.jpg,malignant,1,a99beb22eeb81c9a6387721e3b79d119d2e062933322e3e1e267da9ca091a948,1100011011100110110011101100111110010111101100110010101110101110,sha:a99beb22eeb81c9a6387721e3b79d119d2e062933322e3e1e267da9ca091a948,train
data/raw/malignant/863.jpg,malignant\863.jpg,863.jpg,malignant,1,e6e0a474aaf6e60a3fc8510f8e95efe07973c00f1759d71096f1016f841ac7fd,0000111000001110000011110000111100001111000011110000111110001111,sha:e6e0a474aaf6e60a3fc8510f8e95efe07973c00f1759d71096f1016f841ac7fd,train
data/raw/malignant/865.jpg,malignant\865.jpg,865.jpg,malignant,1,03b13e010c2076456d8dcfb1034918f8e4d2fae4ecbf69811c72f4538e97ee54,1111000010110000111110001100110011001000111000001111000011110000,sha:03b13e010c2076456d8dcfb1034918f8e4d2fae4ecbf69811c72f4538e97ee54,train
data/raw/malignant/869.jpg,malignant\869.jpg,869.jpg,malignant,1,00e22a65ea1a23af6d940cfffa94d6e77c847d72745fff3b82544bcb1232f1ec,1111011010001000100011101000111010001111100011111010001011100010,sha:00e22a65ea1a23af6d940cfffa94d6e77c847d72745fff3b82544bcb1232f1ec,train
data/raw/malignant/872.jpg,malignant\872.jpg,872.jpg,malignant,1,a0b5673c44dea41d77c3d13f2447c49661071945379c321f9312b12bce7ee5e2,1111100010011100100111100001111000011110100001101011011011110000,sha:a0b5673c44dea41d77c3d13f2447c49661071945379c321f9312b12bce7ee5e2,train
data/raw/malignant/873.jpg,malignant\873.jpg,873.jpg,malignant,1,7dcfc0f99d8f36ed7ca459409caf21ebdcb0c990e42fbff2b197abc46498baec,1111000011011100100011101001111100011011100110011001110010110100,sha:7dcfc0f99d8f36ed7ca459409caf21ebdcb0c990e42fbff2b197abc46498baec,train
data/raw/malignant/876.jpg,malignant\876.jpg,876.jpg,malignant,1,2c5739a49d7147a32f0ea84e109be61bec90395fc01b19940e156b827ca0ab54,1111000011010110110001101001011110010110100111101111100011111000,sha:2c5739a49d7147a32f0ea84e109be61bec90395fc01b19940e156b827ca0ab54,train
data/raw/malignant/877.jpg,malignant\877.jpg,877.jpg,malignant,1,109676b9dd9f7e241b50ba6a96243b6fd58e3aca4c9c1670ccf1ca8b20c99f47,1100100011110000111100001111000011001000110000001100000111000011,sha:109676b9dd9f7e241b50ba6a96243b6fd58e3aca4c9c1670ccf1ca8b20c99f47,train
data/raw/malignant/878.jpg,malignant\878.jpg,878.jpg,malignant,1,2512583f06458c905774ab4dde8f126cda227e82eacf3a39fbc0eff0e5961b60,0010100010001110000011110011111100011111100101101001011010001010,sha:2512583f06458c905774ab4dde8f126cda227e82eacf3a39fbc0eff0e5961b60,train
data/raw/malignant/879.jpg,malignant\879.jpg,879.jpg,malignant,1,73ec861611ed025ec5af780742d252f5bdcca325b7f1e3bd33b55fe00247addf,0010001000100110001111000011100000111000001100001010000000101100,sha:73ec861611ed025ec5af780742d252f5bdcca325b7f1e3bd33b55fe00247addf,train
data/raw/malignant/88.jpg,malignant\88.jpg,88.jpg,malignant,1,c72d74665cf5d11a47d8bc12c037655b16cfb3df3edff26cfa5ebc7f73a8a445,1110100011101000111000001110000011100000110101001101010011110000,sha:c72d74665cf5d11a47d8bc12c037655b16cfb3df3edff26cfa5ebc7f73a8a445,train
data/raw/malignant/883.jpg,malignant\883.jpg,883.jpg,malignant,1,c57d0f108c3b763b131c53d1e11c94e5505a84cdb055106755671923190993ce,0110110011111000100111001000111010001110100011111000111100100111,sha:c57d0f108c3b763b131c53d1e11c94e5505a84cdb055106755671923190993ce,train
data/raw/malignant/884.jpg,malignant\884.jpg,884.jpg,malignant,1,97b97ee856d9f55db603d41cb7225fd01e28a4fbbb440c51222ff4ba39e4e31c,1001110100100111011000110110101101101011111110011111100100111001,sha:97b97ee856d9f55db603d41cb7225fd01e28a4fbbb440c51222ff4ba39e4e31c,train
data/raw/malignant/885.jpg,malignant\885.jpg,885.jpg,malignant,1,b0ad3e4c28de52ee052a53dd5cbaa41b2ab19ee2261bcfd73b7207fcea0253f0,0110000001100101011001010110010101000111100001111000011010000100,sha:b0ad3e4c28de52ee052a53dd5cbaa41b2ab19ee2261bcfd73b7207fcea0253f0,train
data/raw/malignant/886.jpg,malignant\886.jpg,886.jpg,malignant,1,ee503ee5d9570932dfd9edc9a1cc00ffaf2d981b730af088f49abc7aacfeeff8,0000001100100011001000110000001100100001001001010001110000011111,sha:fa7c26792d6def3b18faf3951dffd705a35647b1eb28aa89d6aef39abe982758,train
data/raw/malignant/889.jpg,malignant\889.jpg,889.jpg,malignant,1,df2f3b02781e3645ce8e5d4f74f1f56ab798cb2024b24dd310373354468ef4ae,1111100011101000100011101000111010001110100011101001111011011000,sha:df2f3b02781e3645ce8e5d4f74f1f56ab798cb2024b24dd310373354468ef4ae,train
data/raw/malignant/89.jpg,malignant\89.jpg,89.jpg,malignant,1,03bfc53ae1ec1053859512a25054a452499b767bd4b4c685ec75fdce26218eb5,1110010011000100110001001000011010000100110110001100000011100000,sha:03bfc53ae1ec1053859512a25054a452499b767bd4b4c685ec75fdce26218eb5,train
data/raw/malignant/891.jpg,malignant\891.jpg,891.jpg,malignant,1,d8e859c46a1c204c6626397c1f525be0f61b5c50c65a3e59d8b2cad22fdc0f9d,1100110111001111000011110000011100011110000011101000111110000001,sha:d8e859c46a1c204c6626397c1f525be0f61b5c50c65a3e59d8b2cad22fdc0f9d,train
data/raw/malignant/892.jpg,malignant\892.jpg,892.jpg,malignant,1,c8f140681dd38ae7c6356684454acd0d0c86031f8ec68bc65711ab66c0ea92bc,1110000011100000111000001000110001001100111010001100100011100000,sha:c8f140681dd38ae7c6356684454acd0d0c86031f8ec68bc65711ab66c0ea92bc,train
data/raw/malignant/895.jpg,malignant\895.jpg,895.jpg,malignant,1,8220b25076b0d259f6247bd0ac2349fffc8f0e924661a1dca124236dc292e3e5,1110010011001100110011001000111010001110100011001101100011111000,sha:8220b25076b0d259f6247bd0ac2349fffc8f0e924661a1dca124236dc292e3e5,train
data/raw/malignant/896.jpg,malignant\896.jpg,896.jpg,malignant,1,ef88f4301a6e2ce49bdab372477a8f9e680042b8208a73aeb9954e02c802398f,1001110010011100100111101001111010001110100011101000011011001100,sha:ef88f4301a6e2ce49bdab372477a8f9e680042b8208a73aeb9954e02c802398f,train
data/raw/malignant/897.jpg,malignant\897.jpg,897.jpg,malignant,1,53cc12dc67a1f01a0cf7a6b2daae5a2aa85e59e7bc773e65eb63b68ef2c40918,1100110010001100100011110001111100011111100111101100111011111100,sha:53cc12dc67a1f01a0cf7a6b2daae5a2aa85e59e7bc773e65eb63b68ef2c40918,train
data/raw/malignant/9.jpg,malignant\9.jpg,9.jpg,malignant,1,fccac29fa5e06a71fe58864c16f0a510d66d31582872b52bcd1faa6c960fc10e,1111000011110000111100001100110010001100100011001101100011110000,sha:fccac29fa5e06a71fe58864c16f0a510d66d31582872b52bcd1faa6c960fc10e,train
data/raw/malignant/900.jpg,malignant\900.jpg,900.jpg,malignant,1,356e6867fc88aa77c756c816dce5f6133065d63bef12a9e24dfde9b5d31f2102,1111000011100000111010001110110011001100111010001111100011110000,sha:356e6867fc88aa77c756c816dce5f6133065d63bef12a9e24dfde9b5d31f2102,train
data/raw/malignant/901.jpg,malignant\901.jpg,901.jpg,malignant,1,c0af929e7d96eeee43c803cbf3cc5d497dda201883860b6a8f3b6c24d7202028,1011001010011011100010110000101100001011000110110001001110000001,sha:c0af929e7d96eeee43c803cbf3cc5d497dda201883860b6a8f3b6c24d7202028,train
data/raw/malignant/903.jpg,malignant\903.jpg,903.jpg,malignant,1,29eae8a50729b45960f95bfb5023b632e0bda73f3dec0a2f01c43a9c5aad2aca,1111000010010000100011001000110010000100110011011101100011100010,sha:29eae8a50729b45960f95bfb5023b632e0bda73f3dec0a2f01c43a9c5aad2aca,train
data/raw/malignant/904.jpg,malignant\904.jpg,904.jpg,malignant,1,c221f375fb9d7c79109bc4143023576faa40fa331a70a1eb919060712b49cdb0,1110000000110010110110000111100101100101011011011001110110011010,sha:c221f375fb9d7c79109bc4143023576faa40fa331a70a1eb919060712b49cdb0,train
data/raw/malignant/906.jpg,malignant\906.jpg,906.jpg,malignant,1,f934535730413d06cb1db72a996a1e086b551d42ce98255639b9c12a066a6cc3,1100011011001110110011101000110010001111000011111000101110001011,sha:f934535730413d06cb1db72a996a1e086b551d42ce98255639b9c12a066a6cc3,train
data/raw/malignant/907.jpg,malignant\907.jpg,907.jpg,malignant,1,ed9a3a093100bd883c8bc4c3e017a30b643c52fe3548682e41e324d322242d74,1110110011011100000111100011111000001110100011101000111011001100,sha:ed9a3a093100bd883c8bc4c3e017a30b643c52fe3548682e41e324d322242d74,train
data/raw/malignant/908.jpg,malignant\908.jpg,908.jpg,malignant,1,76e1a3a0670f4b276fb29123bd23aad8907bd9a65e66acccdfb535adfb2fd031,1110000011100000110010001100110011001100111011001111000011110000,sha:76e1a3a0670f4b276fb29123bd23aad8907bd9a65e66acccdfb535adfb2fd031,train
data/raw/malignant/910.jpg,malignant\910.jpg,910.jpg,malignant,1,da400cdb3d6649d470bfe6ca850f5a1c5a966697c41a4b1436e49643a9649bfa,0001111000011110000111110000111100011111000111010000111011001110,sha:da400cdb3d6649d470bfe6ca850f5a1c5a966697c41a4b1436e49643a9649bfa,train
data/raw/malignant/912.jpg,malignant\912.jpg,912.jpg,malignant,1,e8b1f1bd2be3658248c91f1291c800c8a4d1fe6d85b5b277f2cc4315ed4f213b,1100110010001110100011110000111100011110100111101001011011100100,sha:e8b1f1bd2be3658248c91f1291c800c8a4d1fe6d85b5b277f2cc4315ed4f213b,train
data/raw/malignant/913.jpg,malignant\913.jpg,913.jpg,malignant,1,5fa4d5c0d8fe65c3283a1dcd9a8bb50c5325868dfc8f6431ff32a4c0ba66d529,1000110011001110100001110011011000111100001111001111100111110001,sha:5fa4d5c0d8fe65c3283a1dcd9a8bb50c5325868dfc8f6431ff32a4c0ba66d529,train
data/raw/malignant/915.jpg,malignant\915.jpg,915.jpg,malignant,1,93f347e56383b183ab0c81f9792dcc08d6330622d49042a7efa3dfd0521d6f4b,0111101000111110100101101000011010001110110011111100011010000110,sha:93f347e56383b183ab0c81f9792dcc08d6330622d49042a7efa3dfd0521d6f4b,train
data/raw/malignant/916.jpg,malignant\916.jpg,916.jpg,malignant,1,0d82cc36054b7f12d0f4a06b239799f56a6c5230c6595feb272efa9ea14713b8,1000100000101010000111110001111100001111000001111000011111000000,sha:0d82cc36054b7f12d0f4a06b239799f56a6c5230c6595feb272efa9ea14713b8,train
data/raw/malignant/917.jpg,malignant\917.jpg,917.jpg,malignant,1,a26393ad7e932a15aeaec90dd472e7a18dea6505d085289901528ae7af6b79bf,1100000011110001011100110110001110100011111100101110000011010001,sha:a26393ad7e932a15aeaec90dd472e7a18dea6505d085289901528ae7af6b79bf,train
data/raw/malignant/918.jpg,malignant\918.jpg,918.jpg,malignant,1,f59d4c6224cdba1689789cbf063b42ade7ba38349b3c53216be951b84ca60269,1000010000000110000011100000111000001110000011000001110000011000,sha:f59d4c6224cdba1689789cbf063b42ade7ba38349b3c53216be951b84ca60269,train
data/raw/malignant/919.jpg,malignant\919.jpg,919.jpg,malignant,1,71d7689fac114aba64dafd2fafc2cab6d7cf43ecd279fb3a6e4e7807e4c8bcee,0110000011100111101001100000011000000110000011101000111011101000,sha:71d7689fac114aba64dafd2fafc2cab6d7cf43ecd279fb3a6e4e7807e4c8bcee,train
data/raw/malignant/920.jpg,malignant\920.jpg,920.jpg,malignant,1,74cd5f8df877772dd4ca6371fd6caa9915fdbd16a30d6edff7f3f6722e0906c9,1111001011001011000101110000111100110111100111011000001111001110,sha:74cd5f8df877772dd4ca6371fd6caa9915fdbd16a30d6edff7f3f6722e0906c9,train
data/raw/malignant/921.jpg,malignant\921.jpg,921.jpg,malignant,1,6ff32107cea4e15230a9f26504a3ad36dee0522b0ae054d6177e9eb9eb6c8e9e,1111001011100110100111101001111010011110100011101100110011110000,sha:6ff32107cea4e15230a9f26504a3ad36dee0522b0ae054d6177e9eb9eb6c8e9e,train
data/raw/malignant/922.jpg,malignant\922.jpg,922.jpg,malignant,1,c0a2982ab001ea0bbb6df54e7f03d0bb1473c3346bbba975c9ebc5e74b300014,0100111000001000100011000001111000001111100011111000011111001010,sha:c0a2982ab001ea0bbb6df54e7f03d0bb1473c3346bbba975c9ebc5e74b300014,train
data/raw/malignant/923.jpg,malignant\923.jpg,923.jpg,malignant,1,467fb69e8b9fa0a2ba11ab048585234cc7f64c68a0f72d0223190ca3e45d777b,1111000010001000100011100000111000011110000011101100110011010000,sha:467fb69e8b9fa0a2ba11ab048585234cc7f64c68a0f72d0223190ca3e45d777b,train
data/raw/malignant/924.jpg,malignant\924.jpg,924.jpg,malignant,1,e4675592292ac73fb6d48d1adfb7aeb23cdd3a8ce46b3569587cf062ddddca90,1011001000001110000011100000111000011110100111101000111010001110,sha:e4675592292ac73fb6d48d1adfb7aeb23cdd3a8ce46b3569587cf062ddddca90,train
data/raw/malignant/925.jpg,malignant\925.jpg,925.jpg,malignant,1,d65244fa8e9bff475bcd02d5680d00f4c2408661a840e8e903d8fbabfdbe6166,0010110100011111000111110011001100110011000001110000111100000011,sha:d65244fa8e9bff475bcd02d5680d00f4c2408661a840e8e903d8fbabfdbe6166,train
data/raw/malignant/926.jpg,malignant\926.jpg,926.jpg,malignant,1,86da62f6f85ef4bd7bd1e915d235949bf257683e4d8a1c53066803809ad77c53,1100011010001100100011000000111110001111111000101110000001100000,sha:86da62f6f85ef4bd7bd1e915d235949bf257683e4d8a1c53066803809ad77c53,train
data/raw/malignant/928.jpg,malignant\928.jpg,928.jpg,malignant,1,1c0514345940c50a708448c9223ead59fc6695964f5ce8b89e98a21efe259fe8,0001011100010111000011110001101100011111000111110001001000011110,sha:1c0514345940c50a708448c9223ead59fc6695964f5ce8b89e98a21efe259fe8,train
data/raw/malignant/929.jpg,malignant\929.jpg,929.jpg,malignant,1,f03b1afb5df1ad04db4b4c4ffffc3cca2ed22c5b3ac3cbf96f62ab3e5cf7557c,1101110011001100100011100000111000011110100111100001100010111000,sha:f03b1afb5df1ad04db4b4c4ffffc3cca2ed22c5b3ac3cbf96f62ab3e5cf7557c,train
data/raw/malignant/930.jpg,malignant\930.jpg,930.jpg,malignant,1,286e4e2abc98a23c14defae05ad11021384d72a2a28ed2fe4f01f0cf6c4ae6d3,1011000010001100100011110000111000001110100011101001011010011000,sha:286e4e2abc98a23c14defae05ad11021384d72a2a28ed2fe4f01f0cf6c4ae6d3,train
data/raw/malignant/931.jpg,malignant\931.jpg,931.jpg,malignant,1,ce3131270008b2ede4eff94c4b6ca88ddb7ae89ce8e9b7eb89741f33f8574af8,1111000001001010110011000000110000001100010011001101101011000010,sha:ce3131270008b2ede4eff94c4b6ca88ddb7ae89ce8e9b7eb89741f33f8574af8,train
data/raw/malignant/933.jpg,malignant\933.jpg,933.jpg,malignant,1,acca5f82732b758ce6069a516449124f4deba30ae98c765f9b2669b8eb27bd48,1000110000101000011010000110001101100011011001001010011010010100,sha:acca5f82732b758ce6069a516449124f4deba30ae98c765f9b2669b8eb27bd48,train
data/raw/malignant/936.jpg,malignant\936.jpg,936.jpg,malignant,1,fa7c26792d6def3b18faf3951dffd705a35647b1eb28aa89d6aef39abe982758,0000001100100011001000110000001100000001001001010001110000011110,sha:fa7c26792d6def3b18faf3951dffd705a35647b1eb28aa89d6aef39abe982758,train
data/raw/malignant/938.jpg,malignant\938.jpg,938.jpg,malignant,1,1b4dfe5ec040cc2681a49fe7db27e98e43f4ca0f013fb23214bb438f2c126285,1000001110011111000111110000111100011111000011110000111000001010,sha:1b4dfe5ec040cc2681a49fe7db27e98e43f4ca0f013fb23214bb438f2c126285,train
data/raw/malignant/94.jpg,malignant\94.jpg,94.jpg,malignant,1,8e5fc8a5b9eeff866d5f585852b142b98920e8e3b431e224bb15a59161dc8ee9,1100110011100010110011101000111010010111100100111100000011100000,sha:8e5fc8a5b9eeff866d5f585852b142b98920e8e3b431e224bb15a59161dc8ee9,train
data/raw/malignant/944.jpg,malignant\944.jpg,944.jpg,malignant,1,d2eea195d06aebd985cabfac754ac74e04d4bc3b9c2b317c0b18759dc6bb2148,0000111010001110000011110001111000001111000011100001111000011111,sha:d2eea195d06aebd985cabfac754ac74e04d4bc3b9c2b317c0b18759dc6bb2148,train
data/raw/malignant/945.jpg,malignant\945.jpg,945.jpg,malignant,1,d505a6ee3e30e02a048978e0343e4bccae583be3c6ce46015f10b56498dcbbdd,0111010011001100100011001000111011001110110101101101001011101000,sha:d505a6ee3e30e02a048978e0343e4bccae583be3c6ce46015f10b56498dcbbdd,train
data/raw/malignant/95.jpg,malignant\95.jpg,95.jpg,malignant,1,a206c9224e2bb1d431a51ce858616d62cb23df98195693d8369895104ff321d4,1110000011100000101101001001001000111000111110001111000011100000,sha:a206c9224e2bb1d431a51ce858616d62cb23df98195693d8369895104ff321d4,train
data/raw/malignant/951.jpg,malignant\951.jpg,951.jpg,malignant,1,00626ee6afa5bf41746889aaeba0ca8beef6a8cbaf55b1f720e7d4c276e53338,1110000011100000110011001100110011001100110011001111100011110000,sha:00626ee6afa5bf41746889aaeba0ca8beef6a8cbaf55b1f720e7d4c276e53338,train
data/raw/malignant/954.jpg,malignant\954.jpg,954.jpg,malignant,1,9672717a7a04d206c8bf6d95d1d1ab0f33087083ed2a3b72c5b3d8a75028dc7e,1100100011001100100110000001100100001001000011101000111011001100,sha:9672717a7a04d206c8bf6d95d1d1ab0f33087083ed2a3b72c5b3d8a75028dc7e,train
data/raw/malignant/955.jpg,malignant\955.jpg,955.jpg,malignant,1,08d4a98ee774e58478565674539bd7471975d886a6e60612a03dc4f93e71af57,1100111010001110100011110000111100001111000011111000111111001000,sha:08d4a98ee774e58478565674539bd7471975d886a6e60612a03dc4f93e71af57,train
data/raw/malignant/957.jpg,malignant\957.jpg,957.jpg,malignant,1,a73e1f125cd765d44f40708c12780c01006a7ebc10d353c48ddf43262ea46b3e,1111000011110000111010001100110011001100111100001111000011100000,sha:a7a0905369375b10b76dc0adc2e21488f1217a2c7306e3ae76807fcd5eda78b1,train
data/raw/malignant/958.jpg,malignant\958.jpg,958.jpg,malignant,1,c4c9e2eb8ef0ae9c5f5ceff983a6698a54ef1d29d10b459ddce1fe642e8b60ae,1101000010011100100111101000111100000111100001111100011011100100,sha:c4c9e2eb8ef0ae9c5f5ceff983a6698a54ef1d29d10b459ddce1fe642e8b60ae,train
data/raw/malignant/959.jpg,malignant\959.jpg,959.jpg,malignant,1,53d8789365cdf27fbe1dd1beb673e1079875eb42700e8b40bf26222ef3c25f6e,1111000011110000110100001110110011101100111110001111000011110000,sha:53d8789365cdf27fbe1dd1beb673e1079875eb42700e8b40bf26222ef3c25f6e,train
data/raw/malignant/960.jpg,malignant\960.jpg,960.jpg,malignant,1,8ea19e6eeaec863266b2bbeb6aee9f1b913582cf686a78b215fb43077f91dc84,1110000011100000110011001000111010001100110011001111000011110000,sha:8ea19e6eeaec863266b2bbeb6aee9f1b913582cf686a78b215fb43077f91dc84,train
data/raw/malignant/961.jpg,malignant\961.jpg,961.jpg,malignant,1,11a0eca8a39ac33088cf6eaa9679581e9204dcf434c80584fe9345841c850a6e,1111100011110000111001101100011011000110111110001111100011101100,sha:11a0eca8a39ac33088cf6eaa9679581e9204dcf434c80584fe9345841c850a6e,train
data/raw/malignant/962.jpg,malignant\962.jpg,962.jpg,malignant,1,4ed84b3c6fa5d2a3b539f4ced4efd4863f5359856acb987fee42a160c8875ba9,1000011100100111001001110101111100001111000011110000011110001110,sha:4ed84b3c6fa5d2a3b539f4ced4efd4863f5359856acb987fee42a160c8875ba9,train
data/raw/malignant/963.jpg,malignant\963.jpg,963.jpg,malignant,1,fb799a5c20af9332ed5ea66038bfacba6dc5285b02d97ac2b10123f4b59ca10d,1111100011111000111010001100110011001100111011001110100011101000,sha:fb799a5c20af9332ed5ea66038bfacba6dc5285b02d97ac2b10123f4b59ca10d,train
data/raw/malignant/964.jpg,malignant\964.jpg,964.jpg,malignant,1,0123fd6364b08123aa73d289c870eb039b28cdb45696c538bf50bb917e93c929,1111100011110000111110001110100011101000111100001111100011110000,sha:0123fd6364b08123aa73d289c870eb039b28cdb45696c538bf50bb917e93c929,train
data/raw/malignant/965.jpg,malignant\965.jpg,965.jpg,malignant,1,2a0c86cd32159a8144d0722abe1c092ca1eeb054cb679082b1b52b3c88ccba66,1111000011110000111100001110110011101000111100001111010011111000,sha:2a0c86cd32159a8144d0722abe1c092ca1eeb054cb679082b1b52b3c88ccba66,train
data/raw/malignant/967.jpg,malignant\967.jpg,967.jpg,malignant,1,0592094514632c76510ceae71e8c3391e5ae080cde8f895603744cfb17327619,1111100011111000111001001100011011001100110110001111000011111000,sha:0592094514632c76510ceae71e8c3391e5ae080cde8f895603744cfb17327619,train
data/raw/malignant/968.jpg,malignant\968.jpg,968.jpg,malignant,1,43b9e82119bc472a78df682d1a2e7f771d1f27943a01c2c16925ec64fdf232af,0100111000001111000001110001001100011011000111110001111000111001,sha:43b9e82119bc472a78df682d1a2e7f771d1f27943a01c2c16925ec64fdf232af,train
data/raw/malignant/969.jpg,malignant\969.jpg,969.jpg,malignant,1,7012575874f36341e88aad50fb5981d31e788de690b04d708022dee98a55e001,0000001000100111000000110000001100000011010000111000011111100110,sha:7012575874f36341e88aad50fb5981d31e788de690b04d708022dee98a55e001,train
data/raw/malignant/97.jpg,malignant\97.jpg,97.jpg,malignant,1,f26472b66abbddabc03b015ad2a5078b5588cadf62472072d1c9c9d6931f558c,1001100100011000000110000011110100111101001110010111100101101001,sha:f26472b66abbddabc03b015ad2a5078b5588cadf62472072d1c9c9d6931f558c,train
data/raw/malignant/970.jpg,malignant\970.jpg,970.jpg,malignant,1,3d289a3329e313cc70ec74c39145c9e48632bf35e59779eef83ea5bf7a53670b,0111110010011100111110001011001111100001110100011100100011001000,sha:3d289a3329e313cc70ec74c39145c9e48632bf35e59779eef83ea5bf7a53670b,train
data/raw/malignant/971.jpg,malignant\971.jpg,971.jpg,malignant,1,953876f8f3c9dc7cd861c9641b3b6072ec21e39c2525628d2734e00198424fd0,0100010001000111000001110000011100001111000011110000111110001111,sha:953876f8f3c9dc7cd861c9641b3b6072ec21e39c2525628d2734e00198424fd0,train
data/raw/malignant/975.jpg,malignant\975.jpg,975.jpg,malignant,1,7c9a8d3ccd209dc807a645c1596c684321b6ae306a5dc2dec0bbdcf392f0dd99,0000111000001111001001110011111101111011011100110011001111110110,sha:7c9a8d3ccd209dc807a645c1596c684321b6ae306a5dc2dec0bbdcf392f0dd99,train
data/raw/malignant/976.jpg,malignant\976.jpg,976.jpg,malignant,1,41ce2bec457a5e95a0241c4b2f223f2725351c4f0b31d97f0aa78f58f50ad70e,1000111110000111100001111000111100111111101100001011000011100000,sha:41ce2bec457a5e95a0241c4b2f223f2725351c4f0b31d97f0aa78f58f50ad70e,train
data/raw/malignant/977.jpg,malignant\977.jpg,977.jpg,malignant,1,a7a0905369375b10b76dc0adc2e21488f1217a2c7306e3ae76807fcd5eda78b1,1111000011110000111010001100110011001100111000001110000011100000,sha:a7a0905369375b10b76dc0adc2e21488f1217a2c7306e3ae76807fcd5eda78b1,train
data/raw/malignant/979.jpg,malignant\979.jpg,979.jpg,malignant,1,e2b6b8d32e416fbeb5c3f7d80d8754b6a1106bd7e21b7905026585fb534abfdc,0100011000001110000111110001101100010011000000110000101110000001,sha:e2b6b8d32e416fbeb5c3f7d80d8754b6a1106bd7e21b7905026585fb534abfdc,train
data/raw/malignant/98.jpg,malignant\98.jpg,98.jpg,malignant,1,edaea32cd2d5dcf41cb28a39fbd7be2b911a49fe3d273bda1f3dd977837fcb9c,1100100011001000100011001000111010001110100011001001100011100000,sha:edaea32cd2d5dcf41cb28a39fbd7be2b911a49fe3d273bda1f3dd977837fcb9c,train
data/raw/malignant/981.jpg,malignant\981.jpg,981.jpg,malignant,1,1c343c4559c79b89ea8761463c8e0f39e521b097b86fef32c8082d0c4428699b,0001011000011111011100110111001100110011000100010100100101101101,sha:1c343c4559c79b89ea8761463c8e0f39e521b097b86fef32c8082d0c4428699b,train
data/raw/malignant/982.jpg,malignant\982.jpg,982.jpg,malignant,1,f339cc2f15cf9085e19633b2f2e42aa47e4ebf879c45770091eb67b84673cfe6,0110000101100101100001101000011000000110100001101110001011101000,sha:f339cc2f15cf9085e19633b2f2e42aa47e4ebf879c45770091eb67b84673cfe6,train
data/raw/malignant/983.jpg,malignant\983.jpg,983.jpg,malignant,1,66de62ec68f1e76493d4ddd296b431ab931c855366f19b6b80be73d51cd638e6,1101110010001100100011001000110010011100100111001001100011000000,sha:66de62ec68f1e76493d4ddd296b431ab931c855366f19b6b80be73d51cd638e6,train
data/raw/malignant/984.jpg,malignant\984.jpg,984.jpg,malignant,1,3ba269a1c88f163d5b01c56048415540087ed372bdbaa64acfe765d87482a187,1111110110111111100111111001111111111111011001111111000011110000,sha:3ba269a1c88f163d5b01c56048415540087ed372bdbaa64acfe765d87482a187,train
data/raw/malignant/987.jpg,malignant\987.jpg,987.jpg,malignant,1,eacadf3230691d839acd3387eb59747f10f91de822c2f8ae9e50f6d07e7a2a23,1110110010001110100011101000011010000110100011101000111011001110,sha:eacadf3230691d839acd3387eb59747f10f91de822c2f8ae9e50f6d07e7a2a23,train
